period_str,year,month,province_code,province_name_th,province_name_en,region,thai_tourists,foreign_tourists,total_tourists,thai_revenue,foreign_revenue,total_revenue,occupancy_rate,total_rooms,occupied_rooms,revenue_per_tourist,tourists_yoy_growth,revenue_yoy_growth
2019-01,2019,1,10,กรุงเทพมหานคร,Bangkok,ภาคกลาง,1982261,1486328,3468589,10481.31,14471.52,24952.83,96.5,138644,133791,7193.94,0.0,0.0
2019-02,2019,2,10,กรุงเทพมหานคร,Bangkok,ภาคกลาง,1933518,1478908,3412426,10151.97,15222.18,25374.15,91.2,137611,125501,7435.81,0.0,0.0
2019-03,2019,3,10,กรุงเทพมหานคร,Bangkok,ภาคกลาง,1671893,1404614,3076507,9033.58,13695.12,22728.7,84.2,141940,119513,7387.83,0.0,0.0
2019-04,2019,4,10,กรุงเทพมหานคร,Bangkok,ภาคกลาง,1718302,1504561,3222863,9201.98,14917.54,24119.51,92.9,137936,128142,7483.88,0.0,0.0
2019-05,2019,5,10,กรุงเทพมหานคร,Bangkok,ภาคกลาง,1409757,1145006,2554763,7389.49,11400.78,18790.27,67.2,138128,92822,7355.0,0.0,0.0
2019-06,2019,6,10,กรุงเทพมหานคร,Bangkok,ภาคกลาง,1273391,992586,2265977,6957.65,9625.54,16583.19,64.8,140318,90926,7318.34,0.0,0.0
2019-07,2019,7,10,กรุงเทพมหานคร,Bangkok,ภาคกลาง,1474724,1243932,2718656,7625.99,12767.46,20393.45,72.7,140999,102506,7501.3,0.0,0.0
2019-08,2019,8,10,กรุงเทพมหานคร,Bangkok,ภาคกลาง,1535040,1271036,2806076,7821.12,12623.26,20444.38,74.8,139327,104216,7285.75,0.0,0.0
2019-09,2019,9,10,กรุงเทพมหานคร,Bangkok,ภาคกลาง,1225568,1052055,2277623,6557.08,10141.41,16698.49,62.9,141022,88702,7331.54,0.0,0.0
2019-10,2019,10,10,กรุงเทพมหานคร,Bangkok,ภาคกลาง,1407369,1098147,2505516,7419.75,10627.78,18047.53,68.6,137546,94356,7203.12,0.0,0.0
2019-11,2019,11,10,กรุงเทพมหานคร,Bangkok,ภาคกลาง,1811734,1371702,3183436,9203.59,13185.35,22388.93,86.6,137959,119472,7032.94,0.0,0.0
2019-12,2019,12,10,กรุงเทพมหานคร,Bangkok,ภาคกลาง,2108472,1595673,3704145,10892.26,15989.69,26881.95,96.5,141779,136816,7257.26,0.0,0.0
2020-01,2020,1,10,กรุงเทพมหานคร,Bangkok,ภาคกลาง,1237661,161610,1399271,5687.76,1379.91,7067.67,41.6,142626,59332,5050.97,-59.66,-71.68
2020-02,2020,2,10,กรุงเทพมหานคร,Bangkok,ภาคกลาง,1095899,132586,1228485,4763.28,1111.45,5874.73,39.9,139860,55804,4782.09,-64.0,-76.85
2020-03,2020,3,10,กรุงเทพมหานคร,Bangkok,ภาคกลาง,1027953,130841,1158794,4443.22,1083.68,5526.9,33.9,142212,48209,4769.53,-62.33,-75.68
2020-04,2020,4,10,กรุงเทพมหานคร,Bangkok,ภาคกลาง,1086464,136497,1222961,4762.22,1142.7,5904.92,37.1,138301,51309,4828.38,-62.05,-75.52
2020-05,2020,5,10,กรุงเทพมหานคร,Bangkok,ภาคกลาง,864861,112687,977548,3872.59,977.37,4849.96,28.4,141098,40071,4961.35,-61.74,-74.19
2020-06,2020,6,10,กรุงเทพมหานคร,Bangkok,ภาคกลาง,801314,99735,901049,3692.26,816.95,4509.21,26.7,140889,37617,5004.4,-60.24,-72.81
2020-07,2020,7,10,กรุงเทพมหานคร,Bangkok,ภาคกลาง,849417,110050,959467,3867.04,942.69,4809.73,30.3,142323,43123,5012.92,-64.71,-76.42
2020-08,2020,8,10,กรุงเทพมหานคร,Bangkok,ภาคกลาง,916798,120157,1036955,3999.23,1000.69,4999.92,30.4,139725,42476,4821.73,-63.05,-75.54
2020-09,2020,9,10,กรุงเทพมหานคร,Bangkok,ภาคกลาง,776946,94351,871297,3437.05,790.38,4227.43,25.7,139762,35918,4851.88,-61.75,-74.68
2020-10,2020,10,10,กรุงเทพมหานคร,Bangkok,ภาคกลาง,844782,107389,952171,3791.68,884.38,4676.05,28.4,141357,40145,4910.94,-62.0,-74.09
2020-11,2020,11,10,กรุงเทพมหานคร,Bangkok,ภาคกลาง,1049365,135220,1184585,4811.4,1181.48,5992.87,35.9,139060,49922,5059.05,-62.79,-73.23
2020-12,2020,12,10,กรุงเทพมหานคร,Bangkok,ภาคกลาง,1195249,155347,1350596,5430.84,1342.61,6773.45,43.8,140362,61478,5015.16,-63.54,-74.8
2021-01,2021,1,10,กรุงเทพมหานคร,Bangkok,ภาคกลาง,907807,44335,952142,3865.37,343.7,4209.07,28.7,141885,40720,4420.63,-31.95,-40.45
2021-02,2021,2,10,กรุงเทพมหานคร,Bangkok,ภาคกลาง,838847,38904,877751,3501.03,301.64,3802.67,27.4,137694,37728,4332.29,-28.55,-35.27
2021-03,2021,3,10,กรุงเทพมหานคร,Bangkok,ภาคกลาง,736623,33101,769724,3052.26,255.75,3308.01,24.4,140971,34396,4297.66,-33.58,-40.15
2021-04,2021,4,10,กรุงเทพมหานคร,Bangkok,ภาคกลาง,757709,33865,791574,3235.09,279.25,3514.34,26.9,139834,37615,4439.69,-35.27,-40.48
2021-05,2021,5,10,กรุงเทพมหานคร,Bangkok,ภาคกลาง,598410,27598,626008,2600.56,215.62,2816.18,21.0,140950,29599,4498.63,-35.96,-41.93
2021-06,2021,6,10,กรุงเทพมหานคร,Bangkok,ภาคกลาง,578652,27501,606153,2515.11,226.75,2741.86,19.2,139280,26741,4523.38,-32.73,-39.19
2021-07,2021,7,10,กรุงเทพมหานคร,Bangkok,ภาคกลาง,634546,30761,665307,2683.41,248.8,2932.21,21.1,142386,30043,4407.3,-30.66,-39.04
2021-08,2021,8,10,กรุงเทพมหานคร,Bangkok,ภาคกลาง,685662,31500,717162,2837.92,255.97,3093.88,21.7,140095,30400,4314.06,-30.84,-38.12
2021-09,2021,9,10,กรุงเทพมหานคร,Bangkok,ภาคกลาง,547954,25954,573908,2392.08,199.02,2591.1,17.9,141987,25415,4514.84,-34.13,-38.71
2021-10,2021,10,10,กรุงเทพมหานคร,Bangkok,ภาคกลาง,565236,27062,592298,2467.39,220.8,2688.19,20.9,138780,29005,4538.58,-37.79,-42.51
2021-11,2021,11,10,กรุงเทพมหานคร,Bangkok,ภาคกลาง,779138,35163,814301,3288.73,276.72,3565.45,26.9,137626,37021,4378.54,-31.26,-40.51
2021-12,2021,12,10,กรุงเทพมหานคร,Bangkok,ภาคกลาง,955565,47075,1002640,3942.07,380.97,4323.04,30.8,137400,42319,4311.66,-25.76,-36.18
2022-01,2022,1,10,กรุงเทพมหานคร,Bangkok,ภาคกลาง,1687664,444639,2132303,8760.35,4254.21,13014.56,67.3,140655,94660,6103.52,123.95,209.2
2022-02,2022,2,10,กรุงเทพมหานคร,Bangkok,ภาคกลาง,1592195,414453,2006648,7824.55,3898.3,11722.85,63.8,142559,90952,5842.01,128.61,208.28
2022-03,2022,3,10,กรุงเทพมหานคร,Bangkok,ภาคกลาง,1392306,407931,1800237,7109.76,3961.79,11071.55,56.2,139787,78560,6150.05,133.88,234.69
2022-04,2022,4,10,กรุงเทพมหานคร,Bangkok,ภาคกลาง,1529525,445458,1974983,7954.93,4176.48,12131.41,59.8,141219,84448,6142.54,149.5,245.2
2022-05,2022,5,10,กรุงเทพมหานคร,Bangkok,ภาคกลาง,1245386,333179,1578565,6131.17,3051.16,9182.33,47.0,139115,65384,5816.88,152.16,226.06
2022-06,2022,6,10,กรุงเทพมหานคร,Bangkok,ภาคกลาง,1096053,303738,1399791,5540.22,2897.67,8437.89,44.3,137661,60983,6027.96,130.93,207.74
2022-07,2022,7,10,กรุงเทพมหานคร,Bangkok,ภาคกลาง,1262694,352738,1615432,6398.13,3249.33,9647.46,49.9,139204,69462,5972.06,142.81,229.02
2022-08,2022,8,10,กรุงเทพมหานคร,Bangkok,ภาคกลาง,1214100,346631,1560731,5988.53,3296.92,9285.45,51.4,141581,72772,5949.42,117.63,200.12
2022-09,2022,9,10,กรุงเทพมหานคร,Bangkok,ภาคกลาง,1013044,280456,1293500,4906.41,2589.64,7496.05,41.3,138735,57297,5795.17,125.38,189.3
2022-10,2022,10,10,กรุงเทพมหานคร,Bangkok,ภาคกลาง,1219873,323617,1543490,6103.98,2997.58,9101.56,45.8,140115,64172,5896.74,160.59,238.58
2022-11,2022,11,10,กรุงเทพมหานคร,Bangkok,ภาคกลาง,1513856,393305,1907161,7378.91,3814.91,11193.81,61.3,139880,85746,5869.36,134.21,213.95
2022-12,2022,12,10,กรุงเทพมหานคร,Bangkok,ภาคกลาง,1774916,465461,2240377,8923.09,4370.67,13293.76,69.2,137349,95045,5933.72,123.45,207.51
2023-01,2023,1,10,กรุงเทพมหานคร,Bangkok,ภาคกลาง,2011564,1131195,3142759,11131.3,12363.39,23494.68,86.8,140873,122277,7475.81,47.39,80.53
2023-02,2023,2,10,กรุงเทพมหานคร,Bangkok,ภาคกลาง,1766169,1102262,2868431,10187.35,11660.53,21847.88,84.7,139385,118059,7616.67,42.95,86.37
2023-03,2023,3,10,กรุงเทพมหานคร,Bangkok,ภาคกลาง,1610855,947149,2558004,8884.65,10515.9,19400.55,72.1,142590,102807,7584.25,42.09,75.23
2023-04,2023,4,10,กรุงเทพมหานคร,Bangkok,ภาคกลาง,1691172,1047242,2738414,9987.89,11002.7,20990.59,80.8,137239,110889,7665.24,38.66,73.03
2023-05,2023,5,10,กรุงเทพมหานคร,Bangkok,ภาคกลาง,1284120,801236,2085356,7570.77,8279.37,15850.14,60.4,138895,83892,7600.69,32.1,72.62
2023-06,2023,6,10,กรุงเทพมหานคร,Bangkok,ภาคกลาง,1209575,697757,1907332,6822.5,7665.22,14487.72,57.6,138375,79704,7595.8,36.26,71.7
2023-07,2023,7,10,กรุงเทพมหานคร,Bangkok,ภาคกลาง,1483480,913272,2396752,8233.29,9963.38,18196.67,65.3,139146,90862,7592.22,48.37,88.62
2023-08,2023,8,10,กรุงเทพมหานคร,Bangkok,ภาคกลาง,1453312,893323,2346635,8096.6,9839.74,17936.34,66.8,141992,94850,7643.43,50.35,93.17
2023-09,2023,9,10,กรุงเทพมหานคร,Bangkok,ภาคกลาง,1234365,678147,1912512,6837.44,7552.32,14389.75,55.4,141847,78583,7524.01,47.86,91.96
2023-10,2023,10,10,กรุงเทพมหานคร,Bangkok,ภาคกลาง,1363328,777993,2141321,7523.05,8272.23,15795.28,61.0,140568,85746,7376.42,38.73,73.54
2023-11,2023,11,10,กรุงเทพมหานคร,Bangkok,ภาคกลาง,1734959,1034029,2768988,9707.74,10992.86,20700.61,79.7,137582,109652,7475.88,45.19,84.93
2023-12,2023,12,10,กรุงเทพมหานคร,Bangkok,ภาคกลาง,2198397,1211364,3409761,12420.35,12671.11,25091.47,93.8,140626,131907,7358.72,52.2,88.75
2024-01,2024,1,10,กรุงเทพมหานคร,Bangkok,ภาคกลาง,2044767,1774411,3819178,12746.88,21335.73,34082.61,96.5,137640,132822,8924.07,21.52,45.07
2024-02,2024,2,10,กรุงเทพมหานคร,Bangkok,ภาคกลาง,1844178,1703055,3547233,11076.98,19816.36,30893.35,90.0,140694,126624,8709.14,23.66,41.4
2024-03,2024,3,10,กรุงเทพมหานคร,Bangkok,ภาคกลาง,1638736,1336414,2975150,10591.81,15499.47,26091.28,81.1,140681,114092,8769.74,16.31,34.49
2024-04,2024,4,10,กรุงเทพมหานคร,Bangkok,ภาคกลาง,1910960,1556157,3467117,12009.36,18902.63,30912.0,91.0,139097,126578,8915.76,26.61,47.27
2024-05,2024,5,10,กรุงเทพมหานคร,Bangkok,ภาคกลาง,1373986,1219074,2593060,8435.57,14581.29,23016.87,68.7,139676,95957,8876.34,24.35,45.22
2024-06,2024,6,10,กรุงเทพมหานคร,Bangkok,ภาคกลาง,1311338,1118261,2429599,8252.13,12770.74,21022.87,63.7,141843,90353,8652.81,27.38,45.11
2024-07,2024,7,10,กรุงเทพมหานคร,Bangkok,ภาคกลาง,1403067,1310183,2713250,8436.46,14783.02,23219.48,68.7,141052,96902,8557.81,13.21,27.6
2024-08,2024,8,10,กรุงเทพมหานคร,Bangkok,ภาคกลาง,1601208,1286646,2887854,9977.84,14491.97,24469.81,71.3,142600,101673,8473.35,23.06,36.43
2024-09,2024,9,10,กรุงเทพมหานคร,Bangkok,ภาคกลาง,1267001,1162135,2429136,7778.75,13365.97,21144.72,60.7,139875,84904,8704.63,27.01,46.94
2024-10,2024,10,10,กรุงเทพมหานคร,Bangkok,ภาคกลาง,1340082,1150666,2490748,8132.09,13014.63,21146.72,65.5,141656,92784,8490.11,16.32,33.88
2024-11,2024,11,10,กรุงเทพมหานคร,Bangkok,ภาคกลาง,1756414,1506957,3263371,11240.94,17576.97,28817.91,84.3,137505,115916,8830.72,17.85,39.21
2024-12,2024,12,10,กรุงเทพมหานคร,Bangkok,ภาคกลาง,1989280,1693417,3682697,11920.39,20107.33,32027.72,96.5,137629,132811,8696.81,8.0,27.64
2019-01,2019,1,11,สมุทรปราการ,Samut Prakan,ภาคกลาง,123392,8157,131549,220.71,28.47,249.18,66.2,5449,3607,1894.2,0.0,0.0
2019-02,2019,2,11,สมุทรปราการ,Samut Prakan,ภาคกลาง,117162,7494,124656,214.64,24.85,239.49,63.5,5444,3456,1921.21,0.0,0.0
2019-03,2019,3,11,สมุทรปราการ,Samut Prakan,ภาคกลาง,114208,7098,121306,203.22,24.34,227.55,57.9,5550,3213,1875.83,0.0,0.0
2019-04,2019,4,11,สมุทรปราการ,Samut Prakan,ภาคกลาง,115774,7306,123080,205.19,24.39,229.58,63.6,5547,3527,1865.29,0.0,0.0
2019-05,2019,5,11,สมุทรปราการ,Samut Prakan,ภาคกลาง,90565,5602,96167,166.1,18.15,184.25,48.9,5564,2720,1915.94,0.0,0.0
2019-06,2019,6,11,สมุทรปราการ,Samut Prakan,ภาคกลาง,83969,5319,89288,152.24,17.93,170.17,44.8,5427,2431,1905.86,0.0,0.0
2019-07,2019,7,11,สมุทรปราการ,Samut Prakan,ภาคกลาง,92839,6145,98984,170.82,21.39,192.21,50.4,5451,2747,1941.83,0.0,0.0
2019-08,2019,8,11,สมุทรปราการ,Samut Prakan,ภาคกลาง,99564,6279,105843,171.96,20.66,192.62,50.7,5411,2743,1819.87,0.0,0.0
2019-09,2019,9,11,สมุทรปราการ,Samut Prakan,ภาคกลาง,79022,5044,84066,141.17,17.15,158.32,41.2,5458,2248,1883.28,0.0,0.0
2019-10,2019,10,11,สมุทรปราการ,Samut Prakan,ภาคกลาง,89961,5510,95471,154.83,17.83,172.66,47.4,5415,2566,1808.51,0.0,0.0
2019-11,2019,11,11,สมุทรปราการ,Samut Prakan,ภาคกลาง,112556,7096,119652,202.69,24.69,227.37,61.7,5546,3421,1900.26,0.0,0.0
2019-12,2019,12,11,สมุทรปราการ,Samut Prakan,ภาคกลาง,144331,9214,153545,262.86,30.85,293.7,69.7,5510,3840,1912.79,0.0,0.0
2020-01,2020,1,11,สมุทรปราการ,Samut Prakan,ภาคกลาง,52753,838,53591,77.59,2.4,79.98,28.4,5417,1538,1492.41,-59.26,-67.9
2020-02,2020,2,11,สมุทรปราการ,Samut Prakan,ภาคกลาง,47500,742,48242,70.97,2.12,73.09,27.3,5580,1523,1515.07,-61.3,-69.48
2020-03,2020,3,11,สมุทรปราการ,Samut Prakan,ภาคกลาง,44213,656,44869,68.11,1.81,69.91,23.9,5478,1309,1558.09,-63.01,-69.28
2020-04,2020,4,11,สมุทรปราการ,Samut Prakan,ภาคกลาง,44843,661,45504,68.73,1.81,70.54,25.8,5604,1445,1550.19,-63.03,-69.27
2020-05,2020,5,11,สมุทรปราการ,Samut Prakan,ภาคกลาง,34957,529,35486,54.42,1.46,55.88,19.5,5588,1089,1574.71,-63.1,-69.67
2020-06,2020,6,11,สมุทรปราการ,Samut Prakan,ภาคกลาง,34033,516,34549,52.6,1.47,54.07,18.1,5536,1002,1565.02,-61.31,-68.23
2020-07,2020,7,11,สมุทรปราการ,Samut Prakan,ภาคกลาง,37833,573,38406,56.52,1.6,58.12,20.3,5529,1122,1513.31,-61.2,-69.76
2020-08,2020,8,11,สมุทรปราการ,Samut Prakan,ภาคกลาง,38418,588,39006,59.97,1.64,61.6,21.2,5439,1153,1579.24,-63.15,-68.02
2020-09,2020,9,11,สมุทรปราการ,Samut Prakan,ภาคกลาง,32205,472,32677,47.86,1.35,49.21,17.4,5404,940,1505.95,-61.13,-68.92
2020-10,2020,10,11,สมุทรปราการ,Samut Prakan,ภาคกลาง,34225,514,34739,53.84,1.45,55.29,19.4,5556,1077,1591.58,-63.61,-67.98
2020-11,2020,11,11,สมุทรปราการ,Samut Prakan,ภาคกลาง,45964,686,46650,71.56,1.99,73.55,25.8,5607,1446,1576.63,-61.01,-67.65
2020-12,2020,12,11,สมุทรปราการ,Samut Prakan,ภาคกลาง,56674,891,57565,88.39,2.47,90.85,29.8,5445,1622,1578.22,-62.51,-69.07
2021-01,2021,1,11,สมุทรปราการ,Samut Prakan,ภาคกลาง,34156,197,34353,49.07,0.53,49.6,20.7,5604,1160,1443.83,-35.9,-37.98
2021-02,2021,2,11,สมุทรปราการ,Samut Prakan,ภาคกลาง,34867,217,35084,48.06,0.57,48.63,19.4,5436,1054,1386.1,-27.27,-33.47
2021-03,2021,3,11,สมุทรปราการ,Samut Prakan,ภาคกลาง,28120,174,28294,39.55,0.46,40.0,17.0,5437,924,1413.73,-36.94,-42.78
2021-04,2021,4,11,สมุทรปราการ,Samut Prakan,ภาคกลาง,31780,188,31968,46.77,0.51,47.28,18.3,5574,1020,1478.98,-29.75,-32.97
2021-05,2021,5,11,สมุทรปราการ,Samut Prakan,ภาคกลาง,25918,152,26070,36.89,0.41,37.31,15.0,5458,818,1431.15,-26.53,-33.23
2021-06,2021,6,11,สมุทรปราการ,Samut Prakan,ภาคกลาง,22748,132,22880,31.53,0.34,31.87,15.0,5442,816,1392.92,-33.78,-41.06
2021-07,2021,7,11,สมุทรปราการ,Samut Prakan,ภาคกลาง,26017,154,26171,37.67,0.42,38.09,15.0,5574,836,1455.43,-31.86,-34.46
2021-08,2021,8,11,สมุทรปราการ,Samut Prakan,ภาคกลาง,26020,161,26181,38.42,0.44,38.85,15.7,5429,852,1483.9,-32.88,-36.93
2021-09,2021,9,11,สมุทรปราการ,Samut Prakan,ภาคกลาง,20840,130,20970,30.37,0.34,30.71,15.0,5552,832,1464.47,-35.83,-37.59
2021-10,2021,10,11,สมุทรปราการ,Samut Prakan,ภาคกลาง,24670,148,24818,34.26,0.4,34.66,15.0,5590,838,1396.57,-28.56,-37.31
2021-11,2021,11,11,สมุทรปราการ,Samut Prakan,ภาคกลาง,31255,194,31449,43.88,0.53,44.41,18.5,5498,1017,1412.13,-32.59,-39.62
2021-12,2021,12,11,สมุทรปราการ,Samut Prakan,ภาคกลาง,39010,243,39253,55.05,0.66,55.71,20.8,5555,1155,1419.25,-31.81,-38.68
2022-01,2022,1,11,สมุทรปราการ,Samut Prakan,ภาคกลาง,83428,2369,85797,142.63,7.7,150.33,46.3,5587,2586,1752.16,149.75,203.08
2022-02,2022,2,11,สมุทรปราการ,Samut Prakan,ภาคกลาง,79858,2462,82320,138.36,7.83,146.19,44.2,5546,2451,1775.87,134.64,200.62
2022-03,2022,3,11,สมุทรปราการ,Samut Prakan,ภาคกลาง,66957,1945,68902,113.12,6.34,119.47,39.4,5422,2136,1733.91,143.52,198.68
2022-04,2022,4,11,สมุทรปราการ,Samut Prakan,ภาคกลาง,76912,2280,79192,126.56,7.55,134.11,43.2,5542,2394,1693.48,147.72,183.65
2022-05,2022,5,11,สมุทรปราการ,Samut Prakan,ภาคกลาง,58844,1664,60508,98.73,5.32,104.05,32.4,5482,1776,1719.61,132.1,178.88
2022-06,2022,6,11,สมุทรปราการ,Samut Prakan,ภาคกลาง,53383,1572,54955,88.15,4.92,93.08,29.5,5470,1613,1693.75,140.19,192.06
2022-07,2022,7,11,สมุทรปราการ,Samut Prakan,ภาคกลาง,63168,1844,65012,103.12,6.01,109.13,33.9,5603,1899,1678.61,148.41,186.51
2022-08,2022,8,11,สมุทรปราการ,Samut Prakan,ภาคกลาง,66226,1937,68163,113.22,6.27,119.5,34.9,5585,1949,1753.15,160.35,207.59
2022-09,2022,9,11,สมุทรปราการ,Samut Prakan,ภาคกลาง,51659,1607,53266,86.71,4.98,91.68,29.4,5582,1641,1721.17,154.01,198.53
2022-10,2022,10,11,สมุทรปราการ,Samut Prakan,ภาคกลาง,57298,1669,58967,99.25,5.19,104.44,31.4,5501,1727,1771.16,137.6,201.33
2022-11,2022,11,11,สมุทรปราการ,Samut Prakan,ภาคกลาง,72711,2209,74920,122.02,7.26,129.29,40.9,5485,2243,1725.71,138.23,191.13
2022-12,2022,12,11,สมุทรปราการ,Samut Prakan,ภาคกลาง,89860,2533,92393,148.99,8.39,157.38,48.9,5485,2682,1703.38,135.38,182.5
2023-01,2023,1,11,สมุทรปราการ,Samut Prakan,ภาคกลาง,119399,6368,125767,227.58,23.52,251.1,58.7,5437,3191,1996.55,46.59,67.03
2023-02,2023,2,11,สมุทรปราการ,Samut Prakan,ภาคกลาง,111066,5623,116689,215.38,20.02,235.41,58.3,5489,3200,2017.41,41.75,61.03
2023-03,2023,3,11,สมุทรปราการ,Samut Prakan,ภาคกลาง,102113,5104,107217,195.61,18.0,213.61,49.1,5534,2717,1992.31,55.61,78.8
2023-04,2023,4,11,สมุทรปราการ,Samut Prakan,ภาคกลาง,100108,4988,105096,197.12,17.65,214.77,54.3,5603,3042,2043.56,32.71,60.14
2023-05,2023,5,11,สมุทรปราการ,Samut Prakan,ภาคกลาง,80955,4136,85091,161.99,15.21,177.2,42.6,5548,2363,2082.48,40.63,70.3
2023-06,2023,6,11,สมุทรปราการ,Samut Prakan,ภาคกลาง,74549,4031,78580,148.34,14.71,163.04,40.4,5597,2261,2074.83,42.99,75.16
2023-07,2023,7,11,สมุทรปราการ,Samut Prakan,ภาคกลาง,84937,4445,89382,166.71,16.27,182.98,44.6,5405,2410,2047.17,37.49,67.67
2023-08,2023,8,11,สมุทรปราการ,Samut Prakan,ภาคกลาง,86284,4668,90952,162.45,17.49,179.94,45.0,5429,2443,1978.41,33.43,50.58
2023-09,2023,9,11,สมุทรปราการ,Samut Prakan,ภาคกลาง,76077,3907,79984,152.03,14.6,166.63,36.8,5495,2022,2083.29,50.16,81.75
2023-10,2023,10,11,สมุทรปราการ,Samut Prakan,ภาคกลาง,77995,3896,81891,153.71,14.24,167.95,40.9,5395,2206,2050.9,38.88,60.81
2023-11,2023,11,11,สมุทรปราการ,Samut Prakan,ภาคกลาง,100603,4954,105557,191.67,17.28,208.95,52.8,5449,2877,1979.5,40.89,61.61
2023-12,2023,12,11,สมุทรปราการ,Samut Prakan,ภาคกลาง,121634,6354,127988,234.07,22.31,256.38,65.3,5409,3532,2003.16,38.53,62.91
2024-01,2024,1,11,สมุทรปราการ,Samut Prakan,ภาคกลาง,138085,9239,147324,295.4,36.95,332.35,67.8,5562,3771,2255.91,17.14,32.36
2024-02,2024,2,11,สมุทรปราการ,Samut Prakan,ภาคกลาง,124531,7977,132508,252.48,31.1,283.59,63.4,5446,3452,2140.17,13.56,20.47
2024-03,2024,3,11,สมุทรปราการ,Samut Prakan,ภาคกลาง,114268,7736,122004,242.39,31.79,274.18,54.1,5498,2974,2247.3,13.79,28.36
2024-04,2024,4,11,สมุทรปราการ,Samut Prakan,ภาคกลาง,133146,8526,141672,269.97,32.56,302.53,60.7,5408,3282,2135.43,34.8,40.86
2024-05,2024,5,11,สมุทรปราการ,Samut Prakan,ภาคกลาง,94892,6203,101095,204.22,25.51,229.73,45.2,5600,2531,2272.42,18.81,29.64
2024-06,2024,6,11,สมุทรปราการ,Samut Prakan,ภาคกลาง,93550,6361,99911,190.06,25.6,215.65,42.4,5568,2360,2158.42,27.15,32.27
2024-07,2024,7,11,สมุทรปราการ,Samut Prakan,ภาคกลาง,100635,6966,107601,207.25,27.62,234.87,49.6,5454,2705,2182.79,20.38,28.36
2024-08,2024,8,11,สมุทรปราการ,Samut Prakan,ภาคกลาง,108657,7347,116004,225.66,28.11,253.77,49.9,5495,2742,2187.6,27.54,41.03
2024-09,2024,9,11,สมุทรปราการ,Samut Prakan,ภาคกลาง,81184,5196,86380,168.65,21.01,189.66,41.3,5558,2295,2195.65,8.0,13.82
2024-10,2024,10,11,สมุทรปราการ,Samut Prakan,ภาคกลาง,90529,5926,96455,191.55,22.68,214.23,45.8,5580,2555,2221.04,17.78,27.56
2024-11,2024,11,11,สมุทรปราการ,Samut Prakan,ภาคกลาง,121361,7695,129056,260.95,30.97,291.91,60.5,5553,3359,2261.89,22.26,39.7
2024-12,2024,12,11,สมุทรปราการ,Samut Prakan,ภาคกลาง,145336,10081,155417,308.66,40.15,348.8,69.2,5394,3732,2244.28,21.43,36.05
2019-01,2019,1,12,นนทบุรี,Nonthaburi,ภาคกลาง,121458,8095,129553,218.13,26.37,244.5,66.6,5511,3670,1887.26,0.0,0.0
2019-02,2019,2,12,นนทบุรี,Nonthaburi,ภาคกลาง,123564,8060,131624,214.7,26.36,241.06,61.9,5552,3436,1831.43,0.0,0.0
2019-03,2019,3,12,นนทบุรี,Nonthaburi,ภาคกลาง,112060,7271,119331,200.75,23.8,224.55,58.3,5596,3262,1881.74,0.0,0.0
2019-04,2019,4,12,นนทบุรี,Nonthaburi,ภาคกลาง,120597,7541,128138,223.1,25.99,249.1,63.3,5390,3411,1944.0,0.0,0.0
2019-05,2019,5,12,นนทบุรี,Nonthaburi,ภาคกลาง,95011,5898,100909,165.48,20.55,186.03,48.8,5608,2736,1843.54,0.0,0.0
2019-06,2019,6,12,นนทบุรี,Nonthaburi,ภาคกลาง,84837,5364,90201,153.03,18.56,171.58,44.4,5415,2404,1902.2,0.0,0.0
2019-07,2019,7,12,นนทบุรี,Nonthaburi,ภาคกลาง,92361,6186,98547,167.71,19.97,187.68,50.3,5526,2779,1904.47,0.0,0.0
2019-08,2019,8,12,นนทบุรี,Nonthaburi,ภาคกลาง,94128,6320,100448,168.45,21.14,189.59,52.4,5609,2939,1887.44,0.0,0.0
2019-09,2019,9,12,นนทบุรี,Nonthaburi,ภาคกลาง,83386,5527,88913,154.23,18.03,172.26,41.7,5535,2308,1937.4,0.0,0.0
2019-10,2019,10,12,นนทบุรี,Nonthaburi,ภาคกลาง,84104,5332,89436,147.27,18.41,165.68,46.2,5398,2493,1852.5,0.0,0.0
2019-11,2019,11,12,นนทบุรี,Nonthaburi,ภาคกลาง,110257,7214,117471,199.0,23.8,222.8,59.9,5609,3359,1896.64,0.0,0.0
2019-12,2019,12,12,นนทบุรี,Nonthaburi,ภาคกลาง,137605,8400,146005,252.57,28.04,280.61,72.8,5411,3939,1921.92,0.0,0.0
2020-01,2020,1,12,นนทบุรี,Nonthaburi,ภาคกลาง,52038,791,52829,75.86,2.28,78.14,27.8,5498,1528,1479.11,-59.22,-68.04
2020-02,2020,2,12,นนทบุรี,Nonthaburi,ภาคกลาง,49627,721,50348,76.88,2.07,78.95,26.2,5440,1425,1568.09,-61.75,-67.25
2020-03,2020,3,12,นนทบุรี,Nonthaburi,ภาคกลาง,42542,629,43171,66.98,1.82,68.8,23.4,5521,1291,1593.66,-63.82,-69.36
2020-04,2020,4,12,นนทบุรี,Nonthaburi,ภาคกลาง,45620,683,46303,66.5,1.93,68.42,26.6,5397,1435,1477.66,-63.86,-72.53
2020-05,2020,5,12,นนทบุรี,Nonthaburi,ภาคกลาง,37818,573,38391,57.93,1.67,59.6,20.3,5484,1113,1552.45,-61.95,-67.96
2020-06,2020,6,12,นนทบุรี,Nonthaburi,ภาคกลาง,35390,514,35904,54.63,1.43,56.05,18.5,5478,1013,1561.11,-60.2,-67.33
2020-07,2020,7,12,นนทบุรี,Nonthaburi,ภาคกลาง,36747,548,37295,54.98,1.6,56.58,20.5,5427,1112,1517.09,-62.16,-69.85
2020-08,2020,8,12,นนทบุรี,Nonthaburi,ภาคกลาง,39024,594,39618,58.13,1.66,59.79,21.1,5548,1170,1509.16,-60.56,-68.46
2020-09,2020,9,12,นนทบุรี,Nonthaburi,ภาคกลาง,33131,500,33631,51.18,1.44,52.63,17.9,5493,983,1564.93,-62.18,-69.45
2020-10,2020,10,12,นนทบุรี,Nonthaburi,ภาคกลาง,36487,542,37029,57.11,1.56,58.66,19.5,5597,1091,1584.16,-58.6,-64.59
2020-11,2020,11,12,นนทบุรี,Nonthaburi,ภาคกลาง,44830,708,45538,67.27,2.07,69.33,25.8,5412,1396,1522.46,-61.23,-68.88
2020-12,2020,12,12,นนทบุรี,Nonthaburi,ภาคกลาง,56766,858,57624,84.5,2.51,87.01,29.0,5499,1594,1509.96,-60.53,-68.99
2021-01,2021,1,12,นนทบุรี,Nonthaburi,ภาคกลาง,35287,203,35490,50.65,0.56,51.21,20.2,5458,1102,1442.94,-32.82,-34.46
2021-02,2021,2,12,นนทบุรี,Nonthaburi,ภาคกลาง,33125,191,33316,48.41,0.5,48.91,19.5,5435,1059,1468.06,-33.83,-38.05
2021-03,2021,3,12,นนทบุรี,Nonthaburi,ภาคกลาง,31235,180,31415,45.85,0.48,46.33,17.1,5454,932,1474.77,-27.23,-32.66
2021-04,2021,4,12,นนทบุรี,Nonthaburi,ภาคกลาง,31213,183,31396,43.29,0.47,43.77,19.1,5491,1048,1394.13,-32.19,-36.03
2021-05,2021,5,12,นนทบุรี,Nonthaburi,ภาคกลาง,25441,159,25600,35.07,0.42,35.49,15.0,5466,819,1386.33,-33.32,-40.45
2021-06,2021,6,12,นนทบุรี,Nonthaburi,ภาคกลาง,22764,143,22907,33.78,0.39,34.16,15.0,5490,823,1491.25,-36.2,-39.05
2021-07,2021,7,12,นนทบุรี,Nonthaburi,ภาคกลาง,25499,149,25648,37.08,0.4,37.48,15.3,5568,851,1461.32,-31.23,-33.76
2021-08,2021,8,12,นนทบุรี,Nonthaburi,ภาคกลาง,27977,171,28148,41.01,0.47,41.48,15.5,5492,851,1473.64,-28.95,-30.62
2021-09,2021,9,12,นนทบุรี,Nonthaburi,ภาคกลาง,21918,126,22044,30.23,0.35,30.57,15.0,5401,810,1386.77,-34.45,-41.92
2021-10,2021,10,12,นนทบุรี,Nonthaburi,ภาคกลาง,24304,143,24447,35.22,0.37,35.59,15.0,5590,838,1455.8,-33.98,-39.33
2021-11,2021,11,12,นนทบุรี,Nonthaburi,ภาคกลาง,31824,201,32025,44.93,0.56,45.49,17.8,5461,972,1420.45,-29.67,-34.39
2021-12,2021,12,12,นนทบุรี,Nonthaburi,ภาคกลาง,38536,242,38778,56.48,0.66,57.14,21.7,5528,1199,1473.52,-32.71,-34.33
2022-01,2022,1,12,นนทบุรี,Nonthaburi,ภาคกลาง,85544,2610,88154,150.75,8.62,159.36,46.1,5413,2495,1807.75,148.39,211.19
2022-02,2022,2,12,นนทบุรี,Nonthaburi,ภาคกลาง,78202,2349,80551,129.99,7.62,137.61,44.1,5599,2469,1708.36,141.78,181.35
2022-03,2022,3,12,นนทบุรี,Nonthaburi,ภาคกลาง,69587,2094,71681,121.68,6.69,128.37,39.7,5415,2149,1790.85,128.17,177.08
2022-04,2022,4,12,นนทบุรี,Nonthaburi,ภาคกลาง,73880,2281,76161,128.43,7.24,135.67,41.9,5577,2336,1781.36,142.58,209.96
2022-05,2022,5,12,นนทบุรี,Nonthaburi,ภาคกลาง,56711,1751,58462,97.56,5.45,103.01,33.1,5508,1823,1762.0,128.37,190.25
2022-06,2022,6,12,นนทบุรี,Nonthaburi,ภาคกลาง,54341,1538,55879,94.1,5.08,99.19,30.5,5428,1655,1775.09,143.94,190.37
2022-07,2022,7,12,นนทบุรี,Nonthaburi,ภาคกลาง,64498,1869,66367,105.55,5.94,111.49,34.5,5515,1902,1679.9,158.76,197.47
2022-08,2022,8,12,นนทบุรี,Nonthaburi,ภาคกลาง,59211,1716,60927,97.82,5.49,103.32,35.7,5532,1974,1695.8,116.45,149.08
2022-09,2022,9,12,นนทบุรี,Nonthaburi,ภาคกลาง,50979,1542,52521,87.92,4.76,92.68,29.5,5508,1624,1764.63,138.26,203.17
2022-10,2022,10,12,นนทบุรี,Nonthaburi,ภาคกลาง,57882,1788,59670,94.58,5.8,100.39,32.2,5607,1805,1682.42,144.08,182.07
2022-11,2022,11,12,นนทบุรี,Nonthaburi,ภาคกลาง,77900,2355,80255,128.77,7.37,136.14,40.5,5447,2206,1696.34,150.6,199.27
2022-12,2022,12,12,นนทบุรี,Nonthaburi,ภาคกลาง,82819,2448,85267,144.43,7.82,152.25,49.1,5407,2654,1785.57,119.88,166.45
2023-01,2023,1,12,นนทบุรี,Nonthaburi,ภาคกลาง,119862,6435,126297,223.23,24.19,247.43,60.2,5532,3330,1959.11,43.27,55.26
2023-02,2023,2,12,นนทบุรี,Nonthaburi,ภาคกลาง,114062,6160,120222,218.16,21.91,240.07,57.2,5503,3147,1996.89,49.25,74.46
2023-03,2023,3,12,นนทบุรี,Nonthaburi,ภาคกลาง,91949,4537,96486,183.75,16.44,200.2,50.2,5468,2744,2074.91,34.6,55.96
2023-04,2023,4,12,นนทบุรี,Nonthaburi,ภาคกลาง,107465,5673,113138,213.68,20.12,233.8,55.8,5580,3113,2066.5,48.55,72.33
2023-05,2023,5,12,นนทบุรี,Nonthaburi,ภาคกลาง,76938,4034,80972,152.9,14.58,167.48,42.0,5539,2326,2068.37,38.5,62.59
2023-06,2023,6,12,นนทบุรี,Nonthaburi,ภาคกลาง,79255,3887,83142,148.36,14.59,162.95,38.3,5402,2068,1959.9,48.79,64.28
2023-07,2023,7,12,นนทบุรี,Nonthaburi,ภาคกลาง,84170,4430,88600,159.84,15.81,175.65,43.2,5482,2368,1982.51,33.5,57.55
2023-08,2023,8,12,นนทบุรี,Nonthaburi,ภาคกลาง,84068,4537,88605,156.26,17.03,173.29,45.9,5514,2530,1955.76,45.43,67.72
2023-09,2023,9,12,นนทบุรี,Nonthaburi,ภาคกลาง,67956,3561,71517,127.9,13.01,140.91,38.2,5398,2062,1970.3,36.17,52.04
2023-10,2023,10,12,นนทบุรี,Nonthaburi,ภาคกลาง,76367,4027,80394,141.49,15.18,156.67,40.9,5403,2209,1948.78,34.73,56.06
2023-11,2023,11,12,นนทบุรี,Nonthaburi,ภาคกลาง,107239,5352,112591,209.63,19.86,229.49,53.3,5510,2936,2038.26,40.29,68.57
2023-12,2023,12,12,นนทบุรี,Nonthaburi,ภาคกลาง,121899,6172,128071,236.38,22.47,258.85,63.7,5577,3552,2021.14,50.2,70.02
2024-01,2024,1,12,นนทบุรี,Nonthaburi,ภาคกลาง,131771,9075,140846,280.26,34.89,315.16,67.7,5412,3663,2237.62,11.52,27.37
2024-02,2024,2,12,นนทบุรี,Nonthaburi,ภาคกลาง,123022,8361,131383,249.17,34.06,283.23,61.4,5597,3436,2155.76,9.28,17.98
2024-03,2024,3,12,นนทบุรี,Nonthaburi,ภาคกลาง,121669,8000,129669,248.21,31.96,280.16,54.4,5582,3036,2160.58,34.39,39.94
2024-04,2024,4,12,นนทบุรี,Nonthaburi,ภาคกลาง,126051,8234,134285,268.38,32.22,300.6,59.6,5558,3312,2238.52,18.69,28.57
2024-05,2024,5,12,นนทบุรี,Nonthaburi,ภาคกลาง,99617,6382,105999,206.6,24.45,231.05,46.9,5525,2591,2179.74,30.91,37.96
2024-06,2024,6,12,นนทบุรี,Nonthaburi,ภาคกลาง,86857,5691,92548,178.49,21.92,200.41,44.1,5447,2402,2165.47,11.31,22.99
2024-07,2024,7,12,นนทบุรี,Nonthaburi,ภาคกลาง,106013,6867,112880,223.18,26.5,249.68,47.4,5398,2558,2211.91,27.4,42.15
2024-08,2024,8,12,นนทบุรี,Nonthaburi,ภาคกลาง,99680,6688,106368,217.47,26.38,243.85,51.6,5514,2845,2292.51,20.05,40.72
2024-09,2024,9,12,นนทบุรี,Nonthaburi,ภาคกลาง,88038,5651,93689,186.79,21.69,208.47,41.9,5422,2271,2225.13,31.0,47.95
2024-10,2024,10,12,นนทบุรี,Nonthaburi,ภาคกลาง,97758,6357,104115,200.24,24.47,224.71,46.8,5538,2591,2158.29,29.51,43.43
2024-11,2024,11,12,นนทบุรี,Nonthaburi,ภาคกลาง,128348,8768,137116,263.7,35.98,299.68,59.3,5608,3325,2185.59,21.78,30.59
2024-12,2024,12,12,นนทบุรี,Nonthaburi,ภาคกลาง,135672,9404,145076,297.19,36.1,333.29,68.4,5538,3787,2297.35,13.28,28.76
2019-01,2019,1,13,ปทุมธานี,Pathum Thani,ภาคกลาง,131322,8676,139998,225.24,28.47,253.71,66.0,5588,3688,1812.24,0.0,0.0
2019-02,2019,2,13,ปทุมธานี,Pathum Thani,ภาคกลาง,124431,7920,132351,227.54,27.34,254.88,64.0,5581,3571,1925.79,0.0,0.0
2019-03,2019,3,13,ปทุมธานี,Pathum Thani,ภาคกลาง,102838,6330,109168,186.88,20.64,207.53,57.8,5436,3142,1901.01,0.0,0.0
2019-04,2019,4,13,ปทุมธานี,Pathum Thani,ภาคกลาง,121203,7367,128570,208.72,24.27,233.0,62.5,5541,3463,1812.24,0.0,0.0
2019-05,2019,5,13,ปทุมธานี,Pathum Thani,ภาคกลาง,93017,6242,99259,162.84,21.09,183.93,47.3,5520,2610,1853.03,0.0,0.0
2019-06,2019,6,13,ปทุมธานี,Pathum Thani,ภาคกลาง,86073,5270,91343,149.25,17.48,166.73,44.8,5435,2434,1825.32,0.0,0.0
2019-07,2019,7,13,ปทุมธานี,Pathum Thani,ภาคกลาง,100843,6308,107151,173.94,20.92,194.86,49.5,5447,2696,1818.56,0.0,0.0
2019-08,2019,8,13,ปทุมธานี,Pathum Thani,ภาคกลาง,99007,6530,105537,173.98,21.64,195.62,51.0,5537,2823,1853.57,0.0,0.0
2019-09,2019,9,13,ปทุมธานี,Pathum Thani,ภาคกลาง,82924,5468,88392,145.8,19.03,164.83,43.0,5418,2329,1864.76,0.0,0.0
2019-10,2019,10,13,ปทุมธานี,Pathum Thani,ภาคกลาง,88336,5685,94021,155.57,19.21,174.78,45.9,5413,2484,1858.95,0.0,0.0
2019-11,2019,11,13,ปทุมธานี,Pathum Thani,ภาคกลาง,112681,7023,119704,193.49,24.41,217.9,61.2,5549,3395,1820.32,0.0,0.0
2019-12,2019,12,13,ปทุมธานี,Pathum Thani,ภาคกลาง,129981,8087,138068,225.13,27.99,253.12,72.2,5412,3907,1833.3,0.0,0.0
2020-01,2020,1,13,ปทุมธานี,Pathum Thani,ภาคกลาง,54258,816,55074,83.74,2.32,86.05,28.5,5455,1554,1562.44,-60.66,-66.08
2020-02,2020,2,13,ปทุมธานี,Pathum Thani,ภาคกลาง,50851,736,51587,76.99,2.14,79.14,26.7,5391,1439,1534.11,-61.02,-68.95
2020-03,2020,3,13,ปทุมธานี,Pathum Thani,ภาคกลาง,42842,648,43490,66.69,1.81,68.51,23.8,5509,1311,1575.3,-60.16,-66.99
2020-04,2020,4,13,ปทุมธานี,Pathum Thani,ภาคกลาง,49821,788,50609,75.85,2.26,78.11,26.3,5475,1439,1543.4,-60.64,-66.48
2020-05,2020,5,13,ปทุมธานี,Pathum Thani,ภาคกลาง,37477,568,38045,56.8,1.68,58.48,19.9,5562,1106,1537.13,-61.67,-68.21
2020-06,2020,6,13,ปทุมธานี,Pathum Thani,ภาคกลาง,32290,492,32782,48.9,1.36,50.26,18.9,5446,1029,1533.16,-64.11,-69.86
2020-07,2020,7,13,ปทุมธานี,Pathum Thani,ภาคกลาง,39151,573,39724,59.43,1.63,61.07,21.1,5529,1166,1537.36,-62.93,-68.66
2020-08,2020,8,13,ปทุมธานี,Pathum Thani,ภาคกลาง,40385,612,40997,62.43,1.78,64.21,21.1,5602,1182,1566.21,-61.15,-67.18
2020-09,2020,9,13,ปทุมธานี,Pathum Thani,ภาคกลาง,31689,476,32165,48.06,1.37,49.43,18.1,5582,1010,1536.76,-63.61,-70.01
2020-10,2020,10,13,ปทุมธานี,Pathum Thani,ภาคกลาง,34218,498,34716,53.36,1.47,54.83,20.1,5539,1113,1579.39,-63.08,-68.63
2020-11,2020,11,13,ปทุมธานี,Pathum Thani,ภาคกลาง,47713,728,48441,73.29,2.04,75.34,25.6,5436,1391,1555.29,-59.53,-65.42
2020-12,2020,12,13,ปทุมธานี,Pathum Thani,ภาคกลาง,51722,807,52529,78.12,2.26,80.38,29.2,5453,1592,1530.2,-61.95,-68.24
2021-01,2021,1,13,ปทุมธานี,Pathum Thani,ภาคกลาง,35549,211,35760,50.94,0.58,51.52,20.7,5509,1140,1440.72,-35.07,-40.13
2021-02,2021,2,13,ปทุมธานี,Pathum Thani,ภาคกลาง,32892,191,33083,48.82,0.5,49.32,19.3,5509,1063,1490.8,-35.87,-37.68
2021-03,2021,3,13,ปทุมธานี,Pathum Thani,ภาคกลาง,29562,182,29744,43.54,0.51,44.05,16.8,5609,942,1480.97,-31.61,-35.7
2021-04,2021,4,13,ปทุมธานี,Pathum Thani,ภาคกลาง,31028,195,31223,45.21,0.54,45.75,19.1,5438,1038,1465.27,-38.31,-41.43
2021-05,2021,5,13,ปทุมธานี,Pathum Thani,ภาคกลาง,25527,161,25688,36.35,0.43,36.79,15.0,5412,811,1432.19,-32.48,-37.09
2021-06,2021,6,13,ปทุมธานี,Pathum Thani,ภาคกลาง,22825,133,22958,33.75,0.35,34.1,15.0,5399,809,1485.32,-29.97,-32.15
2021-07,2021,7,13,ปทุมธานี,Pathum Thani,ภาคกลาง,27542,160,27702,39.51,0.42,39.93,15.0,5572,835,1441.41,-30.26,-34.62
2021-08,2021,8,13,ปทุมธานี,Pathum Thani,ภาคกลาง,27453,162,27615,39.57,0.42,39.99,15.1,5407,816,1448.13,-32.64,-37.72
2021-09,2021,9,13,ปทุมธานี,Pathum Thani,ภาคกลาง,22116,136,22252,30.87,0.36,31.23,15.0,5562,834,1403.47,-30.82,-36.82
2021-10,2021,10,13,ปทุมธานี,Pathum Thani,ภาคกลาง,24948,152,25100,34.33,0.41,34.74,15.0,5528,829,1384.06,-27.7,-36.64
2021-11,2021,11,13,ปทุมธานี,Pathum Thani,ภาคกลาง,30055,172,30227,44.43,0.46,44.89,18.5,5502,1017,1485.1,-37.6,-40.42
2021-12,2021,12,13,ปทุมธานี,Pathum Thani,ภาคกลาง,37188,233,37421,52.67,0.63,53.31,20.8,5453,1134,1424.6,-28.76,-33.68
2022-01,2022,1,13,ปทุมธานี,Pathum Thani,ภาคกลาง,82318,2513,84831,134.64,7.72,142.36,44.7,5550,2480,1678.16,137.22,176.32
2022-02,2022,2,13,ปทุมธานี,Pathum Thani,ภาคกลาง,77786,2354,80140,133.62,7.66,141.27,43.5,5583,2428,1762.79,142.24,186.44
2022-03,2022,3,13,ปทุมธานี,Pathum Thani,ภาคกลาง,66533,1897,68430,111.67,6.14,117.82,39.1,5479,2142,1721.76,130.06,167.47
2022-04,2022,4,13,ปทุมธานี,Pathum Thani,ภาคกลาง,77502,2213,79715,128.18,7.15,135.33,42.0,5427,2279,1697.67,155.31,195.8
2022-05,2022,5,13,ปทุมธานี,Pathum Thani,ภาคกลาง,60988,1738,62726,103.06,5.54,108.61,31.4,5487,1722,1731.5,144.18,195.22
2022-06,2022,6,13,ปทุมธานี,Pathum Thani,ภาคกลาง,54985,1635,56620,95.09,5.42,100.51,30.2,5577,1684,1775.17,146.62,194.75
2022-07,2022,7,13,ปทุมธานี,Pathum Thani,ภาคกลาง,60165,1713,61878,102.27,5.66,107.93,33.3,5467,1820,1744.24,123.37,170.3
2022-08,2022,8,13,ปทุมธานี,Pathum Thani,ภาคกลาง,62699,1919,64618,106.82,6.1,112.92,33.8,5470,1848,1747.5,134.0,182.37
2022-09,2022,9,13,ปทุมธานี,Pathum Thani,ภาคกลาง,51703,1483,53186,88.31,4.78,93.09,28.9,5395,1559,1750.27,139.02,198.08
2022-10,2022,10,13,ปทุมธานี,Pathum Thani,ภาคกลาง,56696,1762,58458,95.83,5.65,101.48,31.3,5534,1732,1735.95,132.9,192.11
2022-11,2022,11,13,ปทุมธานี,Pathum Thani,ภาคกลาง,71748,2162,73910,120.57,6.69,127.26,41.4,5453,2257,1721.82,144.52,183.49
2022-12,2022,12,13,ปทุมธานี,Pathum Thani,ภาคกลาง,84427,2455,86882,142.67,7.6,150.27,49.9,5503,2745,1729.59,132.17,181.88
2023-01,2023,1,13,ปทุมธานี,Pathum Thani,ภาคกลาง,117867,6191,124058,224.67,22.95,247.62,58.9,5435,3201,1996.0,46.24,73.94
2023-02,2023,2,13,ปทุมธานี,Pathum Thani,ภาคกลาง,103074,5611,108685,197.72,20.77,218.49,57.1,5409,3088,2010.31,35.62,54.66
2023-03,2023,3,13,ปทุมธานี,Pathum Thani,ภาคกลาง,102397,5316,107713,195.6,19.1,214.7,49.5,5502,2723,1993.26,57.41,82.23
2023-04,2023,4,13,ปทุมธานี,Pathum Thani,ภาคกลาง,111857,5560,117417,220.87,19.52,240.4,56.5,5518,3117,2047.4,47.3,77.64
2023-05,2023,5,13,ปทุมธานี,Pathum Thani,ภาคกลาง,78449,3956,82405,148.86,14.21,163.08,41.7,5400,2251,1979.01,31.37,50.15
2023-06,2023,6,13,ปทุมธานี,Pathum Thani,ภาคกลาง,74056,3880,77936,137.35,13.97,151.32,39.4,5487,2161,1941.59,37.65,50.55
2023-07,2023,7,13,ปทุมธานี,Pathum Thani,ภาคกลาง,89721,4537,94258,176.33,16.51,192.84,42.9,5588,2397,2045.87,52.33,78.67
2023-08,2023,8,13,ปทุมธานี,Pathum Thani,ภาคกลาง,86229,4523,90752,161.85,17.0,178.85,44.6,5397,2407,1970.76,40.44,58.39
2023-09,2023,9,13,ปทุมธานี,Pathum Thani,ภาคกลาง,74610,3668,78278,138.99,13.48,152.46,36.9,5548,2047,1947.67,47.18,63.78
2023-10,2023,10,13,ปทุมธานี,Pathum Thani,ภาคกลาง,77446,3967,81413,144.29,14.88,159.17,42.0,5477,2300,1955.09,39.27,56.85
2023-11,2023,11,13,ปทุมธานี,Pathum Thani,ภาคกลาง,102592,5101,107693,198.88,19.11,217.99,55.1,5571,3069,2024.18,45.71,71.29
2023-12,2023,12,13,ปทุมธานี,Pathum Thani,ภาคกลาง,119872,6213,126085,236.44,21.66,258.11,62.5,5569,3480,2047.11,45.12,71.76
2024-01,2024,1,13,ปทุมธานี,Pathum Thani,ภาคกลาง,142107,9759,151866,294.74,38.7,333.45,65.8,5603,3686,2195.69,22.42,34.66
2024-02,2024,2,13,ปทุมธานี,Pathum Thani,ภาคกลาง,126855,8838,135693,261.17,34.41,295.58,61.4,5408,3320,2178.3,24.85,35.28
2024-03,2024,3,13,ปทุมธานี,Pathum Thani,ภาคกลาง,112185,7311,119496,245.11,28.73,273.84,54.2,5570,3018,2291.62,10.94,27.55
2024-04,2024,4,13,ปทุมธานี,Pathum Thani,ภาคกลาง,126609,8800,135409,276.97,34.51,311.49,61.1,5604,3424,2300.36,15.32,29.57
2024-05,2024,5,13,ปทุมธานี,Pathum Thani,ภาคกลาง,93652,6196,99848,190.17,24.0,214.17,46.6,5466,2547,2144.96,21.17,31.33
2024-06,2024,6,13,ปทุมธานี,Pathum Thani,ภาคกลาง,89304,5723,95027,191.54,23.01,214.55,43.0,5562,2391,2257.78,21.93,41.79
2024-07,2024,7,13,ปทุมธานี,Pathum Thani,ภาคกลาง,100721,6499,107220,208.69,24.76,233.44,48.6,5476,2661,2177.21,13.75,21.05
2024-08,2024,8,13,ปทุมธานี,Pathum Thani,ภาคกลาง,105911,6777,112688,230.23,26.27,256.51,50.9,5431,2764,2276.28,24.17,43.42
2024-09,2024,9,13,ปทุมธานี,Pathum Thani,ภาคกลาง,83756,5794,89550,175.77,23.79,199.56,40.2,5446,2189,2228.48,14.4,30.89
2024-10,2024,10,13,ปทุมธานี,Pathum Thani,ภาคกลาง,89073,5698,94771,183.23,22.57,205.79,46.3,5516,2553,2171.44,16.41,29.29
2024-11,2024,11,13,ปทุมธานี,Pathum Thani,ภาคกลาง,124796,8641,133437,270.68,32.97,303.65,60.0,5427,3256,2275.61,23.9,39.3
2024-12,2024,12,13,ปทุมธานี,Pathum Thani,ภาคกลาง,152221,9982,162203,316.8,40.32,357.12,69.0,5434,3749,2201.69,28.65,38.36
2019-01,2019,1,14,พระนครศรีอยุธยา,Phra Nakhon Si Ayutthaya,ภาคกลาง,457176,130561,587737,826.83,442.21,1269.05,71.1,22872,16261,2159.21,0.0,0.0
2019-02,2019,2,14,พระนครศรีอยุธยา,Phra Nakhon Si Ayutthaya,ภาคกลาง,403934,108322,512256,695.47,357.26,1052.73,68.6,22892,15703,2055.09,0.0,0.0
2019-03,2019,3,14,พระนครศรีอยุธยา,Phra Nakhon Si Ayutthaya,ภาคกลาง,365265,107566,472831,654.2,368.15,1022.35,61.2,22507,13774,2162.19,0.0,0.0
2019-04,2019,4,14,พระนครศรีอยุธยา,Phra Nakhon Si Ayutthaya,ภาคกลาง,386238,107321,493559,682.21,359.34,1041.55,65.2,22427,14622,2110.28,0.0,0.0
2019-05,2019,5,14,พระนครศรีอยุธยา,Phra Nakhon Si Ayutthaya,ภาคกลาง,292045,83667,375712,508.38,291.94,800.32,51.9,22867,11867,2130.14,0.0,0.0
2019-06,2019,6,14,พระนครศรีอยุธยา,Phra Nakhon Si Ayutthaya,ภาคกลาง,280915,83296,364211,501.75,273.25,775.0,47.3,22066,10437,2127.89,0.0,0.0
2019-07,2019,7,14,พระนครศรีอยุธยา,Phra Nakhon Si Ayutthaya,ภาคกลาง,313861,92358,406219,546.16,321.13,867.29,53.0,22885,12129,2135.03,0.0,0.0
2019-08,2019,8,14,พระนครศรีอยุธยา,Phra Nakhon Si Ayutthaya,ภาคกลาง,342516,94330,436846,617.87,307.65,925.52,53.9,22570,12165,2118.64,0.0,0.0
2019-09,2019,9,14,พระนครศรีอยุธยา,Phra Nakhon Si Ayutthaya,ภาคกลาง,278602,81034,359636,487.45,276.15,763.6,46.3,22201,10279,2123.26,0.0,0.0
2019-10,2019,10,14,พระนครศรีอยุธยา,Phra Nakhon Si Ayutthaya,ภาคกลาง,300391,80423,380814,556.2,275.98,832.18,51.3,22828,11710,2185.27,0.0,0.0
2019-11,2019,11,14,พระนครศรีอยุธยา,Phra Nakhon Si Ayutthaya,ภาคกลาง,403516,120828,524344,695.23,421.43,1116.66,66.2,22631,14981,2129.63,0.0,0.0
2019-12,2019,12,14,พระนครศรีอยุธยา,Phra Nakhon Si Ayutthaya,ภาคกลาง,472075,130702,602777,824.7,449.31,1274.01,77.2,22262,17186,2113.57,0.0,0.0
2020-01,2020,1,14,พระนครศรีอยุธยา,Phra Nakhon Si Ayutthaya,ภาคกลาง,200160,11302,211462,294.72,33.48,328.2,30.2,22073,6666,1552.05,-64.02,-74.14
2020-02,2020,2,14,พระนครศรีอยุธยา,Phra Nakhon Si Ayutthaya,ภาคกลาง,198152,11361,209513,304.91,32.55,337.46,29.1,22910,6666,1610.69,-59.1,-67.94
2020-03,2020,3,14,พระนครศรีอยุธยา,Phra Nakhon Si Ayutthaya,ภาคกลาง,166006,9337,175343,256.19,25.78,281.97,25.1,22671,5690,1608.11,-62.92,-72.42
2020-04,2020,4,14,พระนครศรีอยุธยา,Phra Nakhon Si Ayutthaya,ภาคกลาง,189619,10505,200124,286.72,28.93,315.65,28.1,22849,6420,1577.27,-59.45,-69.69
2020-05,2020,5,14,พระนครศรีอยุธยา,Phra Nakhon Si Ayutthaya,ภาคกลาง,147644,8642,156286,223.44,24.05,247.48,22.0,22727,4999,1583.51,-58.4,-69.08
2020-06,2020,6,14,พระนครศรีอยุธยา,Phra Nakhon Si Ayutthaya,ภาคกลาง,131824,8072,139896,205.47,23.4,228.87,19.9,22741,4525,1636.0,-61.59,-70.47
2020-07,2020,7,14,พระนครศรีอยุธยา,Phra Nakhon Si Ayutthaya,ภาคกลาง,154619,8566,163185,230.47,24.07,254.54,21.9,22310,4885,1559.82,-59.83,-70.65
2020-08,2020,8,14,พระนครศรีอยุธยา,Phra Nakhon Si Ayutthaya,ภาคกลาง,159704,9004,168708,235.05,25.07,260.12,22.6,22723,5135,1541.84,-61.38,-71.89
2020-09,2020,9,14,พระนครศรีอยุธยา,Phra Nakhon Si Ayutthaya,ภาคกลาง,121318,6789,128107,181.14,19.59,200.73,18.5,22849,4227,1566.89,-64.38,-73.71
2020-10,2020,10,14,พระนครศรีอยุธยา,Phra Nakhon Si Ayutthaya,ภาคกลาง,145976,8790,154766,222.71,25.8,248.5,20.8,22891,4761,1605.65,-59.36,-70.14
2020-11,2020,11,14,พระนครศรีอยุธยา,Phra Nakhon Si Ayutthaya,ภาคกลาง,170853,9874,180727,267.04,28.36,295.39,28.0,22525,6307,1634.45,-65.53,-73.55
2020-12,2020,12,14,พระนครศรีอยุธยา,Phra Nakhon Si Ayutthaya,ภาคกลาง,220958,12386,233344,346.44,35.79,382.23,32.5,22779,7403,1638.05,-61.29,-70.0
2021-01,2021,1,14,พระนครศรีอยุธยา,Phra Nakhon Si Ayutthaya,ภาคกลาง,138431,3225,141656,193.04,8.71,201.75,21.9,22371,4899,1424.22,-33.01,-38.53
2021-02,2021,2,14,พระนครศรีอยุธยา,Phra Nakhon Si Ayutthaya,ภาคกลาง,139218,3240,142458,191.11,8.92,200.04,20.1,22639,4550,1404.2,-32.01,-40.72
2021-03,2021,3,14,พระนครศรีอยุธยา,Phra Nakhon Si Ayutthaya,ภาคกลาง,113109,2421,115530,157.64,6.68,164.31,17.8,22263,3962,1422.23,-34.11,-41.73
2021-04,2021,4,14,พระนครศรีอยุธยา,Phra Nakhon Si Ayutthaya,ภาคกลาง,136843,3138,139981,200.05,8.68,208.74,19.8,22746,4503,1491.2,-30.05,-33.87
2021-05,2021,5,14,พระนครศรีอยุธยา,Phra Nakhon Si Ayutthaya,ภาคกลาง,97624,2290,99914,133.98,6.24,140.22,15.0,22664,3399,1403.41,-36.07,-43.34
2021-06,2021,6,14,พระนครศรีอยุธยา,Phra Nakhon Si Ayutthaya,ภาคกลาง,89908,2006,91914,126.99,5.26,132.25,15.0,22460,3369,1438.85,-34.3,-42.22
2021-07,2021,7,14,พระนครศรีอยุธยา,Phra Nakhon Si Ayutthaya,ภาคกลาง,107331,2530,109861,153.09,6.67,159.76,16.0,22265,3562,1454.2,-32.68,-37.24
2021-08,2021,8,14,พระนครศรีอยุธยา,Phra Nakhon Si Ayutthaya,ภาคกลาง,102165,2323,104488,148.84,6.18,155.01,16.4,22487,3687,1483.52,-38.07,-40.41
2021-09,2021,9,14,พระนครศรีอยุธยา,Phra Nakhon Si Ayutthaya,ภาคกลาง,93806,2083,95889,132.49,5.6,138.09,15.0,22725,3408,1440.1,-25.15,-31.21
2021-10,2021,10,14,พระนครศรีอยุธยา,Phra Nakhon Si Ayutthaya,ภาคกลาง,104232,2353,106585,143.56,6.43,149.99,15.1,22738,3433,1407.23,-31.13,-39.64
2021-11,2021,11,14,พระนครศรีอยุธยา,Phra Nakhon Si Ayutthaya,ภาคกลาง,129304,2761,132065,177.63,7.25,184.88,19.8,22181,4391,1399.92,-26.93,-37.41
2021-12,2021,12,14,พระนครศรีอยุธยา,Phra Nakhon Si Ayutthaya,ภาคกลาง,151912,3338,155250,217.41,8.77,226.18,22.5,22770,5123,1456.88,-33.47,-40.83
2022-01,2022,1,14,พระนครศรีอยุธยา,Phra Nakhon Si Ayutthaya,ภาคกลาง,312448,36350,348798,539.68,112.37,652.05,48.8,22288,10876,1869.42,146.23,223.2
2022-02,2022,2,14,พระนครศรีอยุธยา,Phra Nakhon Si Ayutthaya,ภาคกลาง,294166,33036,327202,505.77,108.36,614.13,47.5,22174,10532,1876.91,129.68,207.0
2022-03,2022,3,14,พระนครศรีอยุธยา,Phra Nakhon Si Ayutthaya,ภาคกลาง,265179,32256,297435,451.1,103.36,554.46,40.4,22419,9057,1864.14,157.45,237.45
2022-04,2022,4,14,พระนครศรีอยุธยา,Phra Nakhon Si Ayutthaya,ภาคกลาง,271428,31018,302446,459.6,99.3,558.89,45.4,22272,10111,1847.9,116.06,167.74
2022-05,2022,5,14,พระนครศรีอยุธยา,Phra Nakhon Si Ayutthaya,ภาคกลาง,215709,25952,241661,353.67,85.74,439.41,34.3,22449,7700,1818.29,141.87,213.37
2022-06,2022,6,14,พระนครศรีอยุธยา,Phra Nakhon Si Ayutthaya,ภาคกลาง,197275,22036,219311,323.78,71.41,395.19,31.6,22720,7179,1801.96,138.6,198.82
2022-07,2022,7,14,พระนครศรีอยุธยา,Phra Nakhon Si Ayutthaya,ภาคกลาง,222990,26627,249617,388.93,87.92,476.84,36.2,22793,8251,1910.29,127.21,198.47
2022-08,2022,8,14,พระนครศรีอยุธยา,Phra Nakhon Si Ayutthaya,ภาคกลาง,226278,27283,253561,377.63,86.94,464.57,37.4,22238,8317,1832.18,142.67,199.7
2022-09,2022,9,14,พระนครศรีอยุธยา,Phra Nakhon Si Ayutthaya,ภาคกลาง,195558,23334,218892,323.88,72.74,396.62,30.4,22690,6897,1811.94,128.28,187.22
2022-10,2022,10,14,พระนครศรีอยุธยา,Phra Nakhon Si Ayutthaya,ภาคกลาง,208613,23547,232160,347.88,72.32,420.2,33.7,22546,7598,1809.96,117.82,180.15
2022-11,2022,11,14,พระนครศรีอยุธยา,Phra Nakhon Si Ayutthaya,ภาคกลาง,266210,29968,296178,463.55,92.8,556.35,44.6,22108,9860,1878.43,124.27,200.92
2022-12,2022,12,14,พระนครศรีอยุธยา,Phra Nakhon Si Ayutthaya,ภาคกลาง,338218,40751,378969,560.49,133.72,694.21,52.9,22843,12083,1831.84,144.1,206.93
2023-01,2023,1,14,พระนครศรีอยุธยา,Phra Nakhon Si Ayutthaya,ภาคกลาง,383201,82810,466011,728.19,290.69,1018.87,65.0,22855,14855,2186.36,33.6,56.26
2023-02,2023,2,14,พระนครศรีอยุธยา,Phra Nakhon Si Ayutthaya,ภาคกลาง,379137,87879,467016,721.39,329.01,1050.4,61.0,22677,13832,2249.17,42.73,71.04
2023-03,2023,3,14,พระนครศรีอยุธยา,Phra Nakhon Si Ayutthaya,ภาคกลาง,339996,72753,412749,645.55,256.84,902.38,54.2,22102,11979,2186.27,38.77,62.75
2023-04,2023,4,14,พระนครศรีอยุธยา,Phra Nakhon Si Ayutthaya,ภาคกลาง,366011,82066,448077,690.83,293.17,984.0,59.3,22244,13190,2196.05,48.15,76.06
2023-05,2023,5,14,พระนครศรีอยุธยา,Phra Nakhon Si Ayutthaya,ภาคกลาง,300005,62556,362561,561.02,234.04,795.06,44.2,22556,9969,2192.9,50.03,80.94
2023-06,2023,6,14,พระนครศรีอยุธยา,Phra Nakhon Si Ayutthaya,ภาคกลาง,275674,59054,334728,521.07,209.45,730.52,41.8,22589,9442,2182.43,52.63,84.85
2023-07,2023,7,14,พระนครศรีอยุธยา,Phra Nakhon Si Ayutthaya,ภาคกลาง,292139,67221,359360,547.22,234.93,782.16,47.0,22360,10509,2176.54,43.96,64.03
2023-08,2023,8,14,พระนครศรีอยุธยา,Phra Nakhon Si Ayutthaya,ภาคกลาง,304379,65673,370052,586.94,237.0,823.93,49.8,22402,11156,2226.52,45.94,77.35
2023-09,2023,9,14,พระนครศรีอยุธยา,Phra Nakhon Si Ayutthaya,ภาคกลาง,246426,54314,300740,457.94,203.64,661.59,41.0,22108,9064,2199.87,37.39,66.81
2023-10,2023,10,14,พระนครศรีอยุธยา,Phra Nakhon Si Ayutthaya,ภาคกลาง,289463,63817,353280,577.95,223.04,800.99,43.3,22587,9780,2267.3,52.17,90.62
2023-11,2023,11,14,พระนครศรีอยุธยา,Phra Nakhon Si Ayutthaya,ภาคกลาง,347402,73752,421154,687.44,260.04,947.48,59.1,22525,13312,2249.72,42.2,70.3
2023-12,2023,12,14,พระนครศรีอยุธยา,Phra Nakhon Si Ayutthaya,ภาคกลาง,420856,87163,508019,842.85,307.56,1150.41,67.4,22147,14927,2264.5,34.05,65.71
2024-01,2024,1,14,พระนครศรีอยุธยา,Phra Nakhon Si Ayutthaya,ภาคกลาง,442321,132585,574906,910.63,508.15,1418.78,72.2,22322,16116,2467.85,23.37,39.25
2024-02,2024,2,14,พระนครศรีอยุธยา,Phra Nakhon Si Ayutthaya,ภาคกลาง,448254,141382,589636,970.75,580.93,1551.68,68.5,22644,15511,2631.59,26.26,47.72
2024-03,2024,3,14,พระนครศรีอยุธยา,Phra Nakhon Si Ayutthaya,ภาคกลาง,374983,116344,491327,780.26,479.43,1259.69,58.4,22179,12952,2563.85,19.04,39.6
2024-04,2024,4,14,พระนครศรีอยุธยา,Phra Nakhon Si Ayutthaya,ภาคกลาง,396334,121084,517418,804.96,492.23,1297.19,65.7,22771,14960,2507.04,15.48,31.83
2024-05,2024,5,14,พระนครศรีอยุธยา,Phra Nakhon Si Ayutthaya,ภาคกลาง,321075,100845,421920,649.34,388.42,1037.76,48.7,22466,10940,2459.61,16.37,30.53
2024-06,2024,6,14,พระนครศรีอยุธยา,Phra Nakhon Si Ayutthaya,ภาคกลาง,290569,88363,378932,634.97,356.79,991.76,45.9,22134,10159,2617.25,13.21,35.76
2024-07,2024,7,14,พระนครศรีอยุธยา,Phra Nakhon Si Ayutthaya,ภาคกลาง,322864,96779,419643,689.6,390.17,1079.76,52.0,22173,11529,2573.04,16.78,38.05
2024-08,2024,8,14,พระนครศรีอยุธยา,Phra Nakhon Si Ayutthaya,ภาคกลาง,347868,109099,456967,714.3,427.2,1141.5,55.4,22465,12445,2497.99,23.49,38.54
2024-09,2024,9,14,พระนครศรีอยุธยา,Phra Nakhon Si Ayutthaya,ภาคกลาง,279889,80248,360137,593.46,318.01,911.47,43.3,22850,9894,2530.9,19.75,37.77
2024-10,2024,10,14,พระนครศรีอยุธยา,Phra Nakhon Si Ayutthaya,ภาคกลาง,320991,94773,415764,680.94,368.42,1049.36,49.5,22383,11079,2523.93,17.69,31.01
2024-11,2024,11,14,พระนครศรีอยุธยา,Phra Nakhon Si Ayutthaya,ภาคกลาง,391322,112509,503831,835.33,460.91,1296.24,65.3,22451,14660,2572.77,19.63,36.81
2024-12,2024,12,14,พระนครศรีอยุธยา,Phra Nakhon Si Ayutthaya,ภาคกลาง,507909,145979,653888,1112.51,568.74,1681.25,74.3,22430,16665,2571.16,28.71,46.14
2019-01,2019,1,15,อ่างทอง,Ang Thong,ภาคกลาง,128085,8074,136159,220.35,27.17,247.52,66.1,5552,3669,1817.87,0.0,0.0
2019-02,2019,2,15,อ่างทอง,Ang Thong,ภาคกลาง,115545,7079,122624,213.41,23.69,237.1,63.0,5501,3465,1933.55,0.0,0.0
2019-03,2019,3,15,อ่างทอง,Ang Thong,ภาคกลาง,105889,6805,112694,194.66,23.21,217.87,57.2,5557,3178,1933.29,0.0,0.0
2019-04,2019,4,15,อ่างทอง,Ang Thong,ภาคกลาง,122829,7483,130312,216.7,24.3,241.0,63.7,5537,3527,1849.41,0.0,0.0
2019-05,2019,5,15,อ่างทอง,Ang Thong,ภาคกลาง,95556,6398,101954,177.08,21.53,198.61,48.3,5425,2620,1948.04,0.0,0.0
2019-06,2019,6,15,อ่างทอง,Ang Thong,ภาคกลาง,88008,5360,93368,157.86,17.97,175.83,44.6,5541,2471,1883.19,0.0,0.0
2019-07,2019,7,15,อ่างทอง,Ang Thong,ภาคกลาง,90360,5518,95878,162.52,18.04,180.56,48.6,5602,2722,1883.23,0.0,0.0
2019-08,2019,8,15,อ่างทอง,Ang Thong,ภาคกลาง,100381,6544,106925,184.52,22.43,206.96,51.3,5550,2847,1935.56,0.0,0.0
2019-09,2019,9,15,อ่างทอง,Ang Thong,ภาคกลาง,76226,4978,81204,139.86,16.69,156.56,41.8,5427,2268,1927.98,0.0,0.0
2019-10,2019,10,15,อ่างทอง,Ang Thong,ภาคกลาง,89884,5860,95744,162.12,19.35,181.47,46.3,5496,2544,1895.37,0.0,0.0
2019-11,2019,11,15,อ่างทอง,Ang Thong,ภาคกลาง,118135,7243,125378,219.01,24.63,243.64,62.0,5486,3401,1943.24,0.0,0.0
2019-12,2019,12,15,อ่างทอง,Ang Thong,ภาคกลาง,139653,9269,148922,256.59,30.21,286.81,71.7,5417,3883,1925.91,0.0,0.0
2020-01,2020,1,15,อ่างทอง,Ang Thong,ภาคกลาง,49727,778,50505,72.91,2.17,75.08,28.3,5392,1525,1486.59,-62.91,-69.67
2020-02,2020,2,15,อ่างทอง,Ang Thong,ภาคกลาง,48774,735,49509,74.84,2.18,77.02,26.4,5417,1430,1555.68,-59.63,-67.52
2020-03,2020,3,15,อ่างทอง,Ang Thong,ภาคกลาง,42668,644,43312,64.05,1.83,65.89,23.2,5458,1266,1521.29,-61.57,-69.76
2020-04,2020,4,15,อ่างทอง,Ang Thong,ภาคกลาง,45081,708,45789,67.82,1.98,69.79,25.8,5478,1413,1524.17,-64.86,-71.04
2020-05,2020,5,15,อ่างทอง,Ang Thong,ภาคกลาง,37612,545,38157,57.74,1.55,59.29,20.4,5400,1101,1553.84,-62.57,-70.15
2020-06,2020,6,15,อ่างทอง,Ang Thong,ภาคกลาง,31919,467,32386,48.05,1.3,49.35,19.0,5466,1038,1523.81,-65.31,-71.93
2020-07,2020,7,15,อ่างทอง,Ang Thong,ภาคกลาง,37014,564,37578,55.63,1.63,57.26,21.1,5463,1152,1523.76,-60.81,-68.29
2020-08,2020,8,15,อ่างทอง,Ang Thong,ภาคกลาง,38955,610,39565,59.6,1.78,61.38,21.8,5394,1175,1551.37,-63.0,-70.34
2020-09,2020,9,15,อ่างทอง,Ang Thong,ภาคกลาง,31042,493,31535,48.09,1.43,49.52,17.4,5441,946,1570.32,-61.17,-68.37
2020-10,2020,10,15,อ่างทอง,Ang Thong,ภาคกลาง,35119,536,35655,53.56,1.52,55.08,19.5,5400,1053,1544.8,-62.76,-69.65
2020-11,2020,11,15,อ่างทอง,Ang Thong,ภาคกลาง,47522,719,48241,70.4,2.09,72.49,25.2,5529,1393,1502.66,-61.52,-70.25
2020-12,2020,12,15,อ่างทอง,Ang Thong,ภาคกลาง,51817,769,52586,79.97,2.27,82.24,30.2,5536,1671,1563.91,-64.69,-71.33
2021-01,2021,1,15,อ่างทอง,Ang Thong,ภาคกลาง,37005,222,37227,51.13,0.61,51.74,20.1,5606,1126,1389.85,-26.29,-31.09
2021-02,2021,2,15,อ่างทอง,Ang Thong,ภาคกลาง,33035,209,33244,48.9,0.57,49.47,18.8,5580,1049,1488.09,-32.85,-35.77
2021-03,2021,3,15,อ่างทอง,Ang Thong,ภาคกลาง,29581,182,29763,41.36,0.49,41.85,17.0,5593,950,1406.11,-31.28,-36.49
2021-04,2021,4,15,อ่างทอง,Ang Thong,ภาคกลาง,31764,188,31952,46.94,0.49,47.43,18.4,5504,1012,1484.41,-30.22,-32.04
2021-05,2021,5,15,อ่างทอง,Ang Thong,ภาคกลาง,25805,161,25966,38.12,0.43,38.55,15.0,5543,831,1484.63,-31.95,-34.98
2021-06,2021,6,15,อ่างทอง,Ang Thong,ภาคกลาง,22675,134,22809,32.19,0.35,32.54,15.0,5462,819,1426.63,-29.57,-34.06
2021-07,2021,7,15,อ่างทอง,Ang Thong,ภาคกลาง,26438,158,26596,37.34,0.42,37.76,15.0,5504,825,1419.76,-29.22,-34.06
2021-08,2021,8,15,อ่างทอง,Ang Thong,ภาคกลาง,26704,163,26867,39.55,0.43,39.98,15.8,5576,881,1488.07,-32.09,-34.86
2021-09,2021,9,15,อ่างทอง,Ang Thong,ภาคกลาง,21748,130,21878,31.58,0.35,31.93,15.0,5536,830,1459.46,-30.62,-35.52
2021-10,2021,10,15,อ่างทอง,Ang Thong,ภาคกลาง,25262,156,25418,37.45,0.41,37.86,15.0,5406,810,1489.5,-28.71,-31.26
2021-11,2021,11,15,อ่างทอง,Ang Thong,ภาคกลาง,33247,203,33450,46.18,0.53,46.71,18.3,5588,1022,1396.41,-30.66,-35.56
2021-12,2021,12,15,อ่างทอง,Ang Thong,ภาคกลาง,37454,227,37681,52.73,0.59,53.33,21.3,5567,1185,1415.3,-28.34,-35.15
2022-01,2022,1,15,อ่างทอง,Ang Thong,ภาคกลาง,84294,2514,86808,144.56,7.94,152.5,45.3,5564,2520,1756.75,133.19,194.74
2022-02,2022,2,15,อ่างทอง,Ang Thong,ภาคกลาง,73662,2282,75944,128.01,7.08,135.09,44.2,5545,2450,1778.81,128.44,173.07
2022-03,2022,3,15,อ่างทอง,Ang Thong,ภาคกลาง,69938,2065,72003,122.45,6.8,129.26,39.3,5472,2150,1795.2,141.92,208.86
2022-04,2022,4,15,อ่างทอง,Ang Thong,ภาคกลาง,77816,2356,80172,135.98,7.43,143.42,42.6,5546,2362,1788.9,150.91,202.38
2022-05,2022,5,15,อ่างทอง,Ang Thong,ภาคกลาง,57927,1766,59693,94.51,5.61,100.13,32.7,5584,1825,1677.42,129.89,159.74
2022-06,2022,6,15,อ่างทอง,Ang Thong,ภาคกลาง,52798,1586,54384,88.22,5.23,93.45,29.6,5413,1602,1718.34,138.43,187.19
2022-07,2022,7,15,อ่างทอง,Ang Thong,ภาคกลาง,60419,1746,62165,100.85,5.79,106.64,33.4,5607,1872,1715.43,133.74,182.42
2022-08,2022,8,15,อ่างทอง,Ang Thong,ภาคกลาง,66221,1873,68094,112.4,6.15,118.55,35.1,5456,1915,1740.98,153.45,196.52
2022-09,2022,9,15,อ่างทอง,Ang Thong,ภาคกลาง,52269,1605,53874,91.56,5.04,96.6,29.1,5476,1593,1793.07,146.25,202.54
2022-10,2022,10,15,อ่างทอง,Ang Thong,ภาคกลาง,55467,1726,57193,93.61,5.42,99.03,30.8,5447,1677,1731.51,125.01,161.57
2022-11,2022,11,15,อ่างทอง,Ang Thong,ภาคกลาง,73262,2123,75385,124.46,6.82,131.28,41.1,5459,2243,1741.46,125.37,181.05
2022-12,2022,12,15,อ่างทอง,Ang Thong,ภาคกลาง,84023,2452,86475,145.68,8.12,153.8,47.8,5514,2635,1778.55,129.49,188.39
2023-01,2023,1,15,อ่างทอง,Ang Thong,ภาคกลาง,119889,6042,125931,225.45,21.28,246.73,61.8,5510,3405,1959.25,45.07,61.79
2023-02,2023,2,15,อ่างทอง,Ang Thong,ภาคกลาง,106759,5272,112031,207.48,19.14,226.62,55.0,5411,2976,2022.83,47.52,67.75
2023-03,2023,3,15,อ่างทอง,Ang Thong,ภาคกลาง,92409,5007,97416,171.92,18.23,190.16,51.0,5403,2755,1952.04,35.29,47.11
2023-04,2023,4,15,อ่างทอง,Ang Thong,ภาคกลาง,105387,5715,111102,210.34,21.3,231.65,56.3,5468,3078,2085.02,38.58,61.52
2023-05,2023,5,15,อ่างทอง,Ang Thong,ภาคกลาง,81020,4188,85208,153.53,15.29,168.82,42.7,5500,2348,1981.27,42.74,68.6
2023-06,2023,6,15,อ่างทอง,Ang Thong,ภาคกลาง,75276,3828,79104,143.62,13.75,157.37,40.5,5441,2203,1989.41,45.45,68.4
2023-07,2023,7,15,อ่างทอง,Ang Thong,ภาคกลาง,88431,4341,92772,165.45,15.93,181.38,45.1,5561,2508,1955.12,49.24,70.09
2023-08,2023,8,15,อ่างทอง,Ang Thong,ภาคกลาง,85513,4577,90090,161.33,17.07,178.4,45.1,5571,2512,1980.24,32.3,50.49
2023-09,2023,9,15,อ่างทอง,Ang Thong,ภาคกลาง,68709,3413,72122,129.07,12.87,141.94,38.4,5608,2153,1968.05,33.87,46.94
2023-10,2023,10,15,อ่างทอง,Ang Thong,ภาคกลาง,82919,4101,87020,164.0,14.95,178.94,42.5,5549,2358,2056.31,52.15,80.69
2023-11,2023,11,15,อ่างทอง,Ang Thong,ภาคกลาง,98371,4895,103266,196.15,18.21,214.36,52.9,5392,2852,2075.8,36.98,63.28
2023-12,2023,12,15,อ่างทอง,Ang Thong,ภาคกลาง,116045,5885,121930,223.92,20.57,244.48,62.3,5504,3428,2005.08,41.0,58.96
2024-01,2024,1,15,อ่างทอง,Ang Thong,ภาคกลาง,144621,9625,154246,293.32,38.21,331.53,68.0,5428,3691,2149.36,22.48,34.37
2024-02,2024,2,15,อ่างทอง,Ang Thong,ภาคกลาง,134312,8661,142973,286.09,34.03,320.12,63.8,5535,3531,2239.02,27.62,41.26
2024-03,2024,3,15,อ่างทอง,Ang Thong,ภาคกลาง,118634,7597,126231,243.97,29.54,273.51,55.1,5406,2978,2166.74,29.58,43.83
2024-04,2024,4,15,อ่างทอง,Ang Thong,ภาคกลาง,127012,8060,135072,258.12,32.45,290.57,62.0,5399,3347,2151.22,21.57,25.43
2024-05,2024,5,15,อ่างทอง,Ang Thong,ภาคกลาง,98541,6614,105155,205.13,26.21,231.34,46.0,5472,2517,2199.99,23.41,37.03
2024-06,2024,6,15,อ่างทอง,Ang Thong,ภาคกลาง,87316,5577,92893,181.47,21.53,203.0,43.2,5588,2414,2185.31,17.43,29.0
2024-07,2024,7,15,อ่างทอง,Ang Thong,ภาคกลาง,100311,6954,107265,206.14,27.5,233.64,47.5,5597,2658,2178.16,15.62,28.81
2024-08,2024,8,15,อ่างทอง,Ang Thong,ภาคกลาง,102985,6684,109669,222.91,27.33,250.25,50.0,5396,2698,2281.87,21.73,40.27
2024-09,2024,9,15,อ่างทอง,Ang Thong,ภาคกลาง,86445,5812,92257,183.95,23.94,207.89,42.3,5452,2306,2253.38,27.92,46.46
2024-10,2024,10,15,อ่างทอง,Ang Thong,ภาคกลาง,93862,6473,100335,198.42,24.94,223.36,45.1,5544,2500,2226.14,15.3,24.82
2024-11,2024,11,15,อ่างทอง,Ang Thong,ภาคกลาง,128890,8544,137434,263.91,33.07,296.98,61.0,5463,3332,2160.89,33.09,38.54
2024-12,2024,12,15,อ่างทอง,Ang Thong,ภาคกลาง,152928,10035,162963,330.56,39.36,369.92,69.1,5441,3759,2269.96,33.65,51.31
2019-01,2019,1,16,ลพบุรี,Lop Buri,ภาคกลาง,122699,7917,130616,217.08,26.06,243.14,66.6,5468,3641,1861.49,0.0,0.0
2019-02,2019,2,16,ลพบุรี,Lop Buri,ภาคกลาง,115559,7100,122659,213.95,24.78,238.73,61.8,5599,3460,1946.29,0.0,0.0
2019-03,2019,3,16,ลพบุรี,Lop Buri,ภาคกลาง,104167,6621,110788,182.17,21.37,203.54,57.5,5608,3224,1837.2,0.0,0.0
2019-04,2019,4,16,ลพบุรี,Lop Buri,ภาคกลาง,121567,7645,129212,208.49,25.88,234.37,62.6,5590,3499,1813.84,0.0,0.0
2019-05,2019,5,16,ลพบุรี,Lop Buri,ภาคกลาง,90613,5918,96531,163.56,19.48,183.05,48.0,5425,2604,1896.28,0.0,0.0
2019-06,2019,6,16,ลพบุรี,Lop Buri,ภาคกลาง,82535,4994,87529,147.75,17.08,164.83,45.2,5570,2517,1883.15,0.0,0.0
2019-07,2019,7,16,ลพบุรี,Lop Buri,ภาคกลาง,94518,6034,100552,168.32,19.86,188.19,50.2,5555,2788,1871.57,0.0,0.0
2019-08,2019,8,16,ลพบุรี,Lop Buri,ภาคกลาง,99834,6160,105994,175.13,19.91,195.04,51.1,5525,2823,1840.1,0.0,0.0
2019-09,2019,9,16,ลพบุรี,Lop Buri,ภาคกลาง,83882,5382,89264,152.37,17.63,170.0,42.1,5522,2324,1904.46,0.0,0.0
2019-10,2019,10,16,ลพบุรี,Lop Buri,ภาคกลาง,91803,5723,97526,169.44,18.95,188.38,45.2,5496,2484,1931.59,0.0,0.0
2019-11,2019,11,16,ลพบุรี,Lop Buri,ภาคกลาง,109511,6887,116398,198.63,23.74,222.37,60.3,5402,3257,1910.43,0.0,0.0
2019-12,2019,12,16,ลพบุรี,Lop Buri,ภาคกลาง,135594,8343,143937,247.05,28.48,275.53,69.6,5501,3828,1914.24,0.0,0.0
2020-01,2020,1,16,ลพบุรี,Lop Buri,ภาคกลาง,48879,767,49646,76.62,2.24,78.86,29.0,5540,1606,1588.45,-61.99,-67.57
2020-02,2020,2,16,ลพบุรี,Lop Buri,ภาคกลาง,50592,759,51351,76.58,2.2,78.78,26.3,5522,1452,1534.15,-58.14,-67.0
2020-03,2020,3,16,ลพบุรี,Lop Buri,ภาคกลาง,44070,682,44752,66.65,1.91,68.57,23.4,5436,1272,1532.22,-59.61,-66.31
2020-04,2020,4,16,ลพบุรี,Lop Buri,ภาคกลาง,45362,691,46053,68.5,2.02,70.52,26.1,5576,1455,1531.28,-64.36,-69.91
2020-05,2020,5,16,ลพบุรี,Lop Buri,ภาคกลาง,37762,577,38339,56.46,1.61,58.06,19.7,5506,1084,1514.38,-60.28,-68.28
2020-06,2020,6,16,ลพบุรี,Lop Buri,ภาคกลาง,34377,534,34911,51.56,1.54,53.1,18.7,5465,1021,1521.01,-60.11,-67.78
2020-07,2020,7,16,ลพบุรี,Lop Buri,ภาคกลาง,36924,564,37488,54.14,1.55,55.69,20.8,5597,1164,1485.54,-62.72,-70.41
2020-08,2020,8,16,ลพบุรี,Lop Buri,ภาคกลาง,38223,590,38813,55.83,1.62,57.45,22.0,5540,1218,1480.17,-63.38,-70.54
2020-09,2020,9,16,ลพบุรี,Lop Buri,ภาคกลาง,32213,474,32687,48.18,1.33,49.51,17.3,5435,940,1514.67,-63.38,-70.88
2020-10,2020,10,16,ลพบุรี,Lop Buri,ภาคกลาง,37036,560,37596,54.57,1.61,56.18,18.9,5443,1028,1494.31,-61.45,-70.18
2020-11,2020,11,16,ลพบุรี,Lop Buri,ภาคกลาง,43433,676,44109,65.37,1.98,67.35,25.3,5577,1410,1526.9,-62.11,-69.71
2020-12,2020,12,16,ลพบุรี,Lop Buri,ภาคกลาง,53826,781,54607,82.84,2.28,85.12,29.9,5587,1670,1558.77,-62.06,-69.11
2021-01,2021,1,16,ลพบุรี,Lop Buri,ภาคกลาง,36859,214,37073,51.92,0.57,52.48,20.4,5556,1133,1415.59,-25.33,-33.45
2021-02,2021,2,16,ลพบุรี,Lop Buri,ภาคกลาง,32817,207,33024,46.92,0.54,47.47,19.5,5485,1069,1437.44,-35.69,-39.74
2021-03,2021,3,16,ลพบุรี,Lop Buri,ภาคกลาง,30982,183,31165,44.98,0.51,45.49,16.6,5397,895,1459.65,-30.36,-33.66
2021-04,2021,4,16,ลพบุรี,Lop Buri,ภาคกลาง,32258,203,32461,47.09,0.54,47.63,19.0,5485,1042,1467.3,-29.51,-32.46
2021-05,2021,5,16,ลพบุรี,Lop Buri,ภาคกลาง,25314,146,25460,35.06,0.41,35.46,15.0,5568,835,1392.77,-33.59,-38.93
2021-06,2021,6,16,ลพบุรี,Lop Buri,ภาคกลาง,24359,152,24511,35.59,0.42,36.02,15.0,5578,836,1469.54,-29.79,-32.17
2021-07,2021,7,16,ลพบุรี,Lop Buri,ภาคกลาง,25644,147,25791,35.97,0.39,36.36,15.0,5419,812,1409.79,-31.2,-34.71
2021-08,2021,8,16,ลพบุรี,Lop Buri,ภาคกลาง,28370,170,28540,41.3,0.46,41.76,15.6,5585,871,1463.21,-26.47,-27.31
2021-09,2021,9,16,ลพบุรี,Lop Buri,ภาคกลาง,22094,137,22231,30.44,0.37,30.81,15.0,5398,809,1385.9,-31.99,-37.77
2021-10,2021,10,16,ลพบุรี,Lop Buri,ภาคกลาง,25732,152,25884,36.27,0.41,36.68,15.0,5412,811,1417.09,-31.15,-34.71
2021-11,2021,11,16,ลพบุรี,Lop Buri,ภาคกลาง,32677,194,32871,45.96,0.53,46.48,18.7,5554,1038,1414.01,-25.48,-30.99
2021-12,2021,12,16,ลพบุรี,Lop Buri,ภาคกลาง,38748,227,38975,54.2,0.62,54.81,22.0,5599,1231,1406.29,-28.63,-35.61
2022-01,2022,1,16,ลพบุรี,Lop Buri,ภาคกลาง,80186,2294,82480,138.24,7.49,145.72,45.0,5415,2436,1766.73,122.48,177.67
2022-02,2022,2,16,ลพบุรี,Lop Buri,ภาคกลาง,74663,2252,76915,125.86,7.41,133.27,43.1,5487,2364,1732.69,132.91,180.75
2022-03,2022,3,16,ลพบุรี,Lop Buri,ภาคกลาง,71384,2093,73477,119.53,6.54,126.07,37.6,5462,2053,1715.78,135.77,177.14
2022-04,2022,4,16,ลพบุรี,Lop Buri,ภาคกลาง,74246,2088,76334,129.15,6.86,136.01,41.3,5472,2259,1781.77,135.16,185.56
2022-05,2022,5,16,ลพบุรี,Lop Buri,ภาคกลาง,58371,1745,60116,96.77,5.42,102.19,31.8,5484,1743,1699.88,136.12,188.18
2022-06,2022,6,16,ลพบุรี,Lop Buri,ภาคกลาง,51973,1471,53444,87.65,4.54,92.19,29.8,5545,1652,1724.98,118.04,155.94
2022-07,2022,7,16,ลพบุรี,Lop Buri,ภาคกลาง,58215,1772,59987,98.81,5.85,104.66,32.8,5472,1794,1744.71,132.59,187.84
2022-08,2022,8,16,ลพบุรี,Lop Buri,ภาคกลาง,66491,1927,68418,117.2,6.19,123.4,35.7,5507,1965,1803.62,139.73,195.5
2022-09,2022,9,16,ลพบุรี,Lop Buri,ภาคกลาง,49190,1422,50612,82.15,4.7,86.85,28.3,5431,1536,1716.0,127.66,181.89
2022-10,2022,10,16,ลพบุรี,Lop Buri,ภาคกลาง,53866,1607,55473,89.12,5.23,94.35,31.3,5393,1688,1700.83,114.31,157.22
2022-11,2022,11,16,ลพบุรี,Lop Buri,ภาคกลาง,70909,2155,73064,124.52,7.09,131.6,40.0,5552,2220,1801.16,122.27,183.13
2022-12,2022,12,16,ลพบุรี,Lop Buri,ภาคกลาง,86430,2560,88990,143.98,8.08,152.05,49.0,5561,2724,1708.62,128.33,177.41
2023-01,2023,1,16,ลพบุรี,Lop Buri,ภาคกลาง,110468,5921,116389,219.76,21.31,241.07,59.2,5476,3241,2071.24,41.11,65.43
2023-02,2023,2,16,ลพบุรี,Lop Buri,ภาคกลาง,104872,5339,110211,198.84,19.44,218.28,55.9,5581,3119,1980.56,43.29,63.79
2023-03,2023,3,16,ลพบุรี,Lop Buri,ภาคกลาง,99281,5272,104553,194.95,19.36,214.31,49.2,5549,2730,2049.77,42.29,69.99
2023-04,2023,4,16,ลพบุรี,Lop Buri,ภาคกลาง,109566,5922,115488,214.32,22.26,236.58,54.3,5398,2931,2048.52,51.29,73.94
2023-05,2023,5,16,ลพบุรี,Lop Buri,ภาคกลาง,79252,4242,83494,151.48,15.67,167.16,43.2,5592,2415,2002.06,38.89,63.58
2023-06,2023,6,16,ลพบุรี,Lop Buri,ภาคกลาง,78267,4138,82405,156.84,14.42,171.26,40.0,5540,2216,2078.27,54.19,85.77
2023-07,2023,7,16,ลพบุรี,Lop Buri,ภาคกลาง,84800,4255,89055,158.98,15.61,174.59,43.4,5527,2398,1960.47,48.46,66.82
2023-08,2023,8,16,ลพบุรี,Lop Buri,ภาคกลาง,83097,4221,87318,156.18,15.25,171.44,44.8,5483,2456,1963.4,27.62,38.93
2023-09,2023,9,16,ลพบุรี,Lop Buri,ภาคกลาง,70741,3710,74451,135.2,13.76,148.97,36.7,5485,2012,2000.91,47.1,71.53
2023-10,2023,10,16,ลพบุรี,Lop Buri,ภาคกลาง,76967,4066,81033,150.75,15.0,165.75,42.2,5409,2282,2045.46,46.08,75.68
2023-11,2023,11,16,ลพบุรี,Lop Buri,ภาคกลาง,101236,4980,106216,195.03,18.55,213.58,54.3,5480,2975,2010.81,45.37,62.29
2023-12,2023,12,16,ลพบุรี,Lop Buri,ภาคกลาง,116294,5973,122267,216.34,21.84,238.18,63.1,5456,3442,1948.03,37.39,56.65
2024-01,2024,1,16,ลพบุรี,Lop Buri,ภาคกลาง,137379,9041,146420,292.68,35.6,328.28,66.8,5423,3622,2242.04,25.8,36.18
2024-02,2024,2,16,ลพบุรี,Lop Buri,ภาคกลาง,134274,8911,143185,293.68,35.94,329.63,61.1,5593,3417,2302.13,29.92,51.01
2024-03,2024,3,16,ลพบุรี,Lop Buri,ภาคกลาง,119418,8253,127671,253.79,32.49,286.28,56.0,5554,3110,2242.33,22.11,33.58
2024-04,2024,4,16,ลพบุรี,Lop Buri,ภาคกลาง,120432,7823,128255,263.33,31.35,294.68,59.5,5421,3225,2297.61,11.05,24.56
2024-05,2024,5,16,ลพบุรี,Lop Buri,ภาคกลาง,97710,6272,103982,207.05,25.41,232.45,45.9,5500,2524,2235.48,24.54,39.06
2024-06,2024,6,16,ลพบุรี,Lop Buri,ภาคกลาง,86100,6019,92119,186.89,24.46,211.34,44.5,5555,2471,2294.21,11.79,23.4
2024-07,2024,7,16,ลพบุรี,Lop Buri,ภาคกลาง,103640,6760,110400,225.2,26.36,251.56,47.7,5507,2626,2278.62,23.97,44.09
2024-08,2024,8,16,ลพบุรี,Lop Buri,ภาคกลาง,103412,6648,110060,215.95,25.6,241.56,49.1,5600,2749,2194.8,26.05,40.9
2024-09,2024,9,16,ลพบุรี,Lop Buri,ภาคกลาง,82604,5507,88111,170.18,21.85,192.03,41.8,5396,2255,2179.41,18.35,28.91
2024-10,2024,10,16,ลพบุรี,Lop Buri,ภาคกลาง,88489,5996,94485,179.89,23.02,202.91,46.1,5530,2549,2147.54,16.6,22.42
2024-11,2024,11,16,ลพบุรี,Lop Buri,ภาคกลาง,117832,7432,125264,255.92,28.96,284.88,59.4,5529,3284,2274.24,17.93,33.38
2024-12,2024,12,16,ลพบุรี,Lop Buri,ภาคกลาง,142787,9706,152493,297.72,37.08,334.79,69.2,5443,3766,2195.45,24.72,40.56
2019-01,2019,1,17,สิงห์บุรี,Sing Buri,ภาคกลาง,132819,8295,141114,236.63,28.02,264.65,68.2,5596,3816,1875.43,0.0,0.0
2019-02,2019,2,17,สิงห์บุรี,Sing Buri,ภาคกลาง,123757,8209,131966,221.18,27.48,248.66,63.7,5536,3526,1884.27,0.0,0.0
2019-03,2019,3,17,สิงห์บุรี,Sing Buri,ภาคกลาง,103413,6531,109944,180.22,22.47,202.69,56.9,5551,3158,1843.57,0.0,0.0
2019-04,2019,4,17,สิงห์บุรี,Sing Buri,ภาคกลาง,120229,7979,128208,208.09,27.29,235.38,63.6,5404,3436,1835.92,0.0,0.0
2019-05,2019,5,17,สิงห์บุรี,Sing Buri,ภาคกลาง,91544,6012,97556,157.03,20.2,177.23,46.1,5468,2520,1816.7,0.0,0.0
2019-06,2019,6,17,สิงห์บุรี,Sing Buri,ภาคกลาง,88290,5626,93916,161.27,18.65,179.93,44.2,5430,2400,1915.86,0.0,0.0
2019-07,2019,7,17,สิงห์บุรี,Sing Buri,ภาคกลาง,97977,6305,104282,179.33,21.87,201.2,50.4,5402,2722,1929.38,0.0,0.0
2019-08,2019,8,17,สิงห์บุรี,Sing Buri,ภาคกลาง,102554,6334,108888,189.85,20.64,210.49,50.1,5495,2752,1933.09,0.0,0.0
2019-09,2019,9,17,สิงห์บุรี,Sing Buri,ภาคกลาง,80105,5292,85397,145.38,18.25,163.63,41.1,5574,2290,1916.11,0.0,0.0
2019-10,2019,10,17,สิงห์บุรี,Sing Buri,ภาคกลาง,93264,6022,99286,163.14,20.31,183.45,46.0,5577,2565,1847.69,0.0,0.0
2019-11,2019,11,17,สิงห์บุรี,Sing Buri,ภาคกลาง,114815,7304,122119,207.26,25.38,232.64,59.8,5505,3291,1905.03,0.0,0.0
2019-12,2019,12,17,สิงห์บุรี,Sing Buri,ภาคกลาง,141247,9435,150682,261.21,31.74,292.94,71.4,5476,3909,1944.09,0.0,0.0
2020-01,2020,1,17,สิงห์บุรี,Sing Buri,ภาคกลาง,48681,762,49443,75.63,2.24,77.86,28.4,5441,1545,1574.74,-64.96,-70.58
2020-02,2020,2,17,สิงห์บุรี,Sing Buri,ภาคกลาง,46029,694,46723,69.48,1.99,71.47,27.2,5572,1515,1529.65,-64.59,-71.26
2020-03,2020,3,17,สิงห์บุรี,Sing Buri,ภาคกลาง,40732,645,41377,60.45,1.8,62.25,23.5,5418,1273,1504.46,-62.37,-69.29
2020-04,2020,4,17,สิงห์บุรี,Sing Buri,ภาคกลาง,48520,738,49258,75.88,2.07,77.95,26.2,5438,1424,1582.48,-61.58,-66.88
2020-05,2020,5,17,สิงห์บุรี,Sing Buri,ภาคกลาง,34301,504,34805,50.51,1.48,51.99,19.6,5489,1075,1493.75,-64.32,-70.67
2020-06,2020,6,17,สิงห์บุรี,Sing Buri,ภาคกลาง,32052,512,32564,46.97,1.42,48.39,19.0,5456,1036,1486.0,-65.33,-73.11
2020-07,2020,7,17,สิงห์บุรี,Sing Buri,ภาคกลาง,38911,567,39478,60.13,1.66,61.8,21.0,5570,1169,1565.43,-62.14,-69.28
2020-08,2020,8,17,สิงห์บุรี,Sing Buri,ภาคกลาง,38002,589,38591,56.77,1.72,58.49,20.9,5595,1169,1515.64,-64.56,-72.21
2020-09,2020,9,17,สิงห์บุรี,Sing Buri,ภาคกลาง,33243,489,33732,50.96,1.34,52.3,18.2,5462,994,1550.46,-60.5,-68.04
2020-10,2020,10,17,สิงห์บุรี,Sing Buri,ภาคกลาง,36300,530,36830,53.82,1.56,55.38,19.2,5429,1042,1503.67,-62.91,-69.81
2020-11,2020,11,17,สิงห์บุรี,Sing Buri,ภาคกลาง,47654,710,48364,73.34,2.0,75.34,25.5,5425,1383,1557.77,-60.4,-67.62
2020-12,2020,12,17,สิงห์บุรี,Sing Buri,ภาคกลาง,53297,794,54091,82.79,2.34,85.12,30.0,5418,1625,1573.64,-64.1,-70.94
2021-01,2021,1,17,สิงห์บุรี,Sing Buri,ภาคกลาง,36599,221,36820,52.0,0.61,52.61,19.8,5514,1091,1428.84,-25.53,-32.43
2021-02,2021,2,17,สิงห์บุรี,Sing Buri,ภาคกลาง,33407,211,33618,48.1,0.56,48.67,18.6,5575,1036,1447.74,-28.05,-31.9
2021-03,2021,3,17,สิงห์บุรี,Sing Buri,ภาคกลาง,28659,176,28835,40.96,0.46,41.42,16.6,5592,928,1436.45,-30.31,-33.46
2021-04,2021,4,17,สิงห์บุรี,Sing Buri,ภาคกลาง,32210,199,32409,46.93,0.55,47.49,18.3,5585,1022,1465.33,-34.21,-39.08
2021-05,2021,5,17,สิงห์บุรี,Sing Buri,ภาคกลาง,25368,158,25526,35.87,0.43,36.29,15.0,5397,809,1421.69,-26.66,-30.2
2021-06,2021,6,17,สิงห์บุรี,Sing Buri,ภาคกลาง,22124,133,22257,32.27,0.37,32.65,15.0,5561,834,1466.95,-31.65,-32.53
2021-07,2021,7,17,สิงห์บุรี,Sing Buri,ภาคกลาง,26175,161,26336,38.29,0.44,38.72,15.0,5504,825,1470.23,-33.29,-37.35
2021-08,2021,8,17,สิงห์บุรี,Sing Buri,ภาคกลาง,27700,175,27875,40.61,0.46,41.07,15.6,5542,864,1473.36,-27.77,-29.78
2021-09,2021,9,17,สิงห์บุรี,Sing Buri,ภาคกลาง,22055,137,22192,31.2,0.36,31.57,15.0,5574,836,1422.58,-34.21,-39.64
2021-10,2021,10,17,สิงห์บุรี,Sing Buri,ภาคกลาง,24443,146,24589,35.31,0.39,35.7,15.0,5547,832,1451.87,-33.24,-35.54
2021-11,2021,11,17,สิงห์บุรี,Sing Buri,ภาคกลาง,32278,193,32471,45.51,0.52,46.03,17.6,5476,963,1417.57,-32.86,-38.9
2021-12,2021,12,17,สิงห์บุรี,Sing Buri,ภาคกลาง,37806,232,38038,54.94,0.64,55.58,21.6,5600,1209,1461.17,-29.68,-34.7
2022-01,2022,1,17,สิงห์บุรี,Sing Buri,ภาคกลาง,86086,2625,88711,147.83,8.26,156.09,44.9,5501,2469,1759.53,140.93,196.69
2022-02,2022,2,17,สิงห์บุรี,Sing Buri,ภาคกลาง,74154,2287,76441,130.76,7.52,138.27,43.6,5555,2421,1808.85,127.38,184.1
2022-03,2022,3,17,สิงห์บุรี,Sing Buri,ภาคกลาง,69126,2146,71272,120.99,6.75,127.74,37.9,5432,2058,1792.29,147.17,208.4
2022-04,2022,4,17,สิงห์บุรี,Sing Buri,ภาคกลาง,77611,2337,79948,127.82,7.67,135.5,42.1,5411,2278,1694.85,146.68,185.32
2022-05,2022,5,17,สิงห์บุรี,Sing Buri,ภาคกลาง,61278,1821,63099,101.97,5.67,107.64,32.1,5527,1774,1705.89,147.2,196.61
2022-06,2022,6,17,สิงห์บุรี,Sing Buri,ภาคกลาง,56678,1730,58408,93.05,5.54,98.59,30.5,5469,1668,1687.95,162.43,201.96
2022-07,2022,7,17,สิงห์บุรี,Sing Buri,ภาคกลาง,58111,1708,59819,98.06,5.58,103.64,33.6,5512,1852,1732.56,127.14,167.67
2022-08,2022,8,17,สิงห์บุรี,Sing Buri,ภาคกลาง,66587,2015,68602,112.06,6.28,118.34,34.5,5465,1885,1725.02,146.11,188.14
2022-09,2022,9,17,สิงห์บุรี,Sing Buri,ภาคกลาง,53602,1552,55154,90.27,4.89,95.16,28.5,5480,1561,1725.35,148.53,201.43
2022-10,2022,10,17,สิงห์บุรี,Sing Buri,ภาคกลาง,59234,1807,61041,99.36,5.57,104.93,32.4,5476,1774,1719.01,148.25,193.92
2022-11,2022,11,17,สิงห์บุรี,Sing Buri,ภาคกลาง,76100,2360,78460,131.55,7.38,138.93,40.0,5528,2211,1770.71,141.63,201.82
2022-12,2022,12,17,สิงห์บุรี,Sing Buri,ภาคกลาง,91448,2615,94063,152.03,8.56,160.59,48.3,5588,2699,1707.26,147.29,188.93
2023-01,2023,1,17,สิงห์บุรี,Sing Buri,ภาคกลาง,114881,6190,121071,222.78,23.12,245.91,59.1,5478,3237,2031.12,36.48,57.54
2023-02,2023,2,17,สิงห์บุรี,Sing Buri,ภาคกลาง,103981,5377,109358,202.46,20.22,222.68,57.4,5484,3147,2036.25,43.06,61.05
2023-03,2023,3,17,สิงห์บุรี,Sing Buri,ภาคกลาง,92503,4705,97208,178.37,17.68,196.05,51.9,5409,2807,2016.81,36.39,53.48
2023-04,2023,4,17,สิงห์บุรี,Sing Buri,ภาคกลาง,101118,5489,106607,200.47,19.86,220.33,55.2,5535,3055,2066.75,33.35,62.61
2023-05,2023,5,17,สิงห์บุรี,Sing Buri,ภาคกลาง,81471,4089,85560,153.16,15.33,168.49,41.1,5462,2244,1969.26,35.6,56.53
2023-06,2023,6,17,สิงห์บุรี,Sing Buri,ภาคกลาง,74592,3882,78474,138.45,13.81,152.26,40.2,5587,2245,1940.26,34.35,54.44
2023-07,2023,7,17,สิงห์บุรี,Sing Buri,ภาคกลาง,89484,4821,94305,173.04,17.62,190.66,45.5,5510,2507,2021.74,57.65,83.96
2023-08,2023,8,17,สิงห์บุรี,Sing Buri,ภาคกลาง,89947,4821,94768,167.49,18.17,185.66,44.9,5556,2494,1959.1,38.14,56.89
2023-09,2023,9,17,สิงห์บุรี,Sing Buri,ภาคกลาง,74024,3943,77967,138.99,14.0,152.99,38.4,5399,2073,1962.24,41.36,60.77
2023-10,2023,10,17,สิงห์บุรี,Sing Buri,ภาคกลาง,75378,3958,79336,144.92,14.88,159.8,42.5,5596,2378,2014.22,29.97,52.29
2023-11,2023,11,17,สิงห์บุรี,Sing Buri,ภาคกลาง,101317,5089,106406,198.37,18.87,217.24,53.4,5460,2915,2041.61,35.62,56.37
2023-12,2023,12,17,สิงห์บุรี,Sing Buri,ภาคกลาง,117640,6154,123794,229.16,22.49,251.65,62.1,5452,3385,2032.81,31.61,56.7
2024-01,2024,1,17,สิงห์บุรี,Sing Buri,ภาคกลาง,136384,9358,145742,279.59,36.93,316.52,65.4,5436,3555,2171.78,20.38,28.71
2024-02,2024,2,17,สิงห์บุรี,Sing Buri,ภาคกลาง,129226,8731,137957,270.22,35.66,305.88,62.1,5505,3418,2217.21,26.15,37.36
2024-03,2024,3,17,สิงห์บุรี,Sing Buri,ภาคกลาง,115067,7666,122733,246.3,30.71,277.02,55.1,5462,3009,2257.09,26.26,41.3
2024-04,2024,4,17,สิงห์บุรี,Sing Buri,ภาคกลาง,123468,8512,131980,256.35,33.66,290.01,61.1,5447,3328,2197.38,23.8,31.63
2024-05,2024,5,17,สิงห์บุรี,Sing Buri,ภาคกลาง,101872,6434,108306,213.69,24.9,238.58,47.0,5436,2554,2202.83,26.58,41.6
2024-06,2024,6,17,สิงห์บุรี,Sing Buri,ภาคกลาง,92791,6134,98925,202.21,24.34,226.55,43.1,5399,2326,2290.12,26.06,48.79
2024-07,2024,7,17,สิงห์บุรี,Sing Buri,ภาคกลาง,103226,6794,110020,212.69,25.95,238.63,49.9,5505,2746,2168.97,16.66,25.16
2024-08,2024,8,17,สิงห์บุรี,Sing Buri,ภาคกลาง,98283,6472,104755,210.14,24.97,235.11,49.0,5510,2699,2244.38,10.54,26.63
2024-09,2024,9,17,สิงห์บุรี,Sing Buri,ภาคกลาง,87248,5780,93028,183.43,23.26,206.7,42.5,5463,2321,2221.91,19.32,35.11
2024-10,2024,10,17,สิงห์บุรี,Sing Buri,ภาคกลาง,98462,6566,105028,210.83,26.1,236.92,45.0,5398,2429,2255.78,32.38,48.26
2024-11,2024,11,17,สิงห์บุรี,Sing Buri,ภาคกลาง,128639,8572,137211,267.13,34.91,302.04,61.0,5407,3298,2201.28,28.95,39.04
2024-12,2024,12,17,สิงห์บุรี,Sing Buri,ภาคกลาง,147185,9576,156761,310.12,38.29,348.41,68.7,5448,3742,2222.56,26.63,38.45
2019-01,2019,1,18,ชัยนาท,Chai Nat,ภาคกลาง,133099,8238,141337,233.06,26.64,259.7,67.9,5401,3667,1837.45,0.0,0.0
2019-02,2019,2,18,ชัยนาท,Chai Nat,ภาคกลาง,117087,7100,124187,212.42,23.49,235.91,62.6,5538,3466,1899.64,0.0,0.0
2019-03,2019,3,18,ชัยนาท,Chai Nat,ภาคกลาง,110300,6807,117107,201.36,22.61,223.96,56.9,5391,3067,1912.44,0.0,0.0
2019-04,2019,4,18,ชัยนาท,Chai Nat,ภาคกลาง,119667,7348,127015,212.27,23.72,236.0,61.3,5496,3369,1858.05,0.0,0.0
2019-05,2019,5,18,ชัยนาท,Chai Nat,ภาคกลาง,95811,5939,101750,167.22,20.17,187.39,47.0,5576,2620,1841.67,0.0,0.0
2019-06,2019,6,18,ชัยนาท,Chai Nat,ภาคกลาง,88184,5858,94042,152.07,19.63,171.7,44.0,5566,2449,1825.78,0.0,0.0
2019-07,2019,7,18,ชัยนาท,Chai Nat,ภาคกลาง,89663,5548,95211,158.91,18.89,177.8,49.4,5584,2758,1867.43,0.0,0.0
2019-08,2019,8,18,ชัยนาท,Chai Nat,ภาคกลาง,99212,6360,105572,170.82,20.66,191.48,50.1,5518,2764,1813.74,0.0,0.0
2019-09,2019,9,18,ชัยนาท,Chai Nat,ภาคกลาง,82203,5357,87560,151.18,17.8,168.99,42.7,5414,2311,1929.99,0.0,0.0
2019-10,2019,10,18,ชัยนาท,Chai Nat,ภาคกลาง,89548,5724,95272,153.65,18.62,172.27,47.7,5472,2610,1808.19,0.0,0.0
2019-11,2019,11,18,ชัยนาท,Chai Nat,ภาคกลาง,109446,7338,116784,195.02,24.38,219.39,60.0,5540,3324,1878.6,0.0,0.0
2019-12,2019,12,18,ชัยนาท,Chai Nat,ภาคกลาง,142198,9069,151267,253.63,30.4,284.03,72.8,5573,4057,1877.67,0.0,0.0
2020-01,2020,1,18,ชัยนาท,Chai Nat,ภาคกลาง,53581,834,54415,79.06,2.47,81.53,27.9,5436,1516,1498.3,-61.5,-68.61
2020-02,2020,2,18,ชัยนาท,Chai Nat,ภาคกลาง,50201,728,50929,76.39,2.03,78.42,27.5,5573,1532,1539.79,-58.99,-66.76
2020-03,2020,3,18,ชัยนาท,Chai Nat,ภาคกลาง,43983,640,44623,67.51,1.77,69.28,23.6,5545,1308,1552.56,-61.9,-69.07
2020-04,2020,4,18,ชัยนาท,Chai Nat,ภาคกลาง,46016,722,46738,72.57,1.99,74.55,25.5,5565,1419,1595.06,-63.2,-68.41
2020-05,2020,5,18,ชัยนาท,Chai Nat,ภาคกลาง,36292,567,36859,56.34,1.61,57.95,20.1,5414,1088,1572.21,-63.77,-69.08
2020-06,2020,6,18,ชัยนาท,Chai Nat,ภาคกลาง,34380,514,34894,51.17,1.46,52.63,18.4,5480,1008,1508.28,-62.9,-69.35
2020-07,2020,7,18,ชัยนาท,Chai Nat,ภาคกลาง,37459,554,38013,57.06,1.58,58.64,20.9,5514,1152,1542.63,-60.07,-67.02
2020-08,2020,8,18,ชัยนาท,Chai Nat,ภาคกลาง,38411,561,38972,59.53,1.6,61.13,21.2,5449,1155,1568.56,-63.08,-68.07
2020-09,2020,9,18,ชัยนาท,Chai Nat,ภาคกลาง,30642,469,31111,47.55,1.38,48.93,17.8,5459,971,1572.76,-64.47,-71.05
2020-10,2020,10,18,ชัยนาท,Chai Nat,ภาคกลาง,33330,521,33851,51.03,1.53,52.56,19.1,5452,1041,1552.69,-64.47,-69.49
2020-11,2020,11,18,ชัยนาท,Chai Nat,ภาคกลาง,45035,713,45748,70.99,2.07,73.05,25.8,5597,1444,1596.79,-60.83,-66.7
2020-12,2020,12,18,ชัยนาท,Chai Nat,ภาคกลาง,52478,811,53289,81.77,2.29,84.06,30.7,5567,1709,1577.44,-64.77,-70.4
2021-01,2021,1,18,ชัยนาท,Chai Nat,ภาคกลาง,37458,232,37690,54.12,0.63,54.75,20.8,5484,1140,1452.64,-30.74,-32.85
2021-02,2021,2,18,ชัยนาท,Chai Nat,ภาคกลาง,34144,204,34348,49.12,0.53,49.64,18.6,5390,1002,1445.21,-32.56,-36.7
2021-03,2021,3,18,ชัยนาท,Chai Nat,ภาคกลาง,29283,184,29467,40.16,0.51,40.68,17.0,5395,917,1380.53,-33.96,-41.28
2021-04,2021,4,18,ชัยนาท,Chai Nat,ภาคกลาง,32250,196,32446,44.9,0.54,45.45,18.9,5521,1043,1400.79,-30.58,-39.03
2021-05,2021,5,18,ชัยนาท,Chai Nat,ภาคกลาง,26090,153,26243,36.18,0.42,36.6,15.0,5585,837,1394.66,-28.8,-36.84
2021-06,2021,6,18,ชัยนาท,Chai Nat,ภาคกลาง,24357,150,24507,34.85,0.41,35.26,15.0,5571,835,1438.77,-29.77,-33.0
2021-07,2021,7,18,ชัยนาท,Chai Nat,ภาคกลาง,27130,162,27292,38.54,0.44,38.98,15.0,5557,833,1428.26,-28.2,-33.53
2021-08,2021,8,18,ชัยนาท,Chai Nat,ภาคกลาง,26438,164,26602,36.9,0.45,37.36,15.5,5476,848,1404.41,-31.74,-38.88
2021-09,2021,9,18,ชัยนาท,Chai Nat,ภาคกลาง,22616,133,22749,31.05,0.35,31.39,15.0,5454,818,1379.84,-26.88,-35.85
2021-10,2021,10,18,ชัยนาท,Chai Nat,ภาคกลาง,25854,160,26014,36.5,0.44,36.95,15.0,5503,825,1420.39,-23.15,-29.7
2021-11,2021,11,18,ชัยนาท,Chai Nat,ภาคกลาง,33482,204,33686,49.28,0.53,49.81,17.9,5443,974,1478.66,-26.37,-31.81
2021-12,2021,12,18,ชัยนาท,Chai Nat,ภาคกลาง,37956,232,38188,54.94,0.64,55.58,21.7,5441,1180,1455.43,-28.34,-33.88
2022-01,2022,1,18,ชัยนาท,Chai Nat,ภาคกลาง,78038,2288,80326,132.07,7.05,139.12,45.7,5487,2507,1731.94,113.12,154.1
2022-02,2022,2,18,ชัยนาท,Chai Nat,ภาคกลาง,75332,2272,77604,131.84,7.34,139.18,44.2,5596,2473,1793.46,125.93,180.38
2022-03,2022,3,18,ชัยนาท,Chai Nat,ภาคกลาง,69671,2102,71773,115.51,6.46,121.97,38.5,5462,2102,1699.39,143.57,199.83
2022-04,2022,4,18,ชัยนาท,Chai Nat,ภาคกลาง,75270,2120,77390,127.92,6.98,134.9,43.1,5403,2328,1743.12,138.52,196.81
2022-05,2022,5,18,ชัยนาท,Chai Nat,ภาคกลาง,57887,1697,59584,96.13,5.44,101.58,31.5,5395,1699,1704.82,127.05,177.54
2022-06,2022,6,18,ชัยนาท,Chai Nat,ภาคกลาง,51561,1582,53143,85.46,4.98,90.45,30.8,5588,1721,1702.01,116.85,156.52
2022-07,2022,7,18,ชัยนาท,Chai Nat,ภาคกลาง,61470,1889,63359,106.92,5.94,112.86,33.9,5456,1849,1781.28,132.15,189.53
2022-08,2022,8,18,ชัยนาท,Chai Nat,ภาคกลาง,64874,1940,66814,113.33,5.96,119.3,34.5,5609,1935,1785.55,151.16,219.33
2022-09,2022,9,18,ชัยนาท,Chai Nat,ภาคกลาง,51639,1580,53219,89.66,5.17,94.83,28.0,5565,1558,1781.88,133.94,202.1
2022-10,2022,10,18,ชัยนาท,Chai Nat,ภาคกลาง,57167,1669,58836,100.65,5.37,106.02,32.5,5560,1807,1801.96,126.17,186.93
2022-11,2022,11,18,ชัยนาท,Chai Nat,ภาคกลาง,72798,2218,75016,122.11,7.29,129.4,41.2,5415,2230,1724.97,122.69,159.79
2022-12,2022,12,18,ชัยนาท,Chai Nat,ภาคกลาง,87032,2500,89532,147.27,7.76,155.03,49.2,5609,2759,1731.56,134.45,178.93
2023-01,2023,1,18,ชัยนาท,Chai Nat,ภาคกลาง,121546,6360,127906,233.38,23.6,256.97,60.2,5484,3301,2009.05,59.23,84.71
2023-02,2023,2,18,ชัยนาท,Chai Nat,ภาคกลาง,102270,5373,107643,191.01,19.7,210.71,56.6,5591,3164,1957.49,38.71,51.39
2023-03,2023,3,18,ชัยนาท,Chai Nat,ภาคกลาง,96598,4768,101366,179.95,17.48,197.43,49.5,5446,2695,1947.69,41.23,61.87
2023-04,2023,4,18,ชัยนาท,Chai Nat,ภาคกลาง,99928,5035,104963,194.65,18.18,212.83,54.2,5558,3012,2027.67,35.63,57.77
2023-05,2023,5,18,ชัยนาท,Chai Nat,ภาคกลาง,83017,4487,87504,165.83,16.46,182.29,41.3,5403,2231,2083.22,46.86,79.45
2023-06,2023,6,18,ชัยนาท,Chai Nat,ภาคกลาง,72306,3854,76160,135.8,14.26,150.06,39.2,5483,2149,1970.33,43.31,65.9
2023-07,2023,7,18,ชัยนาท,Chai Nat,ภาคกลาง,83685,4517,88202,156.13,16.04,172.18,44.6,5411,2413,1952.11,39.21,52.56
2023-08,2023,8,18,ชัยนาท,Chai Nat,ภาคกลาง,87940,4468,92408,166.55,15.83,182.39,45.5,5428,2469,1973.75,38.31,52.88
2023-09,2023,9,18,ชัยนาท,Chai Nat,ภาคกลาง,73984,3646,77630,147.25,13.59,160.84,37.0,5406,2000,2071.88,45.87,69.61
2023-10,2023,10,18,ชัยนาท,Chai Nat,ภาคกลาง,82803,4469,87272,163.71,16.73,180.45,41.8,5395,2255,2067.67,48.33,70.2
2023-11,2023,11,18,ชัยนาท,Chai Nat,ภาคกลาง,97132,4795,101927,187.47,17.57,205.04,53.6,5572,2986,2011.64,35.87,58.45
2023-12,2023,12,18,ชัยนาท,Chai Nat,ภาคกลาง,117232,6092,123324,222.93,22.04,244.97,64.5,5410,3489,1986.39,37.74,58.01
2024-01,2024,1,18,ชัยนาท,Chai Nat,ภาคกลาง,130625,8580,139205,265.73,34.13,299.86,66.6,5608,3734,2154.09,8.83,16.69
2024-02,2024,2,18,ชัยนาท,Chai Nat,ภาคกลาง,121561,8087,129648,264.81,31.53,296.34,60.9,5491,3344,2285.73,20.44,40.64
2024-03,2024,3,18,ชัยนาท,Chai Nat,ภาคกลาง,111582,7464,119046,235.78,29.26,265.05,55.3,5574,3082,2226.45,17.44,34.25
2024-04,2024,4,18,ชัยนาท,Chai Nat,ภาคกลาง,124370,8129,132499,270.85,33.01,303.87,61.8,5486,3390,2293.38,26.23,42.78
2024-05,2024,5,18,ชัยนาท,Chai Nat,ภาคกลาง,101089,6830,107919,210.02,27.9,237.91,47.5,5473,2599,2204.52,23.33,30.51
2024-06,2024,6,18,ชัยนาท,Chai Nat,ภาคกลาง,92427,6199,98626,188.07,25.2,213.27,43.7,5444,2379,2162.41,29.5,42.12
2024-07,2024,7,18,ชัยนาท,Chai Nat,ภาคกลาง,104347,6985,111332,226.98,28.68,255.66,48.6,5460,2653,2296.37,26.22,48.48
2024-08,2024,8,18,ชัยนาท,Chai Nat,ภาคกลาง,106941,7459,114400,218.03,30.04,248.08,49.0,5550,2719,2168.53,23.8,36.02
2024-09,2024,9,18,ชัยนาท,Chai Nat,ภาคกลาง,90472,5742,96214,189.86,23.1,212.96,42.1,5563,2342,2213.4,23.94,32.4
2024-10,2024,10,18,ชัยนาท,Chai Nat,ภาคกลาง,91132,5895,97027,198.76,23.07,221.83,46.3,5595,2590,2286.27,11.18,22.93
2024-11,2024,11,18,ชัยนาท,Chai Nat,ภาคกลาง,125612,8503,134115,262.22,32.88,295.1,58.6,5410,3170,2200.35,31.58,43.92
2024-12,2024,12,18,ชัยนาท,Chai Nat,ภาคกลาง,139013,8815,147828,296.85,35.28,332.13,68.5,5525,3784,2246.73,19.87,35.58
2019-01,2019,1,19,สระบุรี,Saraburi,ภาคกลาง,129114,8326,137440,235.46,27.6,263.07,65.9,5406,3562,1914.07,0.0,0.0
2019-02,2019,2,19,สระบุรี,Saraburi,ภาคกลาง,129226,7893,137119,229.63,26.89,256.52,65.1,5428,3533,1870.78,0.0,0.0
2019-03,2019,3,19,สระบุรี,Saraburi,ภาคกลาง,112303,6814,119117,195.69,23.35,219.03,58.3,5470,3189,1838.78,0.0,0.0
2019-04,2019,4,19,สระบุรี,Saraburi,ภาคกลาง,120361,7310,127671,215.85,23.82,239.67,61.5,5550,3413,1877.25,0.0,0.0
2019-05,2019,5,19,สระบุรี,Saraburi,ภาคกลาง,93732,5726,99458,161.01,19.13,180.14,47.5,5535,2629,1811.22,0.0,0.0
2019-06,2019,6,19,สระบุรี,Saraburi,ภาคกลาง,89044,5504,94548,163.74,17.85,181.59,44.0,5509,2423,1920.61,0.0,0.0
2019-07,2019,7,19,สระบุรี,Saraburi,ภาคกลาง,99383,6620,106003,180.11,21.91,202.02,49.0,5431,2661,1905.8,0.0,0.0
2019-08,2019,8,19,สระบุรี,Saraburi,ภาคกลาง,98921,6135,105056,181.1,20.84,201.94,49.9,5499,2744,1922.21,0.0,0.0
2019-09,2019,9,19,สระบุรี,Saraburi,ภาคกลาง,79563,5287,84850,147.26,17.12,164.38,42.6,5528,2354,1937.3,0.0,0.0
2019-10,2019,10,19,สระบุรี,Saraburi,ภาคกลาง,90267,5504,95771,166.7,18.76,185.47,46.7,5417,2529,1936.6,0.0,0.0
2019-11,2019,11,19,สระบุรี,Saraburi,ภาคกลาง,117900,7698,125598,207.35,25.39,232.73,59.1,5534,3270,1852.98,0.0,0.0
2019-12,2019,12,19,สระบุรี,Saraburi,ภาคกลาง,135051,8467,143518,242.47,28.43,270.9,70.2,5564,3905,1887.57,0.0,0.0
2020-01,2020,1,19,สระบุรี,Saraburi,ภาคกลาง,53299,785,54084,84.09,2.16,86.26,27.5,5573,1532,1594.93,-60.65,-67.21
2020-02,2020,2,19,สระบุรี,Saraburi,ภาคกลาง,50596,755,51351,76.59,2.14,78.73,26.2,5396,1413,1533.17,-62.55,-69.31
2020-03,2020,3,19,สระบุรี,Saraburi,ภาคกลาง,43546,646,44192,64.04,1.87,65.91,23.9,5486,1311,1491.45,-62.9,-69.91
2020-04,2020,4,19,สระบุรี,Saraburi,ภาคกลาง,46752,711,47463,70.44,2.09,72.53,26.1,5400,1409,1528.14,-62.82,-69.74
2020-05,2020,5,19,สระบุรี,Saraburi,ภาคกลาง,34742,525,35267,53.74,1.49,55.23,20.1,5475,1100,1566.05,-64.54,-69.34
2020-06,2020,6,19,สระบุรี,Saraburi,ภาคกลาง,34654,528,35182,50.65,1.56,52.21,18.6,5518,1026,1484.0,-62.79,-71.25
2020-07,2020,7,19,สระบุรี,Saraburi,ภาคกลาง,39894,632,40526,61.99,1.86,63.85,21.4,5411,1157,1575.53,-61.77,-68.39
2020-08,2020,8,19,สระบุรี,Saraburi,ภาคกลาง,37878,605,38483,57.82,1.69,59.5,22.1,5422,1198,1546.14,-63.37,-70.54
2020-09,2020,9,19,สระบุรี,Saraburi,ภาคกลาง,32296,471,32767,49.88,1.36,51.25,18.2,5447,991,1564.07,-61.38,-68.82
2020-10,2020,10,19,สระบุรี,Saraburi,ภาคกลาง,35282,562,35844,54.52,1.57,56.1,19.4,5455,1058,1565.12,-62.57,-69.75
2020-11,2020,11,19,สระบุรี,Saraburi,ภาคกลาง,44525,696,45221,68.48,1.91,70.39,25.4,5466,1388,1556.58,-64.0,-69.75
2020-12,2020,12,19,สระบุรี,Saraburi,ภาคกลาง,53526,839,54365,79.05,2.37,81.42,29.1,5474,1592,1497.65,-62.12,-69.94
2021-01,2021,1,19,สระบุรี,Saraburi,ภาคกลาง,34806,220,35026,49.0,0.61,49.61,20.2,5481,1107,1416.38,-35.24,-42.49
2021-02,2021,2,19,สระบุรี,Saraburi,ภาคกลาง,34020,198,34218,49.18,0.52,49.7,18.6,5458,1015,1452.45,-33.36,-36.87
2021-03,2021,3,19,สระบุรี,Saraburi,ภาคกลาง,31313,189,31502,43.32,0.49,43.81,16.9,5596,945,1390.71,-28.72,-33.53
2021-04,2021,4,19,สระบุรี,Saraburi,ภาคกลาง,34243,199,34442,50.2,0.53,50.73,18.1,5414,979,1472.91,-27.43,-30.06
2021-05,2021,5,19,สระบุรี,Saraburi,ภาคกลาง,24934,154,25088,36.28,0.42,36.7,15.0,5488,823,1462.85,-28.86,-33.55
2021-06,2021,6,19,สระบุรี,Saraburi,ภาคกลาง,24270,149,24419,33.37,0.39,33.76,15.0,5518,827,1382.53,-30.59,-35.34
2021-07,2021,7,19,สระบุรี,Saraburi,ภาคกลาง,25136,149,25285,35.49,0.39,35.88,15.0,5517,827,1419.02,-37.61,-43.81
2021-08,2021,8,19,สระบุรี,Saraburi,ภาคกลาง,28594,172,28766,40.45,0.45,40.9,15.5,5406,837,1421.82,-25.25,-31.26
2021-09,2021,9,19,สระบุรี,Saraburi,ภาคกลาง,22318,128,22446,31.06,0.33,31.39,15.0,5525,828,1398.47,-31.5,-38.75
2021-10,2021,10,19,สระบุรี,Saraburi,ภาคกลาง,23110,145,23255,34.07,0.38,34.44,15.0,5570,835,1480.97,-35.12,-38.61
2021-11,2021,11,19,สระบุรี,Saraburi,ภาคกลาง,31064,188,31252,44.33,0.51,44.84,18.4,5459,1004,1434.79,-30.89,-36.3
2021-12,2021,12,19,สระบุรี,Saraburi,ภาคกลาง,36953,215,37168,52.58,0.58,53.16,22.0,5524,1215,1430.26,-31.63,-34.71
2022-01,2022,1,19,สระบุรี,Saraburi,ภาคกลาง,78309,2289,80598,131.4,7.46,138.86,46.5,5471,2544,1722.87,130.11,179.9
2022-02,2022,2,19,สระบุรี,Saraburi,ภาคกลาง,81528,2509,84037,142.08,7.73,149.81,43.6,5473,2386,1782.67,145.59,201.43
2022-03,2022,3,19,สระบุรี,Saraburi,ภาคกลาง,71320,2117,73437,124.76,6.57,131.33,38.1,5550,2114,1788.34,133.12,199.77
2022-04,2022,4,19,สระบุรี,Saraburi,ภาคกลาง,73732,2132,75864,128.06,6.74,134.8,41.9,5435,2277,1776.86,120.27,165.72
2022-05,2022,5,19,สระบุรี,Saraburi,ภาคกลาง,56616,1608,58224,98.1,5.07,103.17,32.7,5524,1806,1771.95,132.08,181.12
2022-06,2022,6,19,สระบุรี,Saraburi,ภาคกลาง,53287,1556,54843,92.05,5.0,97.05,29.3,5520,1617,1769.6,124.59,187.47
2022-07,2022,7,19,สระบุรี,Saraburi,ภาคกลาง,59463,1738,61201,98.66,5.6,104.27,34.6,5516,1908,1703.73,142.04,190.61
2022-08,2022,8,19,สระบุรี,Saraburi,ภาคกลาง,66267,2054,68321,109.86,6.72,116.58,35.0,5439,1903,1706.36,137.51,185.04
2022-09,2022,9,19,สระบุรี,Saraburi,ภาคกลาง,49364,1407,50771,85.85,4.65,90.5,28.7,5582,1602,1782.51,126.19,188.31
2022-10,2022,10,19,สระบุรี,Saraburi,ภาคกลาง,56310,1668,57978,99.2,5.26,104.46,32.0,5488,1756,1801.72,149.31,203.31
2022-11,2022,11,19,สระบุรี,Saraburi,ภาคกลาง,73475,2147,75622,128.53,6.68,135.21,40.3,5529,2228,1787.97,141.97,201.54
2022-12,2022,12,19,สระบุรี,Saraburi,ภาคกลาง,90345,2783,93128,158.05,9.06,167.11,47.2,5594,2640,1794.41,150.56,214.35
2023-01,2023,1,19,สระบุรี,Saraburi,ภาคกลาง,117634,6312,123946,226.43,22.92,249.35,59.5,5428,3229,2011.76,53.78,79.57
2023-02,2023,2,19,สระบุรี,Saraburi,ภาคกลาง,104782,5399,110181,207.02,19.53,226.55,57.8,5557,3211,2056.16,31.11,51.22
2023-03,2023,3,19,สระบุรี,Saraburi,ภาคกลาง,99697,4976,104673,186.54,18.56,205.09,49.1,5476,2688,1959.34,42.53,56.16
2023-04,2023,4,19,สระบุรี,Saraburi,ภาคกลาง,103950,5558,109508,203.28,19.52,222.8,54.6,5564,3037,2034.55,44.35,65.28
2023-05,2023,5,19,สระบุรี,Saraburi,ภาคกลาง,81808,4441,86249,152.05,16.12,168.17,41.6,5443,2264,1949.82,48.13,63.0
2023-06,2023,6,19,สระบุรี,Saraburi,ภาคกลาง,77689,4163,81852,150.52,14.62,165.14,40.0,5562,2224,2017.54,49.25,70.16
2023-07,2023,7,19,สระบุรี,Saraburi,ภาคกลาง,83419,4281,87700,167.14,15.59,182.73,43.5,5472,2380,2083.58,43.3,75.25
2023-08,2023,8,19,สระบุรี,Saraburi,ภาคกลาง,92493,4589,97082,183.18,17.3,200.48,45.4,5552,2520,2065.06,42.1,71.97
2023-09,2023,9,19,สระบุรี,Saraburi,ภาคกลาง,71697,3631,75328,140.04,13.09,153.13,36.8,5468,2012,2032.84,48.37,69.2
2023-10,2023,10,19,สระบุรี,Saraburi,ภาคกลาง,75803,3771,79574,141.65,13.16,154.81,42.4,5536,2347,1945.48,37.25,48.2
2023-11,2023,11,19,สระบุรี,Saraburi,ภาคกลาง,103192,5274,108466,204.04,18.62,222.66,54.1,5410,2926,2052.81,43.43,64.68
2023-12,2023,12,19,สระบุรี,Saraburi,ภาคกลาง,128667,6390,135057,245.43,23.69,269.12,64.8,5406,3503,1992.64,45.02,61.04
2024-01,2024,1,19,สระบุรี,Saraburi,ภาคกลาง,143950,9917,153867,291.62,38.58,330.2,67.5,5402,3646,2146.01,24.14,32.42
2024-02,2024,2,19,สระบุรี,Saraburi,ภาคกลาง,135566,9409,144975,287.58,37.91,325.49,61.6,5470,3369,2245.15,31.58,43.67
2024-03,2024,3,19,สระบุรี,Saraburi,ภาคกลาง,108858,7300,116158,227.15,29.12,256.27,55.3,5566,3077,2206.22,10.97,24.95
2024-04,2024,4,19,สระบุรี,Saraburi,ภาคกลาง,126102,8057,134159,267.66,32.58,300.23,62.3,5434,3385,2237.87,22.51,34.75
2024-05,2024,5,19,สระบุรี,Saraburi,ภาคกลาง,93095,6468,99563,203.03,24.81,227.84,46.5,5608,2607,2288.4,15.44,35.48
2024-06,2024,6,19,สระบุรี,Saraburi,ภาคกลาง,94228,6010,100238,191.94,24.48,216.42,42.2,5441,2296,2159.06,22.46,31.05
2024-07,2024,7,19,สระบุรี,Saraburi,ภาคกลาง,101687,6893,108580,219.71,27.33,247.03,47.8,5463,2611,2275.1,23.81,35.19
2024-08,2024,8,19,สระบุรี,Saraburi,ภาคกลาง,100346,6640,106986,216.77,27.33,244.1,51.3,5579,2862,2281.61,10.2,21.76
2024-09,2024,9,19,สระบุรี,Saraburi,ภาคกลาง,88583,5641,94224,182.31,22.94,205.26,40.1,5437,2180,2178.43,25.08,34.04
2024-10,2024,10,19,สระบุรี,Saraburi,ภาคกลาง,99688,6587,106275,210.98,25.55,236.53,46.6,5492,2559,2225.64,33.55,52.79
2024-11,2024,11,19,สระบุรี,Saraburi,ภาคกลาง,123282,8638,131920,260.61,34.41,295.02,57.6,5420,3121,2236.36,21.62,32.5
2024-12,2024,12,19,สระบุรี,Saraburi,ภาคกลาง,153088,9727,162815,328.46,38.54,367.0,68.0,5561,3781,2254.09,20.55,36.37
2019-01,2019,1,20,ชลบุรี,Chon Buri,ภาคตะวันออก,934929,613164,1548093,4094.26,4995.36,9089.62,94.6,61161,57858,5871.49,0.0,0.0
2019-02,2019,2,20,ชลบุรี,Chon Buri,ภาคตะวันออก,800005,572407,1372412,3588.55,4506.53,8095.08,86.5,59043,51072,5898.43,0.0,0.0
2019-03,2019,3,20,ชลบุรี,Chon Buri,ภาคตะวันออก,712845,499693,1212538,3085.97,4063.86,7149.83,76.0,58993,44834,5896.58,0.0,0.0
2019-04,2019,4,20,ชลบุรี,Chon Buri,ภาคตะวันออก,835026,588344,1423370,3562.6,4778.01,8340.61,83.9,59267,49725,5859.76,0.0,0.0
2019-05,2019,5,20,ชลบุรี,Chon Buri,ภาคตะวันออก,654175,404677,1058852,2773.72,3427.14,6200.85,64.4,59529,38336,5856.2,0.0,0.0
2019-06,2019,6,20,ชลบุรี,Chon Buri,ภาคตะวันออก,586848,376430,963278,2583.6,2995.72,5579.32,59.7,60228,35956,5792.01,0.0,0.0
2019-07,2019,7,20,ชลบุรี,Chon Buri,ภาคตะวันออก,702312,446851,1149163,3119.64,3611.59,6731.23,69.4,59723,41447,5857.51,0.0,0.0
2019-08,2019,8,20,ชลบุรี,Chon Buri,ภาคตะวันออก,706584,438926,1145510,3163.02,3600.5,6763.53,69.9,59511,41598,5904.38,0.0,0.0
2019-09,2019,9,20,ชลบุรี,Chon Buri,ภาคตะวันออก,573093,382628,955721,2557.11,3212.53,5769.63,56.0,60667,33973,6036.94,0.0,0.0
2019-10,2019,10,20,ชลบุรี,Chon Buri,ภาคตะวันออก,606896,411946,1018842,2681.91,3346.57,6028.48,62.6,58940,36896,5916.99,0.0,0.0
2019-11,2019,11,20,ชลบุรี,Chon Buri,ภาคตะวันออก,832222,524646,1356868,3514.14,4353.79,7867.93,81.6,59986,48948,5798.6,0.0,0.0
2019-12,2019,12,20,ชลบุรี,Chon Buri,ภาคตะวันออก,946632,663485,1610117,4058.24,5399.47,9457.71,95.4,60902,58100,5873.93,0.0,0.0
2020-01,2020,1,20,ชลบุรี,Chon Buri,ภาคตะวันออก,514510,57780,572290,1942.42,396.47,2338.89,38.9,59080,22982,4086.9,-63.03,-74.27
2020-02,2020,2,20,ชลบุรี,Chon Buri,ภาคตะวันออก,493033,56481,549514,1831.38,380.19,2211.56,35.6,59994,21357,4024.57,-59.96,-72.68
2020-03,2020,3,20,ชลบุรี,Chon Buri,ภาคตะวันออก,422884,47576,470460,1564.16,332.24,1896.4,32.9,59422,19549,4030.95,-61.2,-73.48
2020-04,2020,4,20,ชลบุรี,Chon Buri,ภาคตะวันออก,488295,53973,542268,1847.99,383.11,2231.09,36.1,59348,21424,4114.37,-61.9,-73.25
2020-05,2020,5,20,ชลบุรี,Chon Buri,ภาคตะวันออก,343481,39379,382860,1226.66,276.92,1503.59,27.7,59859,16580,3927.26,-63.84,-75.75
2020-06,2020,6,20,ชลบุรี,Chon Buri,ภาคตะวันออก,344844,39498,384342,1241.76,282.12,1523.88,24.8,59958,14869,3964.91,-60.1,-72.69
2020-07,2020,7,20,ชลบุรี,Chon Buri,ภาคตะวันออก,355700,41169,396869,1284.11,275.85,1559.96,28.9,59782,17276,3930.67,-65.46,-76.83
2020-08,2020,8,20,ชลบุรี,Chon Buri,ภาคตะวันออก,374053,39333,413386,1350.17,281.33,1631.5,29.9,60746,18163,3946.67,-63.91,-75.88
2020-09,2020,9,20,ชลบุรี,Chon Buri,ภาคตะวันออก,335007,36640,371647,1268.55,244.89,1513.44,24.8,60769,15070,4072.25,-61.11,-73.77
2020-10,2020,10,20,ชลบุรี,Chon Buri,ภาคตะวันออก,345322,39265,384587,1263.05,262.49,1525.54,27.1,59344,16082,3966.7,-62.25,-74.69
2020-11,2020,11,20,ชลบุรี,Chon Buri,ภาคตะวันออก,436166,47932,484098,1660.54,339.5,2000.04,34.6,59816,20696,4131.48,-64.32,-74.58
2020-12,2020,12,20,ชลบุรี,Chon Buri,ภาคตะวันออก,543270,58832,602102,1996.03,422.67,2418.7,39.9,60550,24159,4017.09,-62.61,-74.43
2021-01,2021,1,20,ชลบุรี,Chon Buri,ภาคตะวันออก,372992,15781,388773,1243.34,99.13,1342.47,27.1,59403,16098,3453.09,-32.07,-42.6
2021-02,2021,2,20,ชลบุรี,Chon Buri,ภาคตะวันออก,357239,15499,372738,1277.6,104.14,1381.74,25.8,58883,15191,3707.0,-32.17,-37.52
2021-03,2021,3,20,ชลบุรี,Chon Buri,ภาคตะวันออก,329906,13996,343902,1177.28,90.66,1267.94,22.9,60106,13764,3686.92,-26.9,-33.14
2021-04,2021,4,20,ชลบุรี,Chon Buri,ภาคตะวันออก,361757,14922,376679,1234.78,96.58,1331.36,25.5,59404,15148,3534.47,-30.54,-40.33
2021-05,2021,5,20,ชลบุรี,Chon Buri,ภาคตะวันออก,253898,10426,264324,875.19,70.03,945.22,20.0,59995,11999,3575.99,-30.96,-37.14
2021-06,2021,6,20,ชลบุรี,Chon Buri,ภาคตะวันออก,241974,9947,251921,813.27,63.35,876.62,18.5,60648,11219,3479.74,-34.45,-42.47
2021-07,2021,7,20,ชลบุรี,Chon Buri,ภาคตะวันออก,285005,11706,296711,989.42,77.86,1067.28,20.7,60977,12622,3597.04,-25.24,-31.58
2021-08,2021,8,20,ชลบุรี,Chon Buri,ภาคตะวันออก,296179,11956,308135,1012.54,80.48,1093.02,20.5,60824,12468,3547.21,-25.46,-33.01
2021-09,2021,9,20,ชลบุรี,Chon Buri,ภาคตะวันออก,235343,10249,245592,807.4,65.96,873.36,16.8,60214,10115,3556.14,-33.92,-42.29
2021-10,2021,10,20,ชลบุรี,Chon Buri,ภาคตะวันออก,254228,10416,264644,888.09,68.73,956.81,18.9,59158,11180,3615.46,-31.19,-37.28
2021-11,2021,11,20,ชลบุรี,Chon Buri,ภาคตะวันออก,348095,14074,362169,1182.15,92.08,1274.23,25.3,60154,15218,3518.33,-25.19,-36.29
2021-12,2021,12,20,ชลบุรี,Chon Buri,ภาคตะวันออก,398112,17103,415215,1335.48,111.88,1447.36,29.4,60268,17718,3485.81,-31.04,-40.16
2022-01,2022,1,20,ชลบุรี,Chon Buri,ภาคตะวันออก,764693,187911,952604,3095.76,1431.28,4527.04,64.4,59663,38422,4752.28,145.03,237.22
2022-02,2022,2,20,ชลบุรี,Chon Buri,ภาคตะวันออก,722374,180170,902544,2895.53,1389.14,4284.67,58.7,59837,35124,4747.33,142.14,210.09
2022-03,2022,3,20,ชลบุรี,Chon Buri,ภาคตะวันออก,640590,150412,791002,2660.46,1191.57,3852.03,52.8,60991,32203,4869.81,130.01,203.8
2022-04,2022,4,20,ชลบุรี,Chon Buri,ภาคตะวันออก,683095,165232,848327,2724.9,1325.68,4050.58,56.5,60846,34377,4774.79,125.21,204.24
2022-05,2022,5,20,ชลบุรี,Chon Buri,ภาคตะวันออก,524701,128581,653282,2112.29,979.37,3091.65,45.4,60172,27318,4732.49,147.15,227.08
2022-06,2022,6,20,ชลบุรี,Chon Buri,ภาคตะวันออก,493405,112525,605930,1980.68,888.34,2869.02,40.9,60391,24699,4734.9,140.52,227.28
2022-07,2022,7,20,ชลบุรี,Chon Buri,ภาคตะวันออก,559524,126894,686418,2223.79,972.62,3196.41,47.6,59084,28123,4656.65,131.34,199.49
2022-08,2022,8,20,ชลบุรี,Chon Buri,ภาคตะวันออก,555395,129084,684479,2358.16,1034.44,3392.59,47.5,58891,27973,4956.46,122.14,210.39
2022-09,2022,9,20,ชลบุรี,Chon Buri,ภาคตะวันออก,473070,110863,583933,1870.97,883.1,2754.07,39.3,59321,23313,4716.41,137.77,215.34
2022-10,2022,10,20,ชลบุรี,Chon Buri,ภาคตะวันออก,510013,123717,633730,2105.31,925.2,3030.52,42.1,58870,24784,4782.04,139.47,216.73
2022-11,2022,11,20,ชลบุรี,Chon Buri,ภาคตะวันออก,709141,171609,880750,2950.34,1323.13,4273.47,55.1,60033,33078,4852.08,143.19,235.38
2022-12,2022,12,20,ชลบุรี,Chon Buri,ภาคตะวันออก,790745,185589,976334,3219.8,1486.76,4706.56,67.8,60966,41334,4820.65,135.14,225.18
2023-01,2023,1,20,ชลบุรี,Chon Buri,ภาคตะวันออก,892511,427260,1319771,4118.55,3856.89,7975.44,82.1,60531,49695,6043.05,38.54,76.17
2023-02,2023,2,20,ชลบุรี,Chon Buri,ภาคตะวันออก,857318,417939,1275257,4090.05,3764.81,7854.85,79.5,59291,47136,6159.43,41.3,83.32
2023-03,2023,3,20,ชลบุรี,Chon Buri,ภาคตะวันออก,766859,352346,1119205,3543.43,3213.26,6756.7,71.2,61148,43537,6037.05,41.49,75.41
2023-04,2023,4,20,ชลบุรี,Chon Buri,ภาคตะวันออก,803028,387741,1190769,3854.35,3297.3,7151.64,75.0,60992,45744,6005.9,40.37,76.56
2023-05,2023,5,20,ชลบุรี,Chon Buri,ภาคตะวันออก,643742,337003,980745,3075.26,3019.17,6094.43,58.2,60613,35276,6214.08,50.13,97.13
2023-06,2023,6,20,ชลบุรี,Chon Buri,ภาคตะวันออก,590198,291815,882013,2699.22,2500.9,5200.12,53.2,61007,32455,5895.74,45.56,81.25
2023-07,2023,7,20,ชลบุรี,Chon Buri,ภาคตะวันออก,637009,324124,961133,3020.64,2745.54,5766.18,58.8,58951,34663,5999.36,40.02,80.4
2023-08,2023,8,20,ชลบุรี,Chon Buri,ภาคตะวันออก,630798,331328,962126,2930.95,2872.07,5803.01,64.0,60340,38617,6031.44,40.56,71.05
2023-09,2023,9,20,ชลบุรี,Chon Buri,ภาคตะวันออก,532470,267958,800428,2397.77,2428.49,4826.26,51.6,58886,30385,6029.6,37.08,75.24
2023-10,2023,10,20,ชลบุรี,Chon Buri,ภาคตะวันออก,594197,306410,900607,2880.14,2773.08,5653.22,56.0,59729,33448,6277.12,42.11,86.54
2023-11,2023,11,20,ชลบุรี,Chon Buri,ภาคตะวันออก,800626,406918,1207544,3864.91,3719.91,7584.83,75.1,60467,45410,6281.2,37.1,77.49
2023-12,2023,12,20,ชลบุรี,Chon Buri,ภาคตะวันออก,968172,467526,1435698,4538.99,4178.48,8717.48,85.6,60255,51578,6071.95,47.05,85.22
2024-01,2024,1,20,ชลบุรี,Chon Buri,ภาคตะวันออก,959679,652296,1611975,5027.14,6467.62,11494.77,92.0,60834,55967,7130.86,22.14,44.13
2024-02,2024,2,20,ชลบุรี,Chon Buri,ภาคตะวันออก,893256,603985,1497241,4441.35,5816.04,10257.38,86.8,60225,52275,6850.85,17.41,30.59
2024-03,2024,3,20,ชลบุรี,Chon Buri,ภาคตะวันออก,766019,557268,1323287,4024.38,5323.69,9348.08,76.1,60962,46392,7064.29,18.23,38.35
2024-04,2024,4,20,ชลบุรี,Chon Buri,ภาคตะวันออก,922845,619434,1542279,4895.02,5999.4,10894.42,85.2,60840,51835,7063.85,29.52,52.33
2024-05,2024,5,20,ชลบุรี,Chon Buri,ภาคตะวันออก,654880,467449,1122329,3303.66,4538.4,7842.06,65.2,59866,39032,6987.31,14.44,28.68
2024-06,2024,6,20,ชลบุรี,Chon Buri,ภาคตะวันออก,649662,451851,1101513,3302.35,4328.13,7630.48,58.7,60706,35634,6927.27,24.89,46.74
2024-07,2024,7,20,ชลบุรี,Chon Buri,ภาคตะวันออก,729644,491796,1221440,3628.29,4886.92,8515.21,65.1,60367,39298,6971.45,27.08,47.68
2024-08,2024,8,20,ชลบุรี,Chon Buri,ภาคตะวันออก,680194,463995,1144189,3511.84,4306.57,7818.41,69.8,59539,41558,6833.15,18.92,34.73
2024-09,2024,9,20,ชลบุรี,Chon Buri,ภาคตะวันออก,606282,413094,1019376,3093.75,4084.31,7178.06,56.0,59789,33481,7041.62,27.35,48.73
2024-10,2024,10,20,ชลบุรี,Chon Buri,ภาคตะวันออก,628684,477118,1105802,3300.81,4599.44,7900.25,64.1,60002,38461,7144.36,22.78,39.75
2024-11,2024,11,20,ชลบุรี,Chon Buri,ภาคตะวันออก,885477,607270,1492747,4659.85,5624.16,10284.0,80.6,59590,48029,6889.31,23.62,35.59
2024-12,2024,12,20,ชลบุรี,Chon Buri,ภาคตะวันออก,947405,694901,1642306,4874.39,6601.93,11476.32,94.6,60681,57404,6987.93,14.39,31.65
2019-01,2019,1,21,ระยอง,Rayong,ภาคตะวันออก,450301,78697,528998,1521.12,487.98,2009.1,80.0,20180,16144,3797.93,0.0,0.0
2019-02,2019,2,21,ระยอง,Rayong,ภาคตะวันออก,412295,70684,482979,1345.69,433.48,1779.16,78.1,20532,16035,3683.72,0.0,0.0
2019-03,2019,3,21,ระยอง,Rayong,ภาคตะวันออก,375958,66317,442275,1269.18,411.73,1680.91,69.3,20220,14012,3800.6,0.0,0.0
2019-04,2019,4,21,ระยอง,Rayong,ภาคตะวันออก,380556,65915,446471,1308.62,403.75,1712.37,75.0,20374,15280,3835.34,0.0,0.0
2019-05,2019,5,21,ระยอง,Rayong,ภาคตะวันออก,299370,49758,349128,1029.48,316.19,1345.66,56.3,20633,11616,3854.35,0.0,0.0
2019-06,2019,6,21,ระยอง,Rayong,ภาคตะวันออก,276905,49799,326704,938.36,318.58,1256.93,54.1,20243,10951,3847.31,0.0,0.0
2019-07,2019,7,21,ระยอง,Rayong,ภาคตะวันออก,320155,55194,375349,1028.93,356.33,1385.26,61.4,20650,12679,3690.59,0.0,0.0
2019-08,2019,8,21,ระยอง,Rayong,ภาคตะวันออก,318860,53975,372835,1065.11,334.99,1400.1,60.2,20860,12557,3755.28,0.0,0.0
2019-09,2019,9,21,ระยอง,Rayong,ภาคตะวันออก,268216,50077,318293,923.77,312.06,1235.83,51.5,20293,10450,3882.68,0.0,0.0
2019-10,2019,10,21,ระยอง,Rayong,ภาคตะวันออก,292647,51487,344134,958.86,312.75,1271.6,55.6,20137,11196,3695.07,0.0,0.0
2019-11,2019,11,21,ระยอง,Rayong,ภาคตะวันออก,411835,70224,482059,1393.52,425.73,1819.24,72.8,20837,15169,3773.89,0.0,0.0
2019-12,2019,12,21,ระยอง,Rayong,ภาคตะวันออก,478437,81152,559589,1584.42,506.89,2091.3,86.4,20865,18027,3737.21,0.0,0.0
2020-01,2020,1,21,ระยอง,Rayong,ภาคตะวันออก,179078,7003,186081,496.86,38.44,535.3,34.9,20716,7229,2876.7,-64.82,-73.36
2020-02,2020,2,21,ระยอง,Rayong,ภาคตะวันออก,169830,6399,176229,475.95,33.57,509.53,32.5,20151,6549,2891.29,-63.51,-71.36
2020-03,2020,3,21,ระยอง,Rayong,ภาคตะวันออก,149830,5606,155436,422.19,29.08,451.27,29.3,20665,6054,2903.25,-64.86,-73.15
2020-04,2020,4,21,ระยอง,Rayong,ภาคตะวันออก,167896,6415,174311,464.5,32.98,497.49,30.8,20463,6302,2854.04,-60.96,-70.95
2020-05,2020,5,21,ระยอง,Rayong,ภาคตะวันออก,139204,5221,144425,388.54,28.01,416.55,24.7,20360,5028,2884.2,-58.63,-69.04
2020-06,2020,6,21,ระยอง,Rayong,ภาคตะวันออก,123015,4956,127971,348.59,26.17,374.76,22.4,20121,4507,2928.48,-60.83,-70.18
2020-07,2020,7,21,ระยอง,Rayong,ภาคตะวันออก,144304,5504,149808,400.13,28.05,428.18,25.2,20398,5140,2858.19,-60.09,-69.09
2020-08,2020,8,21,ระยอง,Rayong,ภาคตะวันออก,148312,6074,154386,424.94,31.69,456.62,25.3,20423,5167,2957.65,-58.59,-67.39
2020-09,2020,9,21,ระยอง,Rayong,ภาคตะวันออก,111528,4570,116098,319.89,23.77,343.67,21.8,20283,4421,2960.17,-63.52,-72.19
2020-10,2020,10,21,ระยอง,Rayong,ภาคตะวันออก,133465,5270,138735,371.66,28.15,399.81,23.5,20579,4836,2881.83,-59.69,-68.56
2020-11,2020,11,21,ระยอง,Rayong,ภาคตะวันออก,171739,6999,178738,481.6,36.43,518.03,31.1,20589,6403,2898.26,-62.92,-71.52
2020-12,2020,12,21,ระยอง,Rayong,ภาคตะวันออก,193763,7669,201432,549.07,39.96,589.02,36.6,20850,7631,2924.16,-64.0,-71.83
2021-01,2021,1,21,ระยอง,Rayong,ภาคตะวันออก,130144,1979,132123,349.93,9.59,359.52,24.5,20331,4981,2721.1,-29.0,-32.84
2021-02,2021,2,21,ระยอง,Rayong,ภาคตะวันออก,120389,1792,122181,323.08,9.24,332.32,22.4,20201,4525,2719.9,-30.67,-34.78
2021-03,2021,3,21,ระยอง,Rayong,ภาคตะวันออก,116190,1791,117981,311.92,9.17,321.09,20.9,20864,4360,2721.54,-24.1,-28.85
2021-04,2021,4,21,ระยอง,Rayong,ภาคตะวันออก,118883,1865,120748,310.34,9.56,319.9,22.4,20806,4660,2649.32,-30.73,-35.7
2021-05,2021,5,21,ระยอง,Rayong,ภาคตะวันออก,91245,1424,92669,234.03,6.87,240.9,17.3,20489,3544,2599.57,-35.84,-42.17
2021-06,2021,6,21,ระยอง,Rayong,ภาคตะวันออก,90909,1422,92331,232.22,6.95,239.17,16.5,20369,3360,2590.35,-27.85,-36.18
2021-07,2021,7,21,ระยอง,Rayong,ภาคตะวันออก,101476,1550,103026,264.07,7.74,271.81,18.4,20465,3765,2638.27,-31.23,-36.52
2021-08,2021,8,21,ระยอง,Rayong,ภาคตะวันออก,105015,1624,106639,272.97,7.93,280.9,18.5,20826,3852,2634.12,-30.93,-38.48
2021-09,2021,9,21,ระยอง,Rayong,ภาคตะวันออก,84047,1315,85362,221.9,6.38,228.28,15.0,20632,3094,2674.26,-26.47,-33.58
2021-10,2021,10,21,ระยอง,Rayong,ภาคตะวันออก,88889,1341,90230,243.55,6.76,250.31,16.3,20289,3307,2774.13,-34.96,-37.39
2021-11,2021,11,21,ระยอง,Rayong,ภาคตะวันออก,122551,1941,124492,330.87,9.8,340.67,21.9,20405,4468,2736.48,-30.35,-34.24
2021-12,2021,12,21,ระยอง,Rayong,ภาคตะวันออก,142348,2225,144573,382.44,11.35,393.79,25.3,20421,5166,2723.81,-28.23,-33.14
2022-01,2022,1,21,ระยอง,Rayong,ภาคตะวันออก,279191,21896,301087,900.1,125.9,1026.01,55.7,20807,11589,3407.69,127.88,185.38
2022-02,2022,2,21,ระยอง,Rayong,ภาคตะวันออก,286582,21072,307654,922.72,123.07,1045.8,52.7,20690,10903,3399.27,151.8,214.7
2022-03,2022,3,21,ระยอง,Rayong,ภาคตะวันออก,244571,18403,262974,777.86,110.04,887.89,46.2,20489,9465,3376.34,122.9,176.52
2022-04,2022,4,21,ระยอง,Rayong,ภาคตะวันออก,270929,21625,292554,875.67,125.27,1000.95,52.1,20611,10738,3421.42,142.28,212.89
2022-05,2022,5,21,ระยอง,Rayong,ภาคตะวันออก,198213,14871,213084,609.02,91.67,700.69,39.2,20434,8010,3288.33,129.94,190.86
2022-06,2022,6,21,ระยอง,Rayong,ภาคตะวันออก,192663,15332,207995,588.13,94.24,682.37,36.7,20278,7442,3280.7,125.27,185.31
2022-07,2022,7,21,ระยอง,Rayong,ภาคตะวันออก,210097,16990,227087,642.36,100.58,742.94,40.4,20185,8154,3271.61,120.42,173.33
2022-08,2022,8,21,ระยอง,Rayong,ภาคตะวันออก,212316,16089,228405,673.14,96.36,769.5,42.3,20678,8746,3369.02,114.19,173.94
2022-09,2022,9,21,ระยอง,Rayong,ภาคตะวันออก,190048,14021,204069,614.7,85.32,700.02,35.2,20215,7115,3430.31,139.06,206.65
2022-10,2022,10,21,ระยอง,Rayong,ภาคตะวันออก,205935,15639,221574,669.09,94.51,763.6,37.2,20684,7694,3446.25,145.57,205.06
2022-11,2022,11,21,ระยอง,Rayong,ภาคตะวันออก,280160,21117,301277,877.7,127.41,1005.11,50.0,20258,10129,3336.17,142.01,195.04
2022-12,2022,12,21,ระยอง,Rayong,ภาคตะวันออก,311494,24029,335523,997.29,145.42,1142.71,57.7,20174,11640,3405.76,132.08,190.18
2023-01,2023,1,21,ระยอง,Rayong,ภาคตะวันออก,390750,56642,447392,1388.95,386.66,1775.61,72.3,20883,15098,3968.8,48.59,73.06
2023-02,2023,2,21,ระยอง,Rayong,ภาคตะวันออก,390544,53534,444078,1373.74,373.5,1747.24,70.0,20880,14615,3934.53,44.34,67.07
2023-03,2023,3,21,ระยอง,Rayong,ภาคตะวันออก,345670,45845,391515,1196.66,310.03,1506.7,62.2,20737,12898,3848.38,48.88,69.69
2023-04,2023,4,21,ระยอง,Rayong,ภาคตะวันออก,350961,46751,397712,1225.26,314.62,1539.88,68.3,20098,13726,3871.85,35.94,53.84
2023-05,2023,5,21,ระยอง,Rayong,ภาคตะวันออก,290529,40682,331211,1043.26,276.79,1320.05,51.1,20819,10638,3985.53,55.44,88.39
2023-06,2023,6,21,ระยอง,Rayong,ภาคตะวันออก,267344,37721,305065,927.35,249.17,1176.52,48.6,20821,10119,3856.62,46.67,72.42
2023-07,2023,7,21,ระยอง,Rayong,ภาคตะวันออก,286527,41755,328282,1030.31,273.4,1303.71,53.8,20278,10909,3971.31,44.56,75.48
2023-08,2023,8,21,ระยอง,Rayong,ภาคตะวันออก,294211,43148,337359,1030.41,296.59,1327.0,55.4,20846,11548,3933.5,47.7,72.45
2023-09,2023,9,21,ระยอง,Rayong,ภาคตะวันออก,233851,33566,267417,858.26,230.47,1088.74,45.1,20795,9378,4071.32,31.04,55.53
2023-10,2023,10,21,ระยอง,Rayong,ภาคตะวันออก,254813,37554,292367,905.29,249.63,1154.92,51.0,20521,10465,3950.24,31.95,51.25
2023-11,2023,11,21,ระยอง,Rayong,ภาคตะวันออก,359448,48243,407691,1319.87,316.42,1636.29,66.0,20593,13591,4013.55,35.32,62.8
2023-12,2023,12,21,ระยอง,Rayong,ภาคตะวันออก,426696,63099,489795,1474.43,421.16,1895.59,78.6,20601,16192,3870.17,45.98,65.89
2024-01,2024,1,21,ระยอง,Rayong,ภาคตะวันออก,465073,85976,551049,1779.02,626.67,2405.7,79.9,20819,16634,4365.67,23.17,35.49
2024-02,2024,2,21,ระยอง,Rayong,ภาคตะวันออก,407976,78914,486890,1572.4,586.47,2158.87,73.1,20608,15064,4434.0,9.64,23.56
2024-03,2024,3,21,ระยอง,Rayong,ภาคตะวันออก,384453,72414,456867,1461.39,554.43,2015.82,67.8,20203,13697,4412.27,16.69,33.79
2024-04,2024,4,21,ระยอง,Rayong,ภาคตะวันออก,439661,79431,519092,1780.54,603.14,2383.69,73.2,20380,14918,4592.04,30.52,54.8
2024-05,2024,5,21,ระยอง,Rayong,ภาคตะวันออก,329708,61925,391633,1302.37,442.0,1744.37,56.2,20826,11704,4454.09,18.24,32.14
2024-06,2024,6,21,ระยอง,Rayong,ภาคตะวันออก,307485,53921,361406,1172.68,407.79,1580.47,53.7,20398,10953,4373.12,18.47,34.33
2024-07,2024,7,21,ระยอง,Rayong,ภาคตะวันออก,332649,61708,394357,1254.67,459.91,1714.59,57.9,20467,11850,4347.81,20.13,31.52
2024-08,2024,8,21,ระยอง,Rayong,ภาคตะวันออก,363576,66825,430401,1365.36,511.66,1877.02,59.1,20337,12019,4361.1,27.58,41.45
2024-09,2024,9,21,ระยอง,Rayong,ภาคตะวันออก,293208,54302,347510,1185.69,384.08,1569.77,48.4,20859,10095,4517.19,29.95,44.18
2024-10,2024,10,21,ระยอง,Rayong,ภาคตะวันออก,318779,59686,378465,1279.19,449.37,1728.56,53.2,20691,11007,4567.29,29.45,49.67
2024-11,2024,11,21,ระยอง,Rayong,ภาคตะวันออก,403905,73910,477815,1588.35,538.91,2127.27,69.5,20886,14515,4452.08,17.2,30.01
2024-12,2024,12,21,ระยอง,Rayong,ภาคตะวันออก,472972,87784,560756,1893.3,621.71,2515.02,84.7,20247,17149,4485.05,14.49,32.68
2019-01,2019,1,22,จันทบุรี,Chanthaburi,ภาคตะวันออก,242775,15145,257920,565.49,66.74,632.23,66.9,10297,6888,2451.26,0.0,0.0
2019-02,2019,2,22,จันทบุรี,Chanthaburi,ภาคตะวันออก,227498,14691,242189,531.6,66.95,598.55,64.6,10341,6680,2471.42,0.0,0.0
2019-03,2019,3,22,จันทบุรี,Chanthaburi,ภาคตะวันออก,210500,12916,223416,507.28,59.03,566.31,59.3,10318,6118,2534.78,0.0,0.0
2019-04,2019,4,22,จันทบุรี,Chanthaburi,ภาคตะวันออก,229729,14102,243831,552.28,62.89,615.17,63.2,10458,6609,2522.94,0.0,0.0
2019-05,2019,5,22,จันทบุรี,Chanthaburi,ภาคตะวันออก,178357,11807,190164,417.8,52.57,470.37,47.9,10589,5072,2473.5,0.0,0.0
2019-06,2019,6,22,จันทบุรี,Chanthaburi,ภาคตะวันออก,153677,10017,163694,363.77,44.4,408.18,43.8,10399,4554,2493.56,0.0,0.0
2019-07,2019,7,22,จันทบุรี,Chanthaburi,ภาคตะวันออก,182839,11092,193931,431.95,49.6,481.54,49.6,10565,5240,2483.05,0.0,0.0
2019-08,2019,8,22,จันทบุรี,Chanthaburi,ภาคตะวันออก,193164,12443,205607,444.29,57.21,501.5,52.2,10554,5509,2439.12,0.0,0.0
2019-09,2019,9,22,จันทบุรี,Chanthaburi,ภาคตะวันออก,154195,10359,164554,355.16,47.74,402.9,43.4,10435,4528,2448.44,0.0,0.0
2019-10,2019,10,22,จันทบุรี,Chanthaburi,ภาคตะวันออก,171041,11364,182405,410.26,49.49,459.76,47.8,10466,5002,2520.54,0.0,0.0
2019-11,2019,11,22,จันทบุรี,Chanthaburi,ภาคตะวันออก,211516,13710,225226,489.58,60.11,549.69,62.3,10539,6565,2440.62,0.0,0.0
2019-12,2019,12,22,จันทบุรี,Chanthaburi,ภาคตะวันออก,262995,16858,279853,604.04,72.81,676.85,71.2,10303,7335,2418.59,0.0,0.0
2020-01,2020,1,22,จันทบุรี,Chanthaburi,ภาคตะวันออก,95348,1383,96731,196.41,5.1,201.51,28.4,10445,2966,2083.2,-62.5,-68.13
2020-02,2020,2,22,จันทบุรี,Chanthaburi,ภาคตะวันออก,92837,1368,94205,189.87,5.24,195.11,27.4,10600,2904,2071.12,-61.1,-67.4
2020-03,2020,3,22,จันทบุรี,Chanthaburi,ภาคตะวันออก,85415,1281,86696,171.32,4.84,176.17,23.8,10315,2454,2032.04,-61.2,-68.89
2020-04,2020,4,22,จันทบุรี,Chanthaburi,ภาคตะวันออก,94881,1386,96267,194.82,5.37,200.19,25.9,10677,2765,2079.53,-60.52,-67.46
2020-05,2020,5,22,จันทบุรี,Chanthaburi,ภาคตะวันออก,72962,1156,74118,151.19,4.32,155.51,20.9,10396,2172,2098.14,-61.02,-66.94
2020-06,2020,6,22,จันทบุรี,Chanthaburi,ภาคตะวันออก,65313,1027,66340,133.13,3.8,136.93,19.0,10358,1968,2064.06,-59.47,-66.45
2020-07,2020,7,22,จันทบุรี,Chanthaburi,ภาคตะวันออก,72576,1147,73723,144.07,4.51,148.58,21.2,10520,2230,2015.38,-61.98,-69.14
2020-08,2020,8,22,จันทบุรี,Chanthaburi,ภาคตะวันออก,77807,1168,78975,157.45,4.48,161.93,22.1,10698,2364,2050.4,-61.59,-67.71
2020-09,2020,9,22,จันทบุรี,Chanthaburi,ภาคตะวันออก,64333,960,65293,127.87,3.8,131.66,18.5,10312,1907,2016.45,-60.32,-67.32
2020-10,2020,10,22,จันทบุรี,Chanthaburi,ภาคตะวันออก,67355,1046,68401,133.01,3.96,136.98,19.5,10292,2006,2002.6,-62.5,-70.21
2020-11,2020,11,22,จันทบุรี,Chanthaburi,ภาคตะวันออก,83905,1294,85199,169.88,4.8,174.68,25.9,10658,2760,2050.26,-62.17,-68.22
2020-12,2020,12,22,จันทบุรี,Chanthaburi,ภาคตะวันออก,100807,1509,102316,210.9,5.73,216.63,31.2,10327,3222,2117.26,-63.44,-67.99
2021-01,2021,1,22,จันทบุรี,Chanthaburi,ภาคตะวันออก,63897,369,64266,118.29,1.31,119.6,20.5,10553,2163,1861.02,-33.56,-40.65
2021-02,2021,2,22,จันทบุรี,Chanthaburi,ภาคตะวันออก,61390,375,61765,120.25,1.37,121.62,20.0,10374,2074,1969.08,-34.44,-37.67
2021-03,2021,3,22,จันทบุรี,Chanthaburi,ภาคตะวันออก,55444,323,55767,107.27,1.16,108.43,17.0,10291,1749,1944.34,-35.68,-38.45
2021-04,2021,4,22,จันทบุรี,Chanthaburi,ภาคตะวันออก,59049,370,59419,114.04,1.3,115.33,19.1,10522,2009,1940.96,-38.28,-42.39
2021-05,2021,5,22,จันทบุรี,Chanthaburi,ภาคตะวันออก,49412,310,49722,94.81,1.1,95.91,15.0,10702,1605,1928.92,-32.92,-38.33
2021-06,2021,6,22,จันทบุรี,Chanthaburi,ภาคตะวันออก,43488,273,43761,80.91,0.99,81.9,15.0,10707,1606,1871.53,-34.04,-40.19
2021-07,2021,7,22,จันทบุรี,Chanthaburi,ภาคตะวันออก,47702,285,47987,90.84,0.99,91.83,15.2,10431,1585,1913.64,-34.91,-38.19
2021-08,2021,8,22,จันทบุรี,Chanthaburi,ภาคตะวันออก,49381,307,49688,96.34,1.08,97.42,16.1,10469,1685,1960.63,-37.08,-39.84
2021-09,2021,9,22,จันทบุรี,Chanthaburi,ภาคตะวันออก,40585,254,40839,75.98,0.89,76.88,15.0,10482,1572,1882.51,-37.45,-41.61
2021-10,2021,10,22,จันทบุรี,Chanthaburi,ภาคตะวันออก,44959,271,45230,87.17,0.97,88.14,15.0,10539,1580,1948.71,-33.88,-35.65
2021-11,2021,11,22,จันทบุรี,Chanthaburi,ภาคตะวันออก,61850,388,62238,116.01,1.38,117.4,18.4,10472,1926,1886.31,-26.95,-32.79
2021-12,2021,12,22,จันทบุรี,Chanthaburi,ภาคตะวันออก,73993,467,74460,141.28,1.62,142.9,21.5,10384,2232,1919.15,-27.23,-34.03
2022-01,2022,1,22,จันทบุรี,Chanthaburi,ภาคตะวันออก,163653,4659,168312,378.15,19.64,397.79,46.5,10698,4974,2363.41,161.9,232.6
2022-02,2022,2,22,จันทบุรี,Chanthaburi,ภาคตะวันออก,154664,4720,159384,348.01,20.38,368.39,45.4,10529,4780,2311.34,158.05,202.9
2022-03,2022,3,22,จันทบุรี,Chanthaburi,ภาคตะวันออก,139998,4251,144249,309.25,17.53,326.77,40.4,10595,4280,2265.32,158.66,201.36
2022-04,2022,4,22,จันทบุรี,Chanthaburi,ภาคตะวันออก,138378,4270,142648,319.15,18.6,337.75,41.8,10625,4441,2367.72,140.07,192.86
2022-05,2022,5,22,จันทบุรี,Chanthaburi,ภาคตะวันออก,116337,3540,119877,252.74,15.18,267.93,33.7,10476,3530,2235.04,141.09,179.36
2022-06,2022,6,22,จันทบุรี,Chanthaburi,ภาคตะวันออก,102767,2901,105668,229.01,11.99,240.99,30.4,10667,3242,2280.63,141.47,194.25
2022-07,2022,7,22,จันทบุรี,Chanthaburi,ภาคตะวันออก,112298,3176,115474,260.13,13.45,273.58,34.6,10544,3648,2369.19,140.64,197.92
2022-08,2022,8,22,จันทบุรี,Chanthaburi,ภาคตะวันออก,113327,3224,116551,249.16,13.57,262.72,34.6,10559,3653,2254.12,134.57,169.68
2022-09,2022,9,22,จันทบุรี,Chanthaburi,ภาคตะวันออก,100319,2826,103145,230.87,12.36,243.23,29.2,10596,3094,2358.14,152.56,216.38
2022-10,2022,10,22,จันทบุรี,Chanthaburi,ภาคตะวันออก,109062,3105,112167,248.75,13.38,262.12,32.2,10679,3438,2336.87,147.99,197.39
2022-11,2022,11,22,จันทบุรี,Chanthaburi,ภาคตะวันออก,140922,4385,145307,322.1,18.21,340.31,42.1,10527,4431,2342.01,133.47,189.87
2022-12,2022,12,22,จันทบุรี,Chanthaburi,ภาคตะวันออก,162382,4632,167014,360.15,19.39,379.54,49.8,10690,5323,2272.5,124.3,165.6
2023-01,2023,1,22,จันทบุรี,Chanthaburi,ภาคตะวันออก,223425,12054,235479,573.52,56.82,630.34,62.7,10425,6536,2676.84,39.91,58.46
2023-02,2023,2,22,จันทบุรี,Chanthaburi,ภาคตะวันออก,198028,10759,208787,497.55,50.33,547.88,57.6,10707,6167,2624.11,31.0,48.72
2023-03,2023,3,22,จันทบุรี,Chanthaburi,ภาคตะวันออก,194841,10197,205038,501.58,49.42,551.0,51.0,10486,5347,2687.31,42.14,68.62
2023-04,2023,4,22,จันทบุรี,Chanthaburi,ภาคตะวันออก,199504,10787,210291,496.11,51.71,547.82,55.6,10499,5837,2605.06,47.42,62.2
2023-05,2023,5,22,จันทบุรี,Chanthaburi,ภาคตะวันออก,152173,7633,159806,382.01,36.8,418.81,43.1,10669,4598,2620.74,33.31,56.31
2023-06,2023,6,22,จันทบุรี,Chanthaburi,ภาคตะวันออก,137138,7318,144456,347.54,35.26,382.79,40.7,10548,4293,2649.87,36.71,58.84
2023-07,2023,7,22,จันทบุรี,Chanthaburi,ภาคตะวันออก,161546,8721,170267,403.85,42.24,446.09,45.4,10538,4784,2619.94,47.45,63.06
2023-08,2023,8,22,จันทบุรี,Chanthaburi,ภาคตะวันออก,166650,8835,175485,434.88,44.36,479.24,45.4,10392,4717,2730.95,50.56,82.41
2023-09,2023,9,22,จันทบุรี,Chanthaburi,ภาคตะวันออก,131744,6637,138381,346.7,31.17,377.87,37.6,10355,3893,2730.65,34.16,55.36
2023-10,2023,10,22,จันทบุรี,Chanthaburi,ภาคตะวันออก,152564,7626,160190,405.27,36.89,442.16,42.2,10397,4387,2760.22,42.81,68.69
2023-11,2023,11,22,จันทบุรี,Chanthaburi,ภาคตะวันออก,195827,9629,205456,500.16,45.94,546.1,54.8,10680,5852,2657.99,41.39,60.47
2023-12,2023,12,22,จันทบุรี,Chanthaburi,ภาคตะวันออก,244861,12143,257004,610.96,58.01,668.97,65.9,10659,7024,2602.96,53.88,76.26
2024-01,2024,1,22,จันทบุรี,Chanthaburi,ภาคตะวันออก,263093,18295,281388,750.4,95.61,846.01,68.0,10571,7188,3006.56,19.5,34.21
2024-02,2024,2,22,จันทบุรี,Chanthaburi,ภาคตะวันออก,241879,16799,258678,654.25,85.5,739.75,65.3,10695,6983,2859.73,23.9,35.02
2024-03,2024,3,22,จันทบุรี,Chanthaburi,ภาคตะวันออก,227910,15324,243234,658.8,83.85,742.65,55.2,10347,5711,3053.23,18.63,34.78
2024-04,2024,4,22,จันทบุรี,Chanthaburi,ภาคตะวันออก,237808,15547,253355,674.19,80.3,754.49,62.2,10484,6521,2978.0,20.48,37.73
2024-05,2024,5,22,จันทบุรี,Chanthaburi,ภาคตะวันออก,192506,12335,204841,531.75,63.03,594.78,48.8,10299,5025,2903.62,28.18,42.02
2024-06,2024,6,22,จันทบุรี,Chanthaburi,ภาคตะวันออก,174021,11061,185082,500.54,57.75,558.29,44.1,10669,4705,3016.45,28.12,45.85
2024-07,2024,7,22,จันทบุรี,Chanthaburi,ภาคตะวันออก,187195,11860,199055,538.41,60.62,599.03,50.8,10353,5259,3009.37,16.91,34.28
2024-08,2024,8,22,จันทบุรี,Chanthaburi,ภาคตะวันออก,186634,12795,199429,534.58,65.22,599.8,49.8,10396,5177,3007.59,13.64,25.16
2024-09,2024,9,22,จันทบุรี,Chanthaburi,ภาคตะวันออก,153299,10497,163796,430.72,55.65,486.37,41.0,10390,4259,2969.36,18.37,28.71
2024-10,2024,10,22,จันทบุรี,Chanthaburi,ภาคตะวันออก,185356,12599,197955,501.46,67.74,569.2,46.2,10633,4912,2875.4,23.58,28.73
2024-11,2024,11,22,จันทบุรี,Chanthaburi,ภาคตะวันออก,245286,17083,262369,697.7,93.05,790.74,59.4,10310,6124,3013.85,27.7,44.8
2024-12,2024,12,22,จันทบุรี,Chanthaburi,ภาคตะวันออก,266508,17288,283796,751.35,91.95,843.3,70.2,10581,7427,2971.5,10.42,26.06
2019-01,2019,1,23,ตราด,Trat,ภาคตะวันออก,171534,79866,251400,798.66,683.66,1482.31,75.0,9670,7252,5896.22,0.0,0.0
2019-02,2019,2,23,ตราด,Trat,ภาคตะวันออก,145373,70248,215621,668.61,591.47,1260.08,72.9,9350,6816,5843.96,0.0,0.0
2019-03,2019,3,23,ตราด,Trat,ภาคตะวันออก,129766,59129,188895,583.57,501.14,1084.7,65.6,9404,6169,5742.34,0.0,0.0
2019-04,2019,4,23,ตราด,Trat,ภาคตะวันออก,154568,76880,231448,713.4,670.8,1384.21,70.7,9386,6635,5980.65,0.0,0.0
2019-05,2019,5,23,ตราด,Trat,ภาคตะวันออก,119786,53769,173555,567.5,459.77,1027.26,54.7,9684,5297,5918.93,0.0,0.0
2019-06,2019,6,23,ตราด,Trat,ภาคตะวันออก,98231,48850,147081,452.95,413.4,866.35,48.6,9563,4647,5890.29,0.0,0.0
2019-07,2019,7,23,ตราด,Trat,ภาคตะวันออก,125217,59465,184682,554.9,522.6,1077.51,55.8,9354,5219,5834.41,0.0,0.0
2019-08,2019,8,23,ตราด,Trat,ภาคตะวันออก,125879,61739,187618,598.16,523.91,1122.07,56.6,9642,5457,5980.61,0.0,0.0
2019-09,2019,9,23,ตราด,Trat,ภาคตะวันออก,95245,44187,139432,448.33,373.67,822.0,47.1,9624,4532,5895.35,0.0,0.0
2019-10,2019,10,23,ตราด,Trat,ภาคตะวันออก,114272,53071,167343,503.84,458.7,962.54,53.1,9561,5076,5751.9,0.0,0.0
2019-11,2019,11,23,ตราด,Trat,ภาคตะวันออก,150466,68841,219307,685.42,592.31,1277.73,70.3,9421,6622,5826.22,0.0,0.0
2019-12,2019,12,23,ตราด,Trat,ภาคตะวันออก,173679,84444,258123,818.62,708.35,1526.97,78.9,9424,7435,5915.67,0.0,0.0
2020-01,2020,1,23,ตราด,Trat,ภาคตะวันออก,82884,7384,90268,320.95,52.55,373.5,32.0,9515,3044,4137.68,-64.09,-74.8
2020-02,2020,2,23,ตราด,Trat,ภาคตะวันออก,76657,6858,83515,298.7,50.09,348.79,30.5,9316,2841,4176.38,-61.27,-72.32
2020-03,2020,3,23,ตราด,Trat,ภาคตะวันออก,70207,6430,76637,263.98,45.96,309.94,27.4,9405,2576,4044.26,-59.43,-71.43
2020-04,2020,4,23,ตราด,Trat,ภาคตะวันออก,77107,6605,83712,294.99,49.5,344.5,29.8,9325,2778,4115.3,-63.83,-75.11
2020-05,2020,5,23,ตราด,Trat,ภาคตะวันออก,57999,5054,63053,217.51,36.51,254.02,22.2,9417,2090,4028.67,-63.67,-75.27
2020-06,2020,6,23,ตราด,Trat,ภาคตะวันออก,51789,4739,56528,197.65,34.51,232.16,20.6,9563,1969,4106.99,-61.57,-73.2
2020-07,2020,7,23,ตราด,Trat,ภาคตะวันออก,64124,5879,70003,254.72,42.26,296.98,23.4,9313,2179,4242.39,-62.1,-72.44
2020-08,2020,8,23,ตราด,Trat,ภาคตะวันออก,59700,5233,64933,232.57,39.55,272.12,23.7,9523,2256,4190.78,-65.39,-75.75
2020-09,2020,9,23,ตราด,Trat,ภาคตะวันออก,53097,4633,57730,202.58,33.96,236.54,20.2,9382,1895,4097.35,-58.6,-71.22
2020-10,2020,10,23,ตราด,Trat,ภาคตะวันออก,55639,4969,60608,211.91,37.35,249.26,22.6,9500,2147,4112.66,-63.78,-74.1
2020-11,2020,11,23,ตราด,Trat,ภาคตะวันออก,74203,6297,80500,298.17,45.25,343.42,28.1,9471,2661,4266.09,-63.29,-73.12
2020-12,2020,12,23,ตราด,Trat,ภาคตะวันออก,83810,7284,91094,322.95,51.81,374.76,33.1,9551,3161,4113.99,-64.71,-75.46
2021-01,2021,1,23,ตราด,Trat,ภาคตะวันออก,60167,1933,62100,222.95,13.19,236.14,23.4,9596,2245,3802.58,-31.2,-36.78
2021-02,2021,2,23,ตราด,Trat,ภาคตะวันออก,55186,1775,56961,209.37,12.13,221.5,21.7,9590,2081,3888.63,-31.8,-36.49
2021-03,2021,3,23,ตราด,Trat,ภาคตะวันออก,49188,1704,50892,179.19,11.96,191.15,18.9,9445,1785,3755.99,-33.59,-38.33
2021-04,2021,4,23,ตราด,Trat,ภาคตะวันออก,57439,1820,59259,211.56,12.43,223.99,21.4,9392,2009,3779.85,-29.21,-34.98
2021-05,2021,5,23,ตราด,Trat,ภาคตะวันออก,43694,1505,45199,163.94,10.2,174.14,15.9,9389,1492,3852.74,-28.32,-31.45
2021-06,2021,6,23,ตราด,Trat,ภาคตะวันออก,37222,1276,38498,136.94,8.74,145.68,15.4,9679,1490,3784.09,-31.9,-37.25
2021-07,2021,7,23,ตราด,Trat,ภาคตะวันออก,41671,1440,43111,157.16,10.17,167.34,16.7,9599,1603,3881.61,-38.42,-43.65
2021-08,2021,8,23,ตราด,Trat,ภาคตะวันออก,44648,1522,46170,166.37,10.54,176.91,17.5,9368,1639,3831.71,-28.9,-34.99
2021-09,2021,9,23,ตราด,Trat,ภาคตะวันออก,35170,1161,36331,134.16,7.76,141.92,15.0,9407,1411,3906.31,-37.07,-40.0
2021-10,2021,10,23,ตราด,Trat,ภาคตะวันออก,42960,1480,44440,161.2,10.61,171.8,16.1,9399,1513,3865.89,-26.68,-31.08
2021-11,2021,11,23,ตราด,Trat,ภาคตะวันออก,50817,1679,52496,187.92,11.6,199.52,20.3,9542,1937,3800.67,-34.79,-41.9
2021-12,2021,12,23,ตราด,Trat,ภาคตะวันออก,63143,2110,65253,237.06,14.01,251.07,24.6,9676,2380,3847.64,-28.37,-33.01
2022-01,2022,1,23,ตราด,Trat,ภาคตะวันออก,129285,22130,151415,545.74,187.16,732.91,50.7,9589,4861,4840.41,143.82,210.37
2022-02,2022,2,23,ตราด,Trat,ภาคตะวันออก,113884,20162,134046,513.46,168.05,681.52,48.0,9341,4483,5084.22,135.33,207.68
2022-03,2022,3,23,ตราด,Trat,ภาคตะวันออก,110297,19553,129850,489.18,163.6,652.78,43.0,9519,4093,5027.19,155.15,241.5
2022-04,2022,4,23,ตราด,Trat,ภาคตะวันออก,110233,19351,129584,471.63,159.81,631.45,48.2,9541,4598,4872.9,118.67,181.91
2022-05,2022,5,23,ตราด,Trat,ภาคตะวันออก,92293,16739,109032,388.58,139.53,528.11,37.0,9438,3492,4843.62,141.23,203.27
2022-06,2022,6,23,ตราด,Trat,ภาคตะวันออก,83410,15988,99398,356.19,132.27,488.46,33.7,9431,3178,4914.18,158.19,235.3
2022-07,2022,7,23,ตราด,Trat,ภาคตะวันออก,88685,15797,104482,373.96,133.24,507.2,39.0,9493,3702,4854.42,142.36,203.1
2022-08,2022,8,23,ตราด,Trat,ภาคตะวันออก,97854,18290,116144,432.35,153.93,586.29,40.0,9413,3765,5047.96,151.56,231.41
2022-09,2022,9,23,ตราด,Trat,ภาคตะวันออก,73946,13464,87410,334.63,108.67,443.3,33.0,9588,3164,5071.5,140.59,212.36
2022-10,2022,10,23,ตราด,Trat,ภาคตะวันออก,85199,16365,101564,360.09,134.42,494.52,35.6,9379,3338,4869.05,128.54,187.85
2022-11,2022,11,23,ตราด,Trat,ภาคตะวันออก,113209,20549,133758,509.45,162.15,671.6,47.4,9376,4444,5021.01,154.8,236.61
2022-12,2022,12,23,ตราด,Trat,ภาคตะวันออก,133503,25458,158961,592.75,213.71,806.46,54.5,9433,5140,5073.32,143.61,221.21
2023-01,2023,1,23,ตราด,Trat,ภาคตะวันออก,165144,55585,220729,815.06,535.38,1350.45,66.1,9644,6374,6118.14,45.78,84.26
2023-02,2023,2,23,ตราด,Trat,ภาคตะวันออก,145066,51959,197025,746.06,492.38,1238.44,65.2,9395,6125,6285.7,46.98,81.72
2023-03,2023,3,23,ตราด,Trat,ภาคตะวันออก,129570,48842,178412,660.65,459.25,1119.91,58.2,9507,5533,6277.1,37.4,71.56
2023-04,2023,4,23,ตราด,Trat,ภาคตะวันออก,136630,48385,185015,697.49,463.64,1161.13,60.7,9371,5688,6275.87,42.78,83.88
2023-05,2023,5,23,ตราด,Trat,ภาคตะวันออก,108665,40544,149209,555.95,368.22,924.17,48.1,9322,4483,6193.8,36.85,75.0
2023-06,2023,6,23,ตราด,Trat,ภาคตะวันออก,106109,35602,141711,518.4,327.39,845.79,44.1,9500,4189,5968.41,42.57,73.15
2023-07,2023,7,23,ตราด,Trat,ภาคตะวันออก,108579,36513,145092,522.59,331.36,853.94,49.2,9482,4665,5885.51,38.87,68.36
2023-08,2023,8,23,ตราด,Trat,ภาคตะวันออก,119444,41208,160652,587.62,398.59,986.22,51.4,9576,4922,6138.86,38.32,68.21
2023-09,2023,9,23,ตราด,Trat,ภาคตะวันออก,99085,33257,132342,475.73,299.03,774.76,41.1,9574,3934,5854.23,51.4,74.77
2023-10,2023,10,23,ตราด,Trat,ภาคตะวันออก,100677,35025,135702,480.81,328.72,809.54,47.0,9508,4468,5965.57,33.61,63.7
2023-11,2023,11,23,ตราด,Trat,ภาคตะวันออก,131552,46919,178471,677.7,433.18,1110.88,62.1,9476,5884,6224.43,33.43,65.41
2023-12,2023,12,23,ตราด,Trat,ภาคตะวันออก,164632,56106,220738,821.87,507.92,1329.79,71.7,9574,6864,6024.29,38.86,64.89
2024-01,2024,1,23,ตราด,Trat,ภาคตะวันออก,173264,82867,256131,974.37,820.76,1795.12,72.7,9487,6897,7008.6,16.04,32.93
2024-02,2024,2,23,ตราด,Trat,ภาคตะวันออก,147964,76220,224184,814.31,759.76,1574.08,72.1,9348,6739,7021.38,13.78,27.1
2024-03,2024,3,23,ตราด,Trat,ภาคตะวันออก,142676,71361,214037,749.85,708.25,1458.1,63.0,9328,5876,6812.37,19.97,30.2
2024-04,2024,4,23,ตราด,Trat,ภาคตะวันออก,144859,75518,220377,760.39,749.9,1510.29,69.3,9461,6556,6853.21,19.11,30.07
2024-05,2024,5,23,ตราด,Trat,ภาคตะวันออก,120050,60859,180909,635.56,627.75,1263.31,51.7,9473,4897,6983.12,21.25,36.7
2024-06,2024,6,23,ตราด,Trat,ภาคตะวันออก,108804,57833,166637,587.13,612.38,1199.51,49.2,9627,4736,7198.34,17.59,41.82
2024-07,2024,7,23,ตราด,Trat,ภาคตะวันออก,118994,60718,179712,634.16,641.53,1275.69,56.2,9502,5340,7098.52,23.86,49.39
2024-08,2024,8,23,ตราด,Trat,ภาคตะวันออก,129893,69272,199165,729.98,701.41,1431.39,57.2,9468,5415,7186.96,23.97,45.14
2024-09,2024,9,23,ตราด,Trat,ภาคตะวันออก,106189,56135,162324,568.39,573.64,1142.03,45.4,9569,4344,7035.5,22.65,47.4
2024-10,2024,10,23,ตราด,Trat,ภาคตะวันออก,123221,59003,182224,683.64,605.36,1289.0,52.2,9545,4982,7073.71,34.28,59.23
2024-11,2024,11,23,ตราด,Trat,ภาคตะวันออก,144521,70201,214722,813.64,715.94,1529.58,66.7,9509,6342,7123.54,20.31,37.69
2024-12,2024,12,23,ตราด,Trat,ภาคตะวันออก,189882,88377,278259,1036.13,895.05,1931.19,79.3,9317,7388,6940.26,26.06,45.23
2019-01,2019,1,24,ฉะเชิงเทรา,Chachoengsao,ภาคตะวันออก,134041,8183,142224,246.52,27.31,273.83,69.3,5492,3805,1925.34,0.0,0.0
2019-02,2019,2,24,ฉะเชิงเทรา,Chachoengsao,ภาคตะวันออก,123189,7659,130848,219.6,26.69,246.29,64.9,5511,3576,1882.26,0.0,0.0
2019-03,2019,3,24,ฉะเชิงเทรา,Chachoengsao,ภาคตะวันออก,105424,6915,112339,192.35,23.14,215.49,55.2,5497,3034,1918.21,0.0,0.0
2019-04,2019,4,24,ฉะเชิงเทรา,Chachoengsao,ภาคตะวันออก,117759,7149,124908,210.92,23.97,234.9,61.1,5602,3422,1880.58,0.0,0.0
2019-05,2019,5,24,ฉะเชิงเทรา,Chachoengsao,ภาคตะวันออก,93832,5921,99753,169.65,20.04,189.69,46.3,5509,2550,1901.6,0.0,0.0
2019-06,2019,6,24,ฉะเชิงเทรา,Chachoengsao,ภาคตะวันออก,82777,5507,88284,145.69,19.08,164.77,45.3,5609,2540,1866.36,0.0,0.0
2019-07,2019,7,24,ฉะเชิงเทรา,Chachoengsao,ภาคตะวันออก,96146,6423,102569,165.81,21.86,187.67,49.2,5511,2711,1829.7,0.0,0.0
2019-08,2019,8,24,ฉะเชิงเทรา,Chachoengsao,ภาคตะวันออก,103995,6410,110405,178.8,21.92,200.72,51.0,5503,2806,1818.03,0.0,0.0
2019-09,2019,9,24,ฉะเชิงเทรา,Chachoengsao,ภาคตะวันออก,75912,4746,80658,132.61,15.62,148.23,41.0,5431,2226,1837.76,0.0,0.0
2019-10,2019,10,24,ฉะเชิงเทรา,Chachoengsao,ภาคตะวันออก,84069,5290,89359,149.11,18.46,167.57,46.4,5590,2593,1875.24,0.0,0.0
2019-11,2019,11,24,ฉะเชิงเทรา,Chachoengsao,ภาคตะวันออก,113061,7105,120166,197.82,24.0,221.81,62.0,5448,3377,1845.86,0.0,0.0
2019-12,2019,12,24,ฉะเชิงเทรา,Chachoengsao,ภาคตะวันออก,132485,8341,140826,236.28,27.48,263.75,70.9,5607,3975,1872.88,0.0,0.0
2020-01,2020,1,24,ฉะเชิงเทรา,Chachoengsao,ภาคตะวันออก,53460,786,54246,82.36,2.3,84.66,28.4,5543,1574,1560.67,-61.86,-69.08
2020-02,2020,2,24,ฉะเชิงเทรา,Chachoengsao,ภาคตะวันออก,49473,762,50235,72.58,2.14,74.72,26.1,5593,1459,1487.41,-61.61,-69.66
2020-03,2020,3,24,ฉะเชิงเทรา,Chachoengsao,ภาคตะวันออก,44928,698,45626,67.67,2.06,69.73,24.0,5492,1318,1528.3,-59.39,-67.64
2020-04,2020,4,24,ฉะเชิงเทรา,Chachoengsao,ภาคตะวันออก,49281,746,50027,73.1,2.15,75.26,26.4,5559,1467,1504.39,-59.95,-67.96
2020-05,2020,5,24,ฉะเชิงเทรา,Chachoengsao,ภาคตะวันออก,36005,530,36535,55.52,1.56,57.08,19.5,5533,1078,1562.34,-63.37,-69.91
2020-06,2020,6,24,ฉะเชิงเทรา,Chachoengsao,ภาคตะวันออก,34198,528,34726,53.52,1.46,54.98,18.5,5458,1009,1583.25,-60.67,-66.63
2020-07,2020,7,24,ฉะเชิงเทรา,Chachoengsao,ภาคตะวันออก,35651,540,36191,52.03,1.54,53.57,21.1,5454,1150,1480.2,-64.72,-71.46
2020-08,2020,8,24,ฉะเชิงเทรา,Chachoengsao,ภาคตะวันออก,38346,563,38909,58.28,1.65,59.93,22.1,5567,1230,1540.26,-64.76,-70.14
2020-09,2020,9,24,ฉะเชิงเทรา,Chachoengsao,ภาคตะวันออก,32330,480,32810,47.2,1.42,48.62,17.4,5443,947,1481.87,-59.32,-67.2
2020-10,2020,10,24,ฉะเชิงเทรา,Chachoengsao,ภาคตะวันออก,37169,577,37746,54.52,1.68,56.2,19.2,5391,1035,1488.9,-57.76,-66.46
2020-11,2020,11,24,ฉะเชิงเทรา,Chachoengsao,ภาคตะวันออก,44364,694,45058,66.51,1.98,68.49,25.2,5577,1405,1520.04,-62.5,-69.12
2020-12,2020,12,24,ฉะเชิงเทรา,Chachoengsao,ภาคตะวันออก,57237,915,58152,87.53,2.59,90.12,30.6,5415,1656,1549.73,-58.71,-65.83
2021-01,2021,1,24,ฉะเชิงเทรา,Chachoengsao,ภาคตะวันออก,35767,212,35979,52.63,0.56,53.19,19.7,5607,1104,1478.36,-33.67,-37.17
2021-02,2021,2,24,ฉะเชิงเทรา,Chachoengsao,ภาคตะวันออก,33515,192,33707,48.0,0.5,48.5,19.4,5437,1054,1438.87,-32.9,-35.09
2021-03,2021,3,24,ฉะเชิงเทรา,Chachoengsao,ภาคตะวันออก,28674,166,28840,42.58,0.46,43.04,16.7,5401,901,1492.37,-36.79,-38.28
2021-04,2021,4,24,ฉะเชิงเทรา,Chachoengsao,ภาคตะวันออก,33883,202,34085,49.39,0.53,49.92,18.2,5503,1001,1464.57,-31.87,-33.67
2021-05,2021,5,24,ฉะเชิงเทรา,Chachoengsao,ภาคตะวันออก,26358,151,26509,36.58,0.42,37.0,15.0,5450,817,1395.75,-27.44,-35.18
2021-06,2021,6,24,ฉะเชิงเทรา,Chachoengsao,ภาคตะวันออก,22650,132,22782,32.5,0.34,32.85,15.0,5480,822,1441.93,-34.39,-40.25
2021-07,2021,7,24,ฉะเชิงเทรา,Chachoengsao,ภาคตะวันออก,26113,152,26265,36.83,0.4,37.22,15.0,5609,841,1417.09,-27.43,-30.52
2021-08,2021,8,24,ฉะเชิงเทรา,Chachoengsao,ภาคตะวันออก,28130,164,28294,39.37,0.46,39.82,15.6,5452,850,1407.37,-27.28,-33.56
2021-09,2021,9,24,ฉะเชิงเทรา,Chachoengsao,ภาคตะวันออก,22349,129,22478,33.0,0.36,33.36,15.0,5465,819,1484.12,-31.49,-31.39
2021-10,2021,10,24,ฉะเชิงเทรา,Chachoengsao,ภาคตะวันออก,23568,135,23703,34.83,0.37,35.2,15.0,5530,829,1485.04,-37.2,-37.37
2021-11,2021,11,24,ฉะเชิงเทรา,Chachoengsao,ภาคตะวันออก,33275,210,33485,45.78,0.57,46.35,18.7,5545,1036,1384.2,-25.68,-32.33
2021-12,2021,12,24,ฉะเชิงเทรา,Chachoengsao,ภาคตะวันออก,36086,219,36305,50.85,0.59,51.44,21.5,5562,1195,1416.88,-37.57,-42.92
2022-01,2022,1,24,ฉะเชิงเทรา,Chachoengsao,ภาคตะวันออก,86411,2572,88983,144.79,8.07,152.86,45.5,5461,2484,1717.86,147.32,187.38
2022-02,2022,2,24,ฉะเชิงเทรา,Chachoengsao,ภาคตะวันออก,81636,2524,84160,137.08,7.91,144.99,43.7,5462,2386,1722.79,149.68,198.95
2022-03,2022,3,24,ฉะเชิงเทรา,Chachoengsao,ภาคตะวันออก,70615,2089,72704,122.93,6.84,129.78,39.4,5566,2193,1785.05,152.09,201.53
2022-04,2022,4,24,ฉะเชิงเทรา,Chachoengsao,ภาคตะวันออก,72556,2186,74742,119.7,7.21,126.92,42.5,5465,2322,1698.11,119.28,154.25
2022-05,2022,5,24,ฉะเชิงเทรา,Chachoengsao,ภาคตะวันออก,57313,1632,58945,94.75,5.06,99.81,32.0,5586,1787,1693.27,122.36,169.76
2022-06,2022,6,24,ฉะเชิงเทรา,Chachoengsao,ภาคตะวันออก,53155,1604,54759,89.31,5.13,94.44,29.5,5394,1591,1724.65,140.36,187.49
2022-07,2022,7,24,ฉะเชิงเทรา,Chachoengsao,ภาคตะวันออก,63437,1845,65282,109.74,5.81,115.55,34.4,5440,1871,1770.01,148.55,210.45
2022-08,2022,8,24,ฉะเชิงเทรา,Chachoengsao,ภาคตะวันออก,66710,1913,68623,111.21,5.97,117.18,35.9,5607,2012,1707.59,142.54,194.27
2022-09,2022,9,24,ฉะเชิงเทรา,Chachoengsao,ภาคตะวันออก,54377,1587,55964,90.92,5.23,96.15,29.0,5552,1610,1718.07,148.97,188.22
2022-10,2022,10,24,ฉะเชิงเทรา,Chachoengsao,ภาคตะวันออก,57594,1741,59335,94.52,5.54,100.07,31.5,5407,1703,1686.53,150.33,184.29
2022-11,2022,11,24,ฉะเชิงเทรา,Chachoengsao,ภาคตะวันออก,73354,2235,75589,128.88,7.41,136.29,42.1,5424,2283,1803.04,125.74,194.05
2022-12,2022,12,24,ฉะเชิงเทรา,Chachoengsao,ภาคตะวันออก,90955,2809,93764,148.18,8.93,157.11,49.3,5452,2687,1675.59,158.27,205.42
2023-01,2023,1,24,ฉะเชิงเทรา,Chachoengsao,ภาคตะวันออก,111898,5500,117398,218.46,19.38,237.84,61.8,5414,3345,2025.93,31.93,55.59
2023-02,2023,2,24,ฉะเชิงเทรา,Chachoengsao,ภาคตะวันออก,106257,5266,111523,199.61,19.33,218.94,55.9,5585,3122,1963.18,32.51,51.0
2023-03,2023,3,24,ฉะเชิงเทรา,Chachoengsao,ภาคตะวันออก,94802,4977,99779,176.64,17.98,194.62,50.1,5608,2809,1950.51,37.24,49.96
2023-04,2023,4,24,ฉะเชิงเทรา,Chachoengsao,ภาคตะวันออก,102939,5379,108318,203.91,19.3,223.21,56.0,5412,3030,2060.69,44.92,75.87
2023-05,2023,5,24,ฉะเชิงเทรา,Chachoengsao,ภาคตะวันออก,82094,4450,86544,159.3,15.6,174.91,43.3,5392,2334,2021.05,46.82,75.24
2023-06,2023,6,24,ฉะเชิงเทรา,Chachoengsao,ภาคตะวันออก,73527,3782,77309,144.41,13.58,157.99,39.7,5533,2196,2043.62,41.18,67.29
2023-07,2023,7,24,ฉะเชิงเทรา,Chachoengsao,ภาคตะวันออก,83203,4482,87685,165.23,16.41,181.64,44.3,5409,2396,2071.51,34.32,57.2
2023-08,2023,8,24,ฉะเชิงเทรา,Chachoengsao,ภาคตะวันออก,87743,4484,92227,170.46,15.72,186.18,46.7,5540,2587,2018.71,34.4,58.88
2023-09,2023,9,24,ฉะเชิงเทรา,Chachoengsao,ภาคตะวันออก,72434,3633,76067,143.11,12.9,156.01,37.5,5543,2078,2050.96,35.92,62.26
2023-10,2023,10,24,ฉะเชิงเทรา,Chachoengsao,ภาคตะวันออก,82044,4035,86079,158.43,14.97,173.4,41.0,5602,2296,2014.43,45.07,73.28
2023-11,2023,11,24,ฉะเชิงเทรา,Chachoengsao,ภาคตะวันออก,109255,5661,114916,211.56,20.0,231.56,52.9,5529,2924,2015.04,52.03,69.9
2023-12,2023,12,24,ฉะเชิงเทรา,Chachoengsao,ภาคตะวันออก,118710,6079,124789,230.87,21.21,252.08,63.1,5592,3528,2020.05,33.09,60.45
2024-01,2024,1,24,ฉะเชิงเทรา,Chachoengsao,ภาคตะวันออก,135553,8886,144439,291.12,36.03,327.15,67.8,5477,3713,2264.97,23.03,37.55
2024-02,2024,2,24,ฉะเชิงเทรา,Chachoengsao,ภาคตะวันออก,125354,7920,133274,254.1,30.26,284.35,63.6,5455,3469,2133.57,19.5,29.88
2024-03,2024,3,24,ฉะเชิงเทรา,Chachoengsao,ภาคตะวันออก,119693,8227,127920,242.35,33.36,275.71,54.1,5510,2980,2155.33,28.2,41.67
2024-04,2024,4,24,ฉะเชิงเทรา,Chachoengsao,ภาคตะวันออก,119196,7810,127006,253.38,31.64,285.02,60.4,5432,3280,2244.15,17.25,27.69
2024-05,2024,5,24,ฉะเชิงเทรา,Chachoengsao,ภาคตะวันออก,91798,5833,97631,194.48,22.37,216.85,46.3,5454,2525,2221.12,12.81,23.98
2024-06,2024,6,24,ฉะเชิงเทรา,Chachoengsao,ภาคตะวันออก,86442,5975,92417,185.36,23.86,209.22,42.3,5558,2351,2263.87,19.54,32.43
2024-07,2024,7,24,ฉะเชิงเทรา,Chachoengsao,ภาคตะวันออก,106346,6803,113149,222.94,27.99,250.93,50.0,5490,2745,2217.7,29.04,38.15
2024-08,2024,8,24,ฉะเชิงเทรา,Chachoengsao,ภาคตะวันออก,107778,7016,114794,229.86,27.3,257.15,49.9,5419,2704,2240.1,24.47,38.12
2024-09,2024,9,24,ฉะเชิงเทรา,Chachoengsao,ภาคตะวันออก,83252,5278,88530,175.15,21.2,196.36,40.1,5414,2171,2218.01,16.38,25.86
2024-10,2024,10,24,ฉะเชิงเทรา,Chachoengsao,ภาคตะวันออก,88457,6027,94484,189.64,24.42,214.06,46.2,5484,2533,2265.57,9.76,23.45
2024-11,2024,11,24,ฉะเชิงเทรา,Chachoengsao,ภาคตะวันออก,125577,8073,133650,265.12,33.12,298.23,58.5,5595,3273,2231.43,16.3,28.79
2024-12,2024,12,24,ฉะเชิงเทรา,Chachoengsao,ภาคตะวันออก,139702,8864,148566,297.68,35.34,333.01,68.4,5463,3736,2241.5,19.05,32.1
2019-01,2019,1,25,ปราจีนบุรี,Prachin Buri,ภาคตะวันออก,131288,8083,139371,229.32,28.23,257.54,69.3,5532,3833,1847.87,0.0,0.0
2019-02,2019,2,25,ปราจีนบุรี,Prachin Buri,ภาคตะวันออก,115229,7459,122688,207.36,25.97,233.32,64.9,5584,3624,1901.73,0.0,0.0
2019-03,2019,3,25,ปราจีนบุรี,Prachin Buri,ภาคตะวันออก,102780,6255,109035,178.17,21.7,199.87,56.8,5480,3112,1833.08,0.0,0.0
2019-04,2019,4,25,ปราจีนบุรี,Prachin Buri,ภาคตะวันออก,124576,8139,132715,228.95,27.42,256.37,60.7,5563,3376,1931.73,0.0,0.0
2019-05,2019,5,25,ปราจีนบุรี,Prachin Buri,ภาคตะวันออก,93476,5755,99231,167.97,19.77,187.74,48.8,5399,2634,1891.95,0.0,0.0
2019-06,2019,6,25,ปราจีนบุรี,Prachin Buri,ภาคตะวันออก,87905,5817,93722,157.87,19.15,177.03,43.1,5410,2331,1888.88,0.0,0.0
2019-07,2019,7,25,ปราจีนบุรี,Prachin Buri,ภาคตะวันออก,93823,6201,100024,168.97,21.36,190.33,49.3,5446,2684,1902.84,0.0,0.0
2019-08,2019,8,25,ปราจีนบุรี,Prachin Buri,ภาคตะวันออก,98905,6606,105511,176.28,22.5,198.78,52.3,5599,2928,1883.97,0.0,0.0
2019-09,2019,9,25,ปราจีนบุรี,Prachin Buri,ภาคตะวันออก,81297,5074,86371,143.69,16.94,160.62,43.1,5589,2408,1859.65,0.0,0.0
2019-10,2019,10,25,ปราจีนบุรี,Prachin Buri,ภาคตะวันออก,91195,5871,97066,167.53,20.2,187.72,46.3,5494,2543,1933.94,0.0,0.0
2019-11,2019,11,25,ปราจีนบุรี,Prachin Buri,ภาคตะวันออก,121615,7436,129051,224.15,25.3,249.45,59.3,5603,3322,1932.96,0.0,0.0
2019-12,2019,12,25,ปราจีนบุรี,Prachin Buri,ภาคตะวันออก,129510,7952,137462,233.5,25.76,259.27,69.4,5574,3868,1886.12,0.0,0.0
2020-01,2020,1,25,ปราจีนบุรี,Prachin Buri,ภาคตะวันออก,50951,747,51698,77.46,2.16,79.62,28.6,5464,1562,1540.1,-62.91,-69.08
2020-02,2020,2,25,ปราจีนบุรี,Prachin Buri,ภาคตะวันออก,49716,728,50444,75.99,2.06,78.05,27.3,5399,1473,1547.26,-58.88,-66.55
2020-03,2020,3,25,ปราจีนบุรี,Prachin Buri,ภาคตะวันออก,43912,665,44577,66.67,1.85,68.52,23.9,5568,1330,1537.12,-59.12,-65.72
2020-04,2020,4,25,ปราจีนบุรี,Prachin Buri,ภาคตะวันออก,47188,727,47915,73.85,2.07,75.92,26.1,5575,1455,1584.47,-63.9,-70.39
2020-05,2020,5,25,ปราจีนบุรี,Prachin Buri,ภาคตะวันออก,36875,587,37462,54.82,1.61,56.43,20.5,5595,1146,1506.33,-62.25,-69.94
2020-06,2020,6,25,ปราจีนบุรี,Prachin Buri,ภาคตะวันออก,33615,506,34121,52.75,1.49,54.24,18.4,5580,1026,1589.64,-63.59,-69.36
2020-07,2020,7,25,ปราจีนบุรี,Prachin Buri,ภาคตะวันออก,38163,569,38732,57.47,1.58,59.05,20.5,5507,1128,1524.58,-61.28,-68.97
2020-08,2020,8,25,ปราจีนบุรี,Prachin Buri,ภาคตะวันออก,40050,579,40629,59.3,1.64,60.94,22.1,5428,1199,1499.91,-61.49,-69.34
2020-09,2020,9,25,ปราจีนบุรี,Prachin Buri,ภาคตะวันออก,31796,471,32267,49.68,1.34,51.02,17.9,5517,987,1581.18,-62.64,-68.24
2020-10,2020,10,25,ปราจีนบุรี,Prachin Buri,ภาคตะวันออก,36336,544,36880,54.42,1.59,56.01,19.9,5418,1078,1518.71,-62.01,-70.16
2020-11,2020,11,25,ปราจีนบุรี,Prachin Buri,ภาคตะวันออก,46396,722,47118,72.66,2.13,74.78,25.1,5599,1405,1587.08,-63.49,-70.02
2020-12,2020,12,25,ปราจีนบุรี,Prachin Buri,ภาคตะวันออก,55593,838,56431,83.69,2.34,86.03,29.2,5542,1618,1524.52,-58.95,-66.82
2021-01,2021,1,25,ปราจีนบุรี,Prachin Buri,ภาคตะวันออก,36233,222,36455,52.18,0.57,52.75,20.2,5413,1093,1446.99,-29.48,-33.75
2021-02,2021,2,25,ปราจีนบุรี,Prachin Buri,ภาคตะวันออก,34432,214,34646,50.14,0.57,50.71,19.0,5539,1052,1463.66,-31.32,-35.03
2021-03,2021,3,25,ปราจีนบุรี,Prachin Buri,ภาคตะวันออก,29241,175,29416,41.09,0.46,41.55,16.7,5560,928,1412.5,-34.01,-39.36
2021-04,2021,4,25,ปราจีนบุรี,Prachin Buri,ภาคตะวันออก,30984,184,31168,44.44,0.5,44.94,18.5,5484,1014,1441.86,-34.95,-40.81
2021-05,2021,5,25,ปราจีนบุรี,Prachin Buri,ภาคตะวันออก,24573,144,24717,34.66,0.39,35.05,15.0,5393,808,1418.05,-34.02,-37.89
2021-06,2021,6,25,ปราจีนบุรี,Prachin Buri,ภาคตะวันออก,22119,132,22251,32.43,0.34,32.77,15.0,5462,819,1472.74,-34.79,-39.58
2021-07,2021,7,25,ปราจีนบุรี,Prachin Buri,ภาคตะวันออก,24740,148,24888,34.77,0.4,35.16,15.0,5422,813,1412.73,-35.74,-40.46
2021-08,2021,8,25,ปราจีนบุรี,Prachin Buri,ภาคตะวันออก,26419,156,26575,37.9,0.43,38.33,15.7,5457,856,1442.33,-34.59,-37.1
2021-09,2021,9,25,ปราจีนบุรี,Prachin Buri,ภาคตะวันออก,21717,124,21841,31.1,0.34,31.44,15.0,5589,838,1439.49,-32.31,-38.38
2021-10,2021,10,25,ปราจีนบุรี,Prachin Buri,ภาคตะวันออก,25165,158,25323,37.29,0.43,37.72,15.0,5466,819,1489.55,-31.34,-32.65
2021-11,2021,11,25,ปราจีนบุรี,Prachin Buri,ภาคตะวันออก,31220,181,31401,43.4,0.47,43.87,17.6,5588,983,1397.09,-33.36,-41.33
2021-12,2021,12,25,ปราจีนบุรี,Prachin Buri,ภาคตะวันออก,35368,223,35591,51.52,0.61,52.13,21.7,5475,1188,1464.7,-36.93,-39.4
2022-01,2022,1,25,ปราจีนบุรี,Prachin Buri,ภาคตะวันออก,80214,2405,82619,133.92,7.92,141.85,45.0,5574,2508,1716.92,126.63,168.91
2022-02,2022,2,25,ปราจีนบุรี,Prachin Buri,ภาคตะวันออก,81791,2327,84118,135.46,7.15,142.62,42.8,5414,2317,1695.48,142.79,181.25
2022-03,2022,3,25,ปราจีนบุรี,Prachin Buri,ภาคตะวันออก,69473,2034,71507,117.72,6.66,124.38,38.0,5501,2090,1739.41,143.09,199.35
2022-04,2022,4,25,ปราจีนบุรี,Prachin Buri,ภาคตะวันออก,75850,2199,78049,123.78,6.94,130.71,43.4,5527,2398,1674.72,150.41,190.85
2022-05,2022,5,25,ปราจีนบุรี,Prachin Buri,ภาคตะวันออก,57328,1739,59067,97.92,5.37,103.29,32.3,5605,1810,1748.69,138.97,194.69
2022-06,2022,6,25,ปราจีนบุรี,Prachin Buri,ภาคตะวันออก,52542,1495,54037,86.34,4.88,91.22,30.5,5474,1669,1688.1,142.85,178.36
2022-07,2022,7,25,ปราจีนบุรี,Prachin Buri,ภาคตะวันออก,64474,1830,66304,110.17,5.64,115.81,34.2,5601,1915,1746.65,166.41,229.38
2022-08,2022,8,25,ปราจีนบุรี,Prachin Buri,ภาคตะวันออก,65126,1956,67082,114.6,6.25,120.85,35.3,5597,1975,1801.53,152.43,215.29
2022-09,2022,9,25,ปราจีนบุรี,Prachin Buri,ภาคตะวันออก,48698,1423,50121,85.86,4.37,90.23,28.0,5509,1542,1800.24,129.48,186.99
2022-10,2022,10,25,ปราจีนบุรี,Prachin Buri,ภาคตะวันออก,58157,1776,59933,95.85,5.88,101.73,31.6,5514,1742,1697.4,136.67,169.7
2022-11,2022,11,25,ปราจีนบุรี,Prachin Buri,ภาคตะวันออก,77787,2396,80183,130.79,7.57,138.37,41.0,5534,2268,1725.68,155.35,215.41
2022-12,2022,12,25,ปราจีนบุรี,Prachin Buri,ภาคตะวันออก,82215,2514,84729,141.48,8.04,149.52,49.7,5509,2737,1764.69,138.06,186.82
2023-01,2023,1,25,ปราจีนบุรี,Prachin Buri,ภาคตะวันออก,114711,5736,120447,214.38,21.22,235.61,59.1,5433,3210,1956.13,45.79,66.1
2023-02,2023,2,25,ปราจีนบุรี,Prachin Buri,ภาคตะวันออก,106310,5539,111849,197.96,19.94,217.9,56.2,5479,3079,1948.16,32.97,52.78
2023-03,2023,3,25,ปราจีนบุรี,Prachin Buri,ภาคตะวันออก,91311,4822,96133,178.12,17.98,196.1,50.7,5545,2811,2039.88,34.44,57.66
2023-04,2023,4,25,ปราจีนบุรี,Prachin Buri,ภาคตะวันออก,107640,5343,112983,202.16,19.01,221.17,54.2,5525,2994,1957.55,44.76,69.21
2023-05,2023,5,25,ปราจีนบุรี,Prachin Buri,ภาคตะวันออก,82276,4246,86522,160.23,15.22,175.45,41.2,5555,2288,2027.81,46.48,69.86
2023-06,2023,6,25,ปราจีนบุรี,Prachin Buri,ภาคตะวันออก,72916,3703,76619,136.16,12.92,149.09,38.9,5404,2102,1945.86,41.79,63.44
2023-07,2023,7,25,ปราจีนบุรี,Prachin Buri,ภาคตะวันออก,84161,4502,88663,156.94,15.94,172.88,43.8,5475,2398,1949.86,33.72,49.28
2023-08,2023,8,25,ปราจีนบุรี,Prachin Buri,ภาคตะวันออก,86358,4294,90652,172.36,15.98,188.34,45.4,5550,2519,2077.62,35.14,55.85
2023-09,2023,9,25,ปราจีนบุรี,Prachin Buri,ภาคตะวันออก,71479,3596,75075,138.52,13.54,152.06,36.7,5479,2010,2025.44,49.79,68.52
2023-10,2023,10,25,ปราจีนบุรี,Prachin Buri,ภาคตะวันออก,75908,3944,79852,146.66,14.11,160.76,41.5,5409,2244,2013.22,33.24,58.03
2023-11,2023,11,25,ปราจีนบุรี,Prachin Buri,ภาคตะวันออก,108333,5774,114107,205.45,20.57,226.02,52.4,5452,2856,1980.77,42.31,63.34
2023-12,2023,12,25,ปราจีนบุรี,Prachin Buri,ภาคตะวันออก,123622,6328,129950,246.05,22.53,268.57,61.6,5461,3363,2066.72,53.37,79.62
2024-01,2024,1,25,ปราจีนบุรี,Prachin Buri,ภาคตะวันออก,137348,9524,146872,300.16,39.25,339.41,67.0,5421,3632,2310.92,21.94,44.06
2024-02,2024,2,25,ปราจีนบุรี,Prachin Buri,ภาคตะวันออก,128650,8825,137475,269.44,34.98,304.42,60.6,5514,3341,2214.37,22.91,39.71
2024-03,2024,3,25,ปราจีนบุรี,Prachin Buri,ภาคตะวันออก,121728,7965,129693,248.89,31.19,280.08,56.1,5532,3103,2159.56,34.91,42.83
2024-04,2024,4,25,ปราจีนบุรี,Prachin Buri,ภาคตะวันออก,127382,8828,136210,275.02,35.41,310.43,60.9,5547,3378,2279.05,20.56,40.36
2024-05,2024,5,25,ปราจีนบุรี,Prachin Buri,ภาคตะวันออก,94263,6077,100340,193.83,23.92,217.75,47.1,5417,2551,2170.12,15.97,24.11
2024-06,2024,6,25,ปราจีนบุรี,Prachin Buri,ภาคตะวันออก,87433,6008,93441,180.84,23.84,204.68,44.6,5558,2478,2190.47,21.96,37.29
2024-07,2024,7,25,ปราจีนบุรี,Prachin Buri,ภาคตะวันออก,100737,6922,107659,214.21,27.93,242.15,48.4,5564,2692,2249.23,21.42,40.07
2024-08,2024,8,25,ปราจีนบุรี,Prachin Buri,ภาคตะวันออก,98272,6741,105013,205.53,27.1,232.63,51.5,5480,2822,2215.25,15.84,23.52
2024-09,2024,9,25,ปราจีนบุรี,Prachin Buri,ภาคตะวันออก,87565,5557,93122,181.65,22.68,204.33,40.3,5557,2239,2194.22,24.04,34.37
2024-10,2024,10,25,ปราจีนบุรี,Prachin Buri,ภาคตะวันออก,99410,6807,106217,216.66,27.16,243.82,46.6,5569,2595,2295.49,33.02,51.67
2024-11,2024,11,25,ปราจีนบุรี,Prachin Buri,ภาคตะวันออก,124299,8258,132557,267.01,32.95,299.96,58.0,5580,3236,2262.88,16.17,32.71
2024-12,2024,12,25,ปราจีนบุรี,Prachin Buri,ภาคตะวันออก,141060,9708,150768,298.26,37.55,335.81,71.0,5572,3956,2227.33,16.02,25.04
2019-01,2019,1,26,นครนายก,Nakhon Nayok,ภาคกลาง,132079,8812,140891,237.04,28.85,265.89,69.2,5397,3734,1887.2,0.0,0.0
2019-02,2019,2,26,นครนายก,Nakhon Nayok,ภาคกลาง,126308,8287,134595,224.3,28.51,252.81,64.9,5416,3514,1878.3,0.0,0.0
2019-03,2019,3,26,นครนายก,Nakhon Nayok,ภาคกลาง,108840,6635,115475,191.7,21.51,213.21,57.7,5545,3199,1846.37,0.0,0.0
2019-04,2019,4,26,นครนายก,Nakhon Nayok,ภาคกลาง,116955,7125,124080,205.61,23.77,229.38,62.8,5523,3468,1848.65,0.0,0.0
2019-05,2019,5,26,นครนายก,Nakhon Nayok,ภาคกลาง,95861,6171,102032,172.21,20.63,192.84,47.6,5556,2644,1890.0,0.0,0.0
2019-06,2019,6,26,นครนายก,Nakhon Nayok,ภาคกลาง,87516,5735,93251,156.44,19.74,176.18,43.3,5537,2397,1889.31,0.0,0.0
2019-07,2019,7,26,นครนายก,Nakhon Nayok,ภาคกลาง,96028,6105,102133,178.0,19.89,197.89,48.8,5404,2637,1937.57,0.0,0.0
2019-08,2019,8,26,นครนายก,Nakhon Nayok,ภาคกลาง,98930,6630,105560,170.4,22.06,192.46,50.8,5501,2794,1823.23,0.0,0.0
2019-09,2019,9,26,นครนายก,Nakhon Nayok,ภาคกลาง,79889,5076,84965,145.48,16.72,162.2,42.2,5460,2304,1909.02,0.0,0.0
2019-10,2019,10,26,นครนายก,Nakhon Nayok,ภาคกลาง,84062,5100,89162,153.85,17.06,170.91,47.5,5409,2569,1916.85,0.0,0.0
2019-11,2019,11,26,นครนายก,Nakhon Nayok,ภาคกลาง,111735,6796,118531,204.88,22.99,227.87,58.7,5400,3169,1922.45,0.0,0.0
2019-12,2019,12,26,นครนายก,Nakhon Nayok,ภาคกลาง,128864,8534,137398,236.91,27.98,264.89,70.6,5548,3916,1927.9,0.0,0.0
2020-01,2020,1,26,นครนายก,Nakhon Nayok,ภาคกลาง,53004,844,53848,79.28,2.36,81.65,27.8,5516,1533,1516.31,-61.78,-69.29
2020-02,2020,2,26,นครนายก,Nakhon Nayok,ภาคกลาง,48857,767,49624,75.86,2.27,78.13,26.9,5498,1478,1574.44,-63.13,-69.1
2020-03,2020,3,26,นครนายก,Nakhon Nayok,ภาคกลาง,42918,653,43571,66.05,1.85,67.9,23.7,5601,1327,1558.38,-62.27,-68.15
2020-04,2020,4,26,นครนายก,Nakhon Nayok,ภาคกลาง,46700,685,47385,72.15,1.98,74.13,26.8,5451,1460,1564.42,-61.81,-67.68
2020-05,2020,5,26,นครนายก,Nakhon Nayok,ภาคกลาง,34088,505,34593,51.22,1.44,52.67,19.9,5605,1115,1522.56,-66.1,-72.69
2020-06,2020,6,26,นครนายก,Nakhon Nayok,ภาคกลาง,34374,515,34889,50.63,1.52,52.15,18.8,5390,1013,1494.74,-62.59,-70.4
2020-07,2020,7,26,นครนายก,Nakhon Nayok,ภาคกลาง,38752,606,39358,59.81,1.72,61.54,20.7,5436,1125,1563.6,-61.46,-68.9
2020-08,2020,8,26,นครนายก,Nakhon Nayok,ภาคกลาง,36851,547,37398,56.24,1.56,57.8,22.1,5531,1222,1545.54,-64.57,-69.97
2020-09,2020,9,26,นครนายก,Nakhon Nayok,ภาคกลาง,33817,489,34306,51.31,1.41,52.72,18.1,5408,978,1536.76,-59.62,-67.5
2020-10,2020,10,26,นครนายก,Nakhon Nayok,ภาคกลาง,34512,509,35021,51.28,1.4,52.68,19.7,5440,1071,1504.24,-60.72,-69.18
2020-11,2020,11,26,นครนายก,Nakhon Nayok,ภาคกลาง,46934,680,47614,73.52,1.98,75.5,25.9,5518,1429,1585.67,-59.83,-66.87
2020-12,2020,12,26,นครนายก,Nakhon Nayok,ภาคกลาง,57491,904,58395,88.81,2.57,91.38,29.5,5412,1596,1564.86,-57.5,-65.5
2021-01,2021,1,26,นครนายก,Nakhon Nayok,ภาคกลาง,37573,233,37806,55.15,0.62,55.76,20.6,5455,1123,1474.9,-29.79,-31.71
2021-02,2021,2,26,นครนายก,Nakhon Nayok,ภาคกลาง,33080,205,33285,45.57,0.56,46.13,19.2,5418,1040,1385.91,-32.93,-40.96
2021-03,2021,3,26,นครนายก,Nakhon Nayok,ภาคกลาง,28207,165,28372,39.49,0.43,39.92,16.8,5469,918,1407.02,-34.88,-41.21
2021-04,2021,4,26,นครนายก,Nakhon Nayok,ภาคกลาง,31664,189,31853,44.01,0.52,44.54,18.4,5487,1009,1398.3,-32.78,-39.92
2021-05,2021,5,26,นครนายก,Nakhon Nayok,ภาคกลาง,26507,164,26671,38.72,0.46,39.18,15.0,5545,831,1469.01,-22.9,-25.61
2021-06,2021,6,26,นครนายก,Nakhon Nayok,ภาคกลาง,23624,138,23762,34.08,0.37,34.46,15.0,5526,828,1450.21,-31.89,-33.92
2021-07,2021,7,26,นครนายก,Nakhon Nayok,ภาคกลาง,27013,164,27177,39.9,0.42,40.33,15.1,5397,814,1483.98,-30.95,-34.47
2021-08,2021,8,26,นครนายก,Nakhon Nayok,ภาคกลาง,25497,150,25647,35.18,0.4,35.58,15.6,5476,854,1387.3,-31.42,-38.44
2021-09,2021,9,26,นครนายก,Nakhon Nayok,ภาคกลาง,21199,123,21322,29.73,0.33,30.06,15.0,5489,823,1409.81,-37.85,-42.98
2021-10,2021,10,26,นครนายก,Nakhon Nayok,ภาคกลาง,24266,150,24416,34.93,0.42,35.34,15.0,5562,834,1447.41,-30.28,-32.92
2021-11,2021,11,26,นครนายก,Nakhon Nayok,ภาคกลาง,32295,200,32495,47.28,0.55,47.83,17.6,5400,950,1471.92,-31.75,-36.65
2021-12,2021,12,26,นครนายก,Nakhon Nayok,ภาคกลาง,36282,212,36494,53.85,0.57,54.41,20.7,5433,1124,1490.93,-37.5,-40.46
2022-01,2022,1,26,นครนายก,Nakhon Nayok,ภาคกลาง,78555,2382,80937,138.48,7.51,145.99,45.4,5442,2470,1803.75,114.09,161.82
2022-02,2022,2,26,นครนายก,Nakhon Nayok,ภาคกลาง,77465,2216,79681,127.0,7.08,134.08,42.2,5504,2322,1682.71,139.39,190.66
2022-03,2022,3,26,นครนายก,Nakhon Nayok,ภาคกลาง,66660,1942,68602,115.07,6.02,121.09,37.8,5544,2095,1765.11,141.79,203.33
2022-04,2022,4,26,นครนายก,Nakhon Nayok,ภาคกลาง,80113,2335,82448,134.77,7.35,142.12,42.8,5514,2359,1723.75,158.84,219.08
2022-05,2022,5,26,นครนายก,Nakhon Nayok,ภาคกลาง,57656,1664,59320,101.01,5.48,106.49,32.2,5534,1781,1795.18,122.41,171.8
2022-06,2022,6,26,นครนายก,Nakhon Nayok,ภาคกลาง,56029,1726,57755,95.03,5.47,100.5,30.2,5432,1640,1740.11,143.06,191.64
2022-07,2022,7,26,นครนายก,Nakhon Nayok,ภาคกลาง,63830,1858,65688,110.91,5.89,116.8,34.0,5510,1873,1778.1,141.7,189.61
2022-08,2022,8,26,นครนายก,Nakhon Nayok,ภาคกลาง,61501,1847,63348,104.3,6.02,110.32,35.7,5398,1927,1741.49,147.0,210.06
2022-09,2022,9,26,นครนายก,Nakhon Nayok,ภาคกลาง,51975,1554,53529,89.12,4.88,94.0,29.2,5609,1637,1756.06,151.05,212.71
2022-10,2022,10,26,นครนายก,Nakhon Nayok,ภาคกลาง,54710,1556,56266,91.39,4.77,96.16,30.9,5438,1680,1709.02,130.45,172.1
2022-11,2022,11,26,นครนายก,Nakhon Nayok,ภาคกลาง,75457,2309,77766,124.11,7.33,131.44,42.2,5509,2324,1690.2,139.32,174.81
2022-12,2022,12,26,นครนายก,Nakhon Nayok,ภาคกลาง,85386,2437,87823,140.81,7.76,148.57,48.4,5438,2631,1691.7,140.65,173.06
2023-01,2023,1,26,นครนายก,Nakhon Nayok,ภาคกลาง,118538,5913,124451,223.62,21.07,244.68,59.7,5439,3247,1966.08,53.76,67.6
2023-02,2023,2,26,นครนายก,Nakhon Nayok,ภาคกลาง,108017,5641,113658,213.74,20.49,234.23,55.8,5473,3053,2060.83,42.64,74.69
2023-03,2023,3,26,นครนายก,Nakhon Nayok,ภาคกลาง,94433,4744,99177,182.9,16.82,199.72,51.8,5523,2860,2013.77,44.57,64.94
2023-04,2023,4,26,นครนายก,Nakhon Nayok,ภาคกลาง,103500,5553,109053,192.21,19.5,211.71,55.3,5403,2987,1941.35,32.27,48.97
2023-05,2023,5,26,นครนายก,Nakhon Nayok,ภาคกลาง,82727,4433,87160,160.83,16.68,177.5,42.4,5393,2286,2036.48,46.93,66.68
2023-06,2023,6,26,นครนายก,Nakhon Nayok,ภาคกลาง,76864,3944,80808,145.5,14.84,160.34,39.6,5457,2160,1984.21,39.92,59.54
2023-07,2023,7,26,นครนายก,Nakhon Nayok,ภาคกลาง,83889,4270,88159,167.29,14.95,182.24,43.1,5553,2393,2067.17,34.21,56.03
2023-08,2023,8,26,นครนายก,Nakhon Nayok,ภาคกลาง,90763,4673,95436,181.6,16.79,198.4,44.6,5497,2451,2078.88,50.65,79.84
2023-09,2023,9,26,นครนายก,Nakhon Nayok,ภาคกลาง,69507,3633,73140,131.43,13.22,144.65,37.4,5590,2090,1977.71,36.64,53.88
2023-10,2023,10,26,นครนายก,Nakhon Nayok,ภาคกลาง,76818,3988,80806,148.59,14.22,162.8,41.8,5551,2320,2014.7,43.61,69.3
2023-11,2023,11,26,นครนายก,Nakhon Nayok,ภาคกลาง,102604,5459,108063,202.87,20.38,223.25,53.6,5550,2974,2065.92,38.96,69.85
2023-12,2023,12,26,นครนายก,Nakhon Nayok,ภาคกลาง,124331,6227,130558,231.91,22.85,254.76,63.9,5502,3515,1951.32,48.66,71.47
2024-01,2024,1,26,นครนายก,Nakhon Nayok,ภาคกลาง,134408,8746,143154,290.54,35.14,325.68,64.9,5513,3577,2275.03,15.03,33.1
2024-02,2024,2,26,นครนายก,Nakhon Nayok,ภาคกลาง,135042,8711,143753,289.14,33.97,323.11,63.1,5566,3512,2247.67,26.48,37.95
2024-03,2024,3,26,นครนายก,Nakhon Nayok,ภาคกลาง,113014,7633,120647,241.9,29.32,271.22,56.6,5570,3152,2248.05,21.65,35.8
2024-04,2024,4,26,นครนายก,Nakhon Nayok,ภาคกลาง,123584,8075,131659,251.45,32.65,284.1,62.2,5569,3463,2157.85,20.73,34.19
2024-05,2024,5,26,นครนายก,Nakhon Nayok,ภาคกลาง,98974,6916,105890,208.16,28.36,236.52,47.3,5537,2619,2233.64,21.49,33.25
2024-06,2024,6,26,นครนายก,Nakhon Nayok,ภาคกลาง,86244,5893,92137,175.31,22.75,198.07,43.5,5511,2397,2149.73,14.02,23.53
2024-07,2024,7,26,นครนายก,Nakhon Nayok,ภาคกลาง,97673,6437,104110,203.38,26.26,229.64,48.9,5507,2692,2205.74,18.09,26.01
2024-08,2024,8,26,นครนายก,Nakhon Nayok,ภาคกลาง,108758,7203,115961,221.77,29.38,251.15,49.1,5510,2705,2165.81,21.51,26.59
2024-09,2024,9,26,นครนายก,Nakhon Nayok,ภาคกลาง,86624,5820,92444,177.62,23.3,200.92,40.7,5453,2219,2173.42,26.39,38.9
2024-10,2024,10,26,นครนายก,Nakhon Nayok,ภาคกลาง,98704,6739,105443,207.5,25.94,233.44,45.0,5605,2522,2213.9,30.49,43.39
2024-11,2024,11,26,นครนายก,Nakhon Nayok,ภาคกลาง,126903,8771,135674,269.5,33.56,303.06,59.6,5392,3213,2233.74,25.55,35.75
2024-12,2024,12,26,นครนายก,Nakhon Nayok,ภาคกลาง,136775,9166,145941,289.01,35.92,324.93,70.5,5531,3899,2226.45,11.78,27.54
2019-01,2019,1,27,สระแก้ว,Sa Kaeo,ภาคตะวันออก,130910,8367,139277,227.63,27.51,255.13,66.4,5431,3606,1831.82,0.0,0.0
2019-02,2019,2,27,สระแก้ว,Sa Kaeo,ภาคตะวันออก,118248,7316,125564,209.57,24.8,234.37,65.0,5588,3632,1866.54,0.0,0.0
2019-03,2019,3,27,สระแก้ว,Sa Kaeo,ภาคตะวันออก,106309,7075,113384,192.25,22.86,215.11,58.3,5513,3214,1897.18,0.0,0.0
2019-04,2019,4,27,สระแก้ว,Sa Kaeo,ภาคตะวันออก,113343,7461,120804,208.42,24.62,233.04,63.8,5422,3459,1929.08,0.0,0.0
2019-05,2019,5,27,สระแก้ว,Sa Kaeo,ภาคตะวันออก,88373,5701,94074,160.45,18.84,179.3,48.3,5412,2613,1905.95,0.0,0.0
2019-06,2019,6,27,สระแก้ว,Sa Kaeo,ภาคตะวันออก,89964,5636,95600,164.53,19.31,183.84,45.2,5609,2535,1923.01,0.0,0.0
2019-07,2019,7,27,สระแก้ว,Sa Kaeo,ภาคตะวันออก,90713,5700,96413,164.2,19.02,183.22,50.2,5405,2713,1900.37,0.0,0.0
2019-08,2019,8,27,สระแก้ว,Sa Kaeo,ภาคตะวันออก,92311,6195,98506,168.92,20.13,189.05,50.6,5419,2742,1919.17,0.0,0.0
2019-09,2019,9,27,สระแก้ว,Sa Kaeo,ภาคตะวันออก,80671,5056,85727,149.22,16.45,165.67,41.0,5455,2236,1932.53,0.0,0.0
2019-10,2019,10,27,สระแก้ว,Sa Kaeo,ภาคตะวันออก,87447,5859,93306,150.89,20.0,170.89,47.5,5495,2610,1831.5,0.0,0.0
2019-11,2019,11,27,สระแก้ว,Sa Kaeo,ภาคตะวันออก,114826,7677,122503,201.71,26.16,227.87,59.3,5456,3235,1860.12,0.0,0.0
2019-12,2019,12,27,สระแก้ว,Sa Kaeo,ภาคตะวันออก,136660,8748,145408,237.51,29.54,267.05,70.0,5460,3821,1836.56,0.0,0.0
2020-01,2020,1,27,สระแก้ว,Sa Kaeo,ภาคตะวันออก,53972,829,54801,81.56,2.29,83.85,28.8,5564,1602,1530.08,-60.65,-67.13
2020-02,2020,2,27,สระแก้ว,Sa Kaeo,ภาคตะวันออก,47021,744,47765,69.64,2.04,71.68,27.5,5524,1519,1500.68,-61.96,-69.42
2020-03,2020,3,27,สระแก้ว,Sa Kaeo,ภาคตะวันออก,44442,688,45130,68.62,1.9,70.52,23.8,5586,1329,1562.6,-60.2,-67.22
2020-04,2020,4,27,สระแก้ว,Sa Kaeo,ภาคตะวันออก,49068,740,49808,73.89,2.07,75.96,26.6,5440,1447,1525.06,-58.77,-67.4
2020-05,2020,5,27,สระแก้ว,Sa Kaeo,ภาคตะวันออก,37176,581,37757,56.47,1.61,58.07,19.6,5429,1064,1537.99,-59.86,-67.61
2020-06,2020,6,27,สระแก้ว,Sa Kaeo,ภาคตะวันออก,34879,554,35433,53.25,1.55,54.8,18.3,5571,1019,1546.58,-62.94,-70.19
2020-07,2020,7,27,สระแก้ว,Sa Kaeo,ภาคตะวันออก,36510,556,37066,56.15,1.54,57.7,21.2,5414,1147,1556.68,-61.55,-68.51
2020-08,2020,8,27,สระแก้ว,Sa Kaeo,ภาคตะวันออก,38109,581,38690,56.48,1.63,58.11,21.7,5409,1173,1501.94,-60.72,-69.26
2020-09,2020,9,27,สระแก้ว,Sa Kaeo,ภาคตะวันออก,30522,473,30995,47.37,1.31,48.69,17.4,5481,953,1570.9,-63.84,-70.61
2020-10,2020,10,27,สระแก้ว,Sa Kaeo,ภาคตะวันออก,34030,509,34539,51.01,1.44,52.45,19.8,5411,1071,1518.57,-62.98,-69.31
2020-11,2020,11,27,สระแก้ว,Sa Kaeo,ภาคตะวันออก,43492,654,44146,64.8,1.93,66.73,25.1,5456,1369,1511.58,-63.96,-70.72
2020-12,2020,12,27,สระแก้ว,Sa Kaeo,ภาคตะวันออก,52751,787,53538,82.37,2.18,84.55,29.9,5515,1648,1579.25,-63.18,-68.34
2021-01,2021,1,27,สระแก้ว,Sa Kaeo,ภาคตะวันออก,34581,216,34797,49.04,0.58,49.62,19.7,5547,1092,1425.98,-36.5,-40.82
2021-02,2021,2,27,สระแก้ว,Sa Kaeo,ภาคตะวันออก,34598,219,34817,49.05,0.58,49.64,18.7,5434,1016,1425.74,-27.11,-30.75
2021-03,2021,3,27,สระแก้ว,Sa Kaeo,ภาคตะวันออก,30609,187,30796,45.14,0.5,45.64,17.5,5428,949,1482.01,-31.76,-35.28
2021-04,2021,4,27,สระแก้ว,Sa Kaeo,ภาคตะวันออก,31621,190,31811,46.42,0.53,46.95,18.2,5396,982,1475.9,-36.13,-38.19
2021-05,2021,5,27,สระแก้ว,Sa Kaeo,ภาคตะวันออก,23715,137,23852,34.72,0.37,35.08,15.0,5443,816,1470.74,-36.83,-39.59
2021-06,2021,6,27,สระแก้ว,Sa Kaeo,ภาคตะวันออก,24343,150,24493,33.57,0.39,33.97,15.0,5475,821,1386.93,-30.88,-38.01
2021-07,2021,7,27,สระแก้ว,Sa Kaeo,ภาคตะวันออก,27048,160,27208,39.29,0.43,39.72,15.3,5573,852,1459.86,-26.6,-31.16
2021-08,2021,8,27,สระแก้ว,Sa Kaeo,ภาคตะวันออก,27625,170,27795,39.13,0.44,39.58,15.4,5468,842,1424.0,-28.16,-31.89
2021-09,2021,9,27,สระแก้ว,Sa Kaeo,ภาคตะวันออก,21296,122,21418,29.74,0.32,30.05,15.0,5500,825,1403.03,-30.9,-38.28
2021-10,2021,10,27,สระแก้ว,Sa Kaeo,ภาคตะวันออก,24576,146,24722,35.75,0.38,36.12,15.0,5554,833,1461.05,-28.42,-31.13
2021-11,2021,11,27,สระแก้ว,Sa Kaeo,ภาคตะวันออก,31992,196,32188,46.75,0.54,47.29,18.6,5602,1041,1469.18,-27.09,-29.13
2021-12,2021,12,27,สระแก้ว,Sa Kaeo,ภาคตะวันออก,38661,230,38891,53.78,0.64,54.42,21.1,5511,1162,1399.3,-27.36,-35.64
2022-01,2022,1,27,สระแก้ว,Sa Kaeo,ภาคตะวันออก,85088,2635,87723,140.18,8.19,148.37,46.0,5525,2541,1691.35,152.1,199.01
2022-02,2022,2,27,สระแก้ว,Sa Kaeo,ภาคตะวันออก,74028,2253,76281,129.69,7.0,136.69,43.0,5537,2380,1791.93,119.09,175.36
2022-03,2022,3,27,สระแก้ว,Sa Kaeo,ภาคตะวันออก,66521,2011,68532,110.64,6.33,116.98,39.6,5560,2201,1706.94,122.54,156.31
2022-04,2022,4,27,สระแก้ว,Sa Kaeo,ภาคตะวันออก,76204,2232,78436,127.98,7.15,135.13,41.9,5492,2301,1722.81,146.57,187.82
2022-05,2022,5,27,สระแก้ว,Sa Kaeo,ภาคตะวันออก,60717,1792,62509,100.43,5.85,106.28,32.4,5406,1751,1700.24,162.07,202.96
2022-06,2022,6,27,สระแก้ว,Sa Kaeo,ภาคตะวันออก,51485,1575,53060,85.46,5.06,90.52,30.8,5399,1662,1705.99,116.63,166.47
2022-07,2022,7,27,สระแก้ว,Sa Kaeo,ภาคตะวันออก,60327,1701,62028,100.58,5.47,106.05,33.6,5497,1846,1709.71,127.98,166.99
2022-08,2022,8,27,สระแก้ว,Sa Kaeo,ภาคตะวันออก,61569,1794,63363,101.48,5.89,107.37,35.8,5501,1969,1694.52,127.97,171.27
2022-09,2022,9,27,สระแก้ว,Sa Kaeo,ภาคตะวันออก,53512,1538,55050,91.52,4.9,96.43,28.1,5561,1562,1751.68,157.03,220.9
2022-10,2022,10,27,สระแก้ว,Sa Kaeo,ภาคตะวันออก,59828,1797,61625,100.94,5.57,106.51,31.9,5544,1768,1728.36,149.27,194.88
2022-11,2022,11,27,สระแก้ว,Sa Kaeo,ภาคตะวันออก,72157,2034,74191,121.77,6.31,128.08,40.6,5558,2256,1726.35,130.49,170.84
2022-12,2022,12,27,สระแก้ว,Sa Kaeo,ภาคตะวันออก,87519,2539,90058,151.93,7.98,159.91,48.3,5425,2620,1775.63,131.57,193.84
2023-01,2023,1,27,สระแก้ว,Sa Kaeo,ภาคตะวันออก,115548,6214,121762,214.88,22.57,237.45,60.3,5565,3355,1950.12,38.8,60.04
2023-02,2023,2,27,สระแก้ว,Sa Kaeo,ภาคตะวันออก,113864,5783,119647,224.47,20.78,245.26,57.6,5565,3205,2049.86,56.85,79.43
2023-03,2023,3,27,สระแก้ว,Sa Kaeo,ภาคตะวันออก,96023,4755,100778,184.11,17.89,202.0,51.0,5506,2808,2004.41,47.05,72.68
2023-04,2023,4,27,สระแก้ว,Sa Kaeo,ภาคตะวันออก,106830,5339,112169,204.66,20.13,224.79,53.9,5416,2919,2004.03,43.01,66.35
2023-05,2023,5,27,สระแก้ว,Sa Kaeo,ภาคตะวันออก,76253,3865,80118,145.55,14.03,159.58,41.8,5572,2329,1991.81,28.17,50.15
2023-06,2023,6,27,สระแก้ว,Sa Kaeo,ภาคตะวันออก,76203,4150,80353,150.68,14.58,165.26,38.5,5537,2131,2056.67,51.44,82.57
2023-07,2023,7,27,สระแก้ว,Sa Kaeo,ภาคตะวันออก,82862,4123,86985,162.07,14.66,176.73,43.9,5529,2427,2031.73,40.24,66.65
2023-08,2023,8,27,สระแก้ว,Sa Kaeo,ภาคตะวันออก,86499,4476,90975,161.2,16.68,177.88,45.7,5437,2484,1955.26,43.58,65.67
2023-09,2023,9,27,สระแก้ว,Sa Kaeo,ภาคตะวันออก,70423,3534,73957,139.9,13.27,153.17,36.8,5467,2011,2071.07,34.35,58.84
2023-10,2023,10,27,สระแก้ว,Sa Kaeo,ภาคตะวันออก,80626,4231,84857,150.34,15.68,166.03,40.8,5533,2257,1956.59,37.7,55.88
2023-11,2023,11,27,สระแก้ว,Sa Kaeo,ภาคตะวันออก,98043,5073,103116,192.81,18.72,211.52,52.4,5464,2863,2051.28,38.99,65.15
2023-12,2023,12,27,สระแก้ว,Sa Kaeo,ภาคตะวันออก,127853,6723,134576,240.63,24.46,265.09,64.7,5434,3515,1969.82,49.43,65.77
2024-01,2024,1,27,สระแก้ว,Sa Kaeo,ภาคตะวันออก,128557,8853,137410,276.12,36.06,312.17,65.3,5530,3611,2271.81,12.85,31.47
2024-02,2024,2,27,สระแก้ว,Sa Kaeo,ภาคตะวันออก,122977,8415,131392,262.64,32.72,295.35,63.0,5525,3480,2247.85,9.82,20.42
2024-03,2024,3,27,สระแก้ว,Sa Kaeo,ภาคตะวันออก,109322,7250,116572,230.15,29.13,259.27,56.1,5569,3124,2224.12,15.67,28.35
2024-04,2024,4,27,สระแก้ว,Sa Kaeo,ภาคตะวันออก,131461,9004,140465,275.37,36.87,312.24,62.3,5526,3442,2222.9,25.23,38.9
2024-05,2024,5,27,สระแก้ว,Sa Kaeo,ภาคตะวันออก,101657,6470,108127,219.83,26.56,246.39,47.1,5590,2632,2278.71,34.96,54.4
2024-06,2024,6,27,สระแก้ว,Sa Kaeo,ภาคตะวันออก,94956,6228,101184,201.79,24.99,226.78,43.9,5398,2369,2241.26,25.92,37.23
2024-07,2024,7,27,สระแก้ว,Sa Kaeo,ภาคตะวันออก,106334,6707,113041,230.53,26.78,257.31,49.1,5566,2732,2276.25,29.95,45.59
2024-08,2024,8,27,สระแก้ว,Sa Kaeo,ภาคตะวันออก,106189,7376,113565,223.86,30.04,253.91,50.8,5481,2784,2235.81,24.83,42.74
2024-09,2024,9,27,สระแก้ว,Sa Kaeo,ภาคตะวันออก,85633,5581,91214,173.46,21.96,195.42,41.7,5470,2280,2142.43,23.33,27.58
2024-10,2024,10,27,สระแก้ว,Sa Kaeo,ภาคตะวันออก,94720,6322,101042,195.53,24.72,220.25,45.5,5517,2510,2179.79,19.07,32.66
2024-11,2024,11,27,สระแก้ว,Sa Kaeo,ภาคตะวันออก,129137,8655,137792,279.83,34.82,314.65,58.8,5608,3297,2283.51,33.63,48.76
2024-12,2024,12,27,สระแก้ว,Sa Kaeo,ภาคตะวันออก,147389,9599,156988,316.46,39.04,355.5,70.7,5404,3820,2264.5,16.65,34.11
2019-01,2019,1,30,นครราชสีมา,Nakhon Ratchasima,ภาคตะวันออกเฉียงเหนือ,734463,30538,765001,1350.55,108.35,1458.91,74.6,31446,23458,1907.07,0.0,0.0
2019-02,2019,2,30,นครราชสีมา,Nakhon Ratchasima,ภาคตะวันออกเฉียงเหนือ,728448,30716,759164,1375.7,106.44,1482.14,69.7,30908,21542,1952.33,0.0,0.0
2019-03,2019,3,30,นครราชสีมา,Nakhon Ratchasima,ภาคตะวันออกเฉียงเหนือ,605953,26320,632273,1138.61,93.91,1232.52,60.5,30934,18715,1949.35,0.0,0.0
2019-04,2019,4,30,นครราชสีมา,Nakhon Ratchasima,ภาคตะวันออกเฉียงเหนือ,675044,26817,701861,1253.9,96.42,1350.32,69.2,31434,21752,1923.91,0.0,0.0
2019-05,2019,5,30,นครราชสีมา,Nakhon Ratchasima,ภาคตะวันออกเฉียงเหนือ,504080,21830,525910,905.96,78.31,984.27,51.1,30645,15659,1871.56,0.0,0.0
2019-06,2019,6,30,นครราชสีมา,Nakhon Ratchasima,ภาคตะวันออกเฉียงเหนือ,470231,19571,489802,878.81,70.22,949.03,48.3,31419,15175,1937.58,0.0,0.0
2019-07,2019,7,30,นครราชสีมา,Nakhon Ratchasima,ภาคตะวันออกเฉียงเหนือ,557879,23433,581312,1025.66,84.9,1110.56,54.2,31148,16882,1910.44,0.0,0.0
2019-08,2019,8,30,นครราชสีมา,Nakhon Ratchasima,ภาคตะวันออกเฉียงเหนือ,572145,23873,596018,1027.67,82.61,1110.28,56.0,30734,17211,1862.83,0.0,0.0
2019-09,2019,9,30,นครราชสีมา,Nakhon Ratchasima,ภาคตะวันออกเฉียงเหนือ,452195,19329,471524,826.39,67.94,894.34,47.3,31266,14788,1896.7,0.0,0.0
2019-10,2019,10,30,นครราชสีมา,Nakhon Ratchasima,ภาคตะวันออกเฉียงเหนือ,508314,21348,529662,930.9,78.05,1008.95,51.3,31267,16039,1904.89,0.0,0.0
2019-11,2019,11,30,นครราชสีมา,Nakhon Ratchasima,ภาคตะวันออกเฉียงเหนือ,670725,29162,699887,1249.35,105.12,1354.47,66.9,31106,20809,1935.27,0.0,0.0
2019-12,2019,12,30,นครราชสีมา,Nakhon Ratchasima,ภาคตะวันออกเฉียงเหนือ,794045,33808,827853,1487.03,114.31,1601.34,75.7,31085,23531,1934.33,0.0,0.0
2020-01,2020,1,30,นครราชสีมา,Nakhon Ratchasima,ภาคตะวันออกเฉียงเหนือ,301277,2905,304182,490.2,8.35,498.56,30.9,30542,9437,1639.02,-60.24,-65.83
2020-02,2020,2,30,นครราชสีมา,Nakhon Ratchasima,ภาคตะวันออกเฉียงเหนือ,280039,2692,282731,458.48,8.01,466.49,28.9,30497,8813,1649.94,-62.76,-68.53
2020-03,2020,3,30,นครราชสีมา,Nakhon Ratchasima,ภาคตะวันออกเฉียงเหนือ,232754,2382,235136,361.34,7.36,368.7,26.3,30477,8015,1568.03,-62.81,-70.09
2020-04,2020,4,30,นครราชสีมา,Nakhon Ratchasima,ภาคตะวันออกเฉียงเหนือ,273996,2708,276704,420.39,8.15,428.54,28.0,30885,8647,1548.73,-60.58,-68.26
2020-05,2020,5,30,นครราชสีมา,Nakhon Ratchasima,ภาคตะวันออกเฉียงเหนือ,196700,2063,198763,310.46,6.14,316.6,21.2,30997,6571,1592.85,-62.21,-67.83
2020-06,2020,6,30,นครราชสีมา,Nakhon Ratchasima,ภาคตะวันออกเฉียงเหนือ,200198,2015,202213,328.27,6.1,334.38,20.2,31572,6377,1653.6,-58.72,-64.77
2020-07,2020,7,30,นครราชสีมา,Nakhon Ratchasima,ภาคตะวันออกเฉียงเหนือ,205506,1999,207505,334.6,6.19,340.79,22.4,30884,6918,1642.32,-64.3,-69.31
2020-08,2020,8,30,นครราชสีมา,Nakhon Ratchasima,ภาคตะวันออกเฉียงเหนือ,228577,2336,230913,348.82,6.84,355.66,23.9,31601,7552,1540.23,-61.26,-67.97
2020-09,2020,9,30,นครราชสีมา,Nakhon Ratchasima,ภาคตะวันออกเฉียงเหนือ,180902,1829,182731,282.33,5.57,287.9,18.9,31069,5872,1575.54,-61.25,-67.81
2020-10,2020,10,30,นครราชสีมา,Nakhon Ratchasima,ภาคตะวันออกเฉียงเหนือ,204444,2001,206445,336.57,5.93,342.51,21.0,31208,6553,1659.09,-61.02,-66.05
2020-11,2020,11,30,นครราชสีมา,Nakhon Ratchasima,ภาคตะวันออกเฉียงเหนือ,251571,2573,254144,398.73,7.99,406.73,28.3,31009,8775,1600.39,-63.69,-69.97
2020-12,2020,12,30,นครราชสีมา,Nakhon Ratchasima,ภาคตะวันออกเฉียงเหนือ,293988,2969,296957,459.66,8.77,468.43,31.9,31490,10045,1577.43,-64.13,-70.75
2021-01,2021,1,30,นครราชสีมา,Nakhon Ratchasima,ภาคตะวันออกเฉียงเหนือ,201386,1011,202397,307.87,2.92,310.79,21.7,30955,6717,1535.55,-33.46,-37.66
2021-02,2021,2,30,นครราชสีมา,Nakhon Ratchasima,ภาคตะวันออกเฉียงเหนือ,195902,984,196886,293.37,2.75,296.12,20.4,31063,6336,1504.02,-30.36,-36.52
2021-03,2021,3,30,นครราชสีมา,Nakhon Ratchasima,ภาคตะวันออกเฉียงเหนือ,166824,838,167662,240.88,2.41,243.29,18.7,30671,5735,1451.07,-28.7,-34.01
2021-04,2021,4,30,นครราชสีมา,Nakhon Ratchasima,ภาคตะวันออกเฉียงเหนือ,179412,901,180313,271.7,2.57,274.27,19.9,30775,6124,1521.08,-34.84,-36.0
2021-05,2021,5,30,นครราชสีมา,Nakhon Ratchasima,ภาคตะวันออกเฉียงเหนือ,145664,731,146395,220.4,2.11,222.51,15.5,31452,4875,1519.93,-26.35,-29.72
2021-06,2021,6,30,นครราชสีมา,Nakhon Ratchasima,ภาคตะวันออกเฉียงเหนือ,125795,632,126427,188.99,1.73,190.72,15.0,30863,4629,1508.54,-37.48,-42.96
2021-07,2021,7,30,นครราชสีมา,Nakhon Ratchasima,ภาคตะวันออกเฉียงเหนือ,150047,754,150801,221.64,2.18,223.82,16.1,31601,5087,1484.21,-27.33,-34.32
2021-08,2021,8,30,นครราชสีมา,Nakhon Ratchasima,ภาคตะวันออกเฉียงเหนือ,145266,729,145995,219.23,2.08,221.31,17.0,31198,5303,1515.87,-36.77,-37.77
2021-09,2021,9,30,นครราชสีมา,Nakhon Ratchasima,ภาคตะวันออกเฉียงเหนือ,128974,648,129622,196.92,1.84,198.76,15.0,31324,4698,1533.38,-29.06,-30.96
2021-10,2021,10,30,นครราชสีมา,Nakhon Ratchasima,ภาคตะวันออกเฉียงเหนือ,140011,703,140714,210.24,2.04,212.28,15.2,31526,4791,1508.59,-31.84,-38.02
2021-11,2021,11,30,นครราชสีมา,Nakhon Ratchasima,ภาคตะวันออกเฉียงเหนือ,172429,866,173295,266.28,2.39,268.67,19.3,31193,6020,1550.36,-31.81,-33.94
2021-12,2021,12,30,นครราชสีมา,Nakhon Ratchasima,ภาคตะวันออกเฉียงเหนือ,209337,1051,210388,324.04,2.95,326.99,23.4,31240,7310,1554.22,-29.15,-30.19
2022-01,2022,1,30,นครราชสีมา,Nakhon Ratchasima,ภาคตะวันออกเฉียงเหนือ,472323,9137,481460,831.08,29.47,860.55,51.4,30406,15628,1787.38,137.88,176.89
2022-02,2022,2,30,นครราชสีมา,Nakhon Ratchasima,ภาคตะวันออกเฉียงเหนือ,418733,8305,427038,720.38,27.46,747.84,46.8,30589,14315,1751.23,116.9,152.55
2022-03,2022,3,30,นครราชสีมา,Nakhon Ratchasima,ภาคตะวันออกเฉียงเหนือ,392898,8004,400902,704.57,27.15,731.72,42.6,31407,13379,1825.18,139.11,200.76
2022-04,2022,4,30,นครราชสีมา,Nakhon Ratchasima,ภาคตะวันออกเฉียงเหนือ,444433,8939,453372,772.94,30.21,803.15,47.2,31287,14767,1771.5,151.44,192.83
2022-05,2022,5,30,นครราชสีมา,Nakhon Ratchasima,ภาคตะวันออกเฉียงเหนือ,347507,6947,354454,624.05,24.11,648.16,36.3,30576,11099,1828.62,142.12,191.29
2022-06,2022,6,30,นครราชสีมา,Nakhon Ratchasima,ภาคตะวันออกเฉียงเหนือ,312982,5934,318916,535.88,19.4,555.28,32.4,30808,9981,1741.15,152.25,191.15
2022-07,2022,7,30,นครราชสีมา,Nakhon Ratchasima,ภาคตะวันออกเฉียงเหนือ,329345,6382,335727,575.12,21.5,596.62,37.7,30567,11523,1777.1,122.63,166.56
2022-08,2022,8,30,นครราชสีมา,Nakhon Ratchasima,ภาคตะวันออกเฉียงเหนือ,355502,7064,362566,615.18,24.0,639.19,39.2,31142,12207,1762.96,148.34,188.82
2022-09,2022,9,30,นครราชสีมา,Nakhon Ratchasima,ภาคตะวันออกเฉียงเหนือ,299323,6095,305418,552.19,20.95,573.15,32.2,31337,10090,1876.61,135.62,188.36
2022-10,2022,10,30,นครราชสีมา,Nakhon Ratchasima,ภาคตะวันออกเฉียงเหนือ,315576,6442,322018,564.52,21.42,585.94,34.4,30849,10612,1819.59,128.85,176.02
2022-11,2022,11,30,นครราชสีมา,Nakhon Ratchasima,ภาคตะวันออกเฉียงเหนือ,408043,8209,416252,702.13,27.36,729.48,44.3,30878,13678,1752.5,140.2,171.52
2022-12,2022,12,30,นครราชสีมา,Nakhon Ratchasima,ภาคตะวันออกเฉียงเหนือ,511065,10331,521396,878.74,35.66,914.4,51.7,31367,16216,1753.75,147.83,179.64
2023-01,2023,1,30,นครราชสีมา,Nakhon Ratchasima,ภาคตะวันออกเฉียงเหนือ,696383,24460,720843,1415.1,95.63,1510.73,65.7,30883,20290,2095.78,49.72,75.55
2023-02,2023,2,30,นครราชสีมา,Nakhon Ratchasima,ภาคตะวันออกเฉียงเหนือ,609319,19887,629206,1232.45,75.76,1308.21,62.2,31304,19471,2079.14,47.34,74.93
2023-03,2023,3,30,นครราชสีมา,Nakhon Ratchasima,ภาคตะวันออกเฉียงเหนือ,525048,18198,543246,1067.15,66.55,1133.7,56.3,30851,17369,2086.9,35.51,54.94
2023-04,2023,4,30,นครราชสีมา,Nakhon Ratchasima,ภาคตะวันออกเฉียงเหนือ,642712,21812,664524,1302.3,79.76,1382.07,61.7,31337,19334,2079.79,46.57,72.08
2023-05,2023,5,30,นครราชสีมา,Nakhon Ratchasima,ภาคตะวันออกเฉียงเหนือ,438991,14482,453473,894.1,56.28,950.39,45.4,30699,13937,2095.8,27.94,46.63
2023-06,2023,6,30,นครราชสีมา,Nakhon Ratchasima,ภาคตะวันออกเฉียงเหนือ,455854,14941,470795,888.22,58.13,946.35,44.0,31215,13734,2010.11,47.62,70.43
2023-07,2023,7,30,นครราชสีมา,Nakhon Ratchasima,ภาคตะวันออกเฉียงเหนือ,503090,16757,519847,1002.71,62.98,1065.69,48.3,31251,15094,2050.01,54.84,78.62
2023-08,2023,8,30,นครราชสีมา,Nakhon Ratchasima,ภาคตะวันออกเฉียงเหนือ,512952,16577,529529,1026.09,64.44,1090.53,48.7,31084,15137,2059.43,46.05,70.61
2023-09,2023,9,30,นครราชสีมา,Nakhon Ratchasima,ภาคตะวันออกเฉียงเหนือ,410165,13732,423897,803.22,52.44,855.66,40.8,30944,12625,2018.56,38.79,49.29
2023-10,2023,10,30,นครราชสีมา,Nakhon Ratchasima,ภาคตะวันออกเฉียงเหนือ,439555,14166,453721,901.92,52.72,954.64,46.3,30495,14119,2104.02,40.9,62.92
2023-11,2023,11,30,นครราชสีมา,Nakhon Ratchasima,ภาคตะวันออกเฉียงเหนือ,594818,19601,614419,1157.37,76.43,1233.8,57.4,31026,17808,2008.08,47.61,69.13
2023-12,2023,12,30,นครราชสีมา,Nakhon Ratchasima,ภาคตะวันออกเฉียงเหนือ,664367,22629,686996,1297.2,83.95,1381.16,69.4,30785,21364,2010.43,31.76,51.05
2024-01,2024,1,30,นครราชสีมา,Nakhon Ratchasima,ภาคตะวันออกเฉียงเหนือ,834688,35898,870586,1802.74,143.37,1946.11,72.7,31572,22952,2235.4,20.77,28.82
2024-02,2024,2,30,นครราชสีมา,Nakhon Ratchasima,ภาคตะวันออกเฉียงเหนือ,703749,29003,732752,1564.15,119.74,1683.9,67.3,30701,20661,2298.05,16.46,28.72
2024-03,2024,3,30,นครราชสีมา,Nakhon Ratchasima,ภาคตะวันออกเฉียงเหนือ,644989,27065,672054,1432.34,113.93,1546.27,61.3,30806,18884,2300.81,23.71,36.39
2024-04,2024,4,30,นครราชสีมา,Nakhon Ratchasima,ภาคตะวันออกเฉียงเหนือ,756202,32912,789114,1697.81,136.38,1834.19,65.4,31358,20508,2324.37,18.75,32.71
2024-05,2024,5,30,นครราชสีมา,Nakhon Ratchasima,ภาคตะวันออกเฉียงเหนือ,577745,24647,602392,1311.12,104.92,1416.04,50.2,30886,15504,2350.7,32.84,49.0
2024-06,2024,6,30,นครราชสีมา,Nakhon Ratchasima,ภาคตะวันออกเฉียงเหนือ,491073,20429,511502,1069.6,84.06,1153.66,46.3,31473,14571,2255.44,8.65,21.91
2024-07,2024,7,30,นครราชสีมา,Nakhon Ratchasima,ภาคตะวันออกเฉียงเหนือ,566754,25557,592311,1295.42,109.7,1405.12,52.5,31511,16543,2372.27,13.94,31.85
2024-08,2024,8,30,นครราชสีมา,Nakhon Ratchasima,ภาคตะวันออกเฉียงเหนือ,622086,27560,649646,1343.22,110.03,1453.25,55.3,31002,17144,2236.99,22.68,33.26
2024-09,2024,9,30,นครราชสีมา,Nakhon Ratchasima,ภาคตะวันออกเฉียงเหนือ,474407,19987,494394,1068.04,84.74,1152.78,43.9,30779,13511,2331.7,16.63,34.72
2024-10,2024,10,30,นครราชสีมา,Nakhon Ratchasima,ภาคตะวันออกเฉียงเหนือ,549197,22599,571796,1253.61,92.05,1345.66,49.1,30923,15183,2353.39,26.02,40.96
2024-11,2024,11,30,นครราชสีมา,Nakhon Ratchasima,ภาคตะวันออกเฉียงเหนือ,714481,32149,746630,1574.01,130.67,1704.68,65.3,30932,20198,2283.17,21.52,38.17
2024-12,2024,12,30,นครราชสีมา,Nakhon Ratchasima,ภาคตะวันออกเฉียงเหนือ,783639,34824,818463,1729.11,149.82,1878.93,75.6,31181,23572,2295.68,19.14,36.04
2019-01,2019,1,31,บุรีรัมย์,Buri Ram,ภาคตะวันออกเฉียงเหนือ,133983,8134,142117,231.6,27.29,258.89,66.5,5607,3728,1821.67,0.0,0.0
2019-02,2019,2,31,บุรีรัมย์,Buri Ram,ภาคตะวันออกเฉียงเหนือ,116317,7730,124047,202.55,25.87,228.42,63.2,5481,3463,1841.4,0.0,0.0
2019-03,2019,3,31,บุรีรัมย์,Buri Ram,ภาคตะวันออกเฉียงเหนือ,107802,7148,114950,190.59,24.11,214.69,58.3,5414,3156,1867.68,0.0,0.0
2019-04,2019,4,31,บุรีรัมย์,Buri Ram,ภาคตะวันออกเฉียงเหนือ,114686,7442,122128,210.94,24.95,235.89,61.0,5539,3378,1931.5,0.0,0.0
2019-05,2019,5,31,บุรีรัมย์,Buri Ram,ภาคตะวันออกเฉียงเหนือ,88632,5505,94137,157.69,17.85,175.54,48.2,5523,2662,1864.73,0.0,0.0
2019-06,2019,6,31,บุรีรัมย์,Buri Ram,ภาคตะวันออกเฉียงเหนือ,83186,5513,88699,146.45,18.39,164.83,44.2,5557,2456,1858.31,0.0,0.0
2019-07,2019,7,31,บุรีรัมย์,Buri Ram,ภาคตะวันออกเฉียงเหนือ,94158,5963,100121,168.94,19.76,188.7,50.7,5434,2755,1884.72,0.0,0.0
2019-08,2019,8,31,บุรีรัมย์,Buri Ram,ภาคตะวันออกเฉียงเหนือ,101302,6139,107441,187.21,20.77,207.98,50.3,5493,2762,1935.76,0.0,0.0
2019-09,2019,9,31,บุรีรัมย์,Buri Ram,ภาคตะวันออกเฉียงเหนือ,85116,5390,90506,156.77,18.07,174.84,42.2,5545,2339,1931.81,0.0,0.0
2019-10,2019,10,31,บุรีรัมย์,Buri Ram,ภาคตะวันออกเฉียงเหนือ,90306,5512,95818,155.57,18.78,174.36,46.7,5552,2592,1819.7,0.0,0.0
2019-11,2019,11,31,บุรีรัมย์,Buri Ram,ภาคตะวันออกเฉียงเหนือ,115930,7157,123087,202.73,23.98,226.71,62.0,5463,3387,1841.87,0.0,0.0
2019-12,2019,12,31,บุรีรัมย์,Buri Ram,ภาคตะวันออกเฉียงเหนือ,142951,9580,152531,254.31,32.29,286.61,73.2,5538,4053,1879.03,0.0,0.0
2020-01,2020,1,31,บุรีรัมย์,Buri Ram,ภาคตะวันออกเฉียงเหนือ,49800,791,50591,76.83,2.32,79.15,28.3,5504,1557,1564.51,-64.4,-69.43
2020-02,2020,2,31,บุรีรัมย์,Buri Ram,ภาคตะวันออกเฉียงเหนือ,50083,770,50853,73.27,2.21,75.49,26.2,5526,1447,1484.47,-59.01,-66.95
2020-03,2020,3,31,บุรีรัมย์,Buri Ram,ภาคตะวันออกเฉียงเหนือ,43792,644,44436,65.39,1.87,67.26,23.8,5521,1313,1513.64,-61.34,-68.67
2020-04,2020,4,31,บุรีรัมย์,Buri Ram,ภาคตะวันออกเฉียงเหนือ,49841,749,50590,74.14,2.17,76.31,25.5,5402,1377,1508.4,-58.58,-67.65
2020-05,2020,5,31,บุรีรัมย์,Buri Ram,ภาคตะวันออกเฉียงเหนือ,36465,558,37023,53.9,1.62,55.52,19.7,5568,1096,1499.61,-60.67,-68.37
2020-06,2020,6,31,บุรีรัมย์,Buri Ram,ภาคตะวันออกเฉียงเหนือ,33415,514,33929,52.53,1.49,54.02,18.3,5554,1016,1592.15,-61.75,-67.23
2020-07,2020,7,31,บุรีรัมย์,Buri Ram,ภาคตะวันออกเฉียงเหนือ,37206,583,37789,54.77,1.67,56.44,21.2,5477,1161,1493.56,-62.26,-70.09
2020-08,2020,8,31,บุรีรัมย์,Buri Ram,ภาคตะวันออกเฉียงเหนือ,40571,615,41186,61.11,1.81,62.93,21.6,5494,1186,1527.95,-61.67,-69.74
2020-09,2020,9,31,บุรีรัมย์,Buri Ram,ภาคตะวันออกเฉียงเหนือ,31451,476,31927,47.7,1.38,49.07,17.8,5509,980,1536.94,-64.72,-71.93
2020-10,2020,10,31,บุรีรัมย์,Buri Ram,ภาคตะวันออกเฉียงเหนือ,36432,551,36983,56.32,1.63,57.95,19.5,5515,1075,1566.94,-61.4,-66.76
2020-11,2020,11,31,บุรีรัมย์,Buri Ram,ภาคตะวันออกเฉียงเหนือ,46060,732,46792,71.48,2.16,73.64,25.1,5509,1382,1573.77,-61.98,-67.52
2020-12,2020,12,31,บุรีรัมย์,Buri Ram,ภาคตะวันออกเฉียงเหนือ,55632,814,56446,87.61,2.24,89.86,30.3,5481,1660,1591.96,-62.99,-68.65
2021-01,2021,1,31,บุรีรัมย์,Buri Ram,ภาคตะวันออกเฉียงเหนือ,36712,217,36929,50.54,0.59,51.13,20.4,5423,1106,1384.55,-27.0,-35.4
2021-02,2021,2,31,บุรีรัมย์,Buri Ram,ภาคตะวันออกเฉียงเหนือ,32112,196,32308,44.74,0.55,45.28,19.4,5395,1046,1401.51,-36.47,-40.02
2021-03,2021,3,31,บุรีรัมย์,Buri Ram,ภาคตะวันออกเฉียงเหนือ,30048,189,30237,42.58,0.52,43.1,16.8,5441,914,1425.41,-31.95,-35.92
2021-04,2021,4,31,บุรีรัมย์,Buri Ram,ภาคตะวันออกเฉียงเหนือ,34623,212,34835,48.31,0.58,48.89,18.2,5450,991,1403.47,-31.14,-35.93
2021-05,2021,5,31,บุรีรัมย์,Buri Ram,ภาคตะวันออกเฉียงเหนือ,26303,151,26454,38.94,0.39,39.33,15.0,5582,837,1486.73,-28.55,-29.16
2021-06,2021,6,31,บุรีรัมย์,Buri Ram,ภาคตะวันออกเฉียงเหนือ,23302,145,23447,34.05,0.38,34.43,15.0,5398,809,1468.42,-30.89,-36.26
2021-07,2021,7,31,บุรีรัมย์,Buri Ram,ภาคตะวันออกเฉียงเหนือ,27453,157,27610,37.98,0.43,38.41,15.0,5450,817,1391.16,-26.94,-31.95
2021-08,2021,8,31,บุรีรัมย์,Buri Ram,ภาคตะวันออกเฉียงเหนือ,25760,152,25912,37.79,0.4,38.19,15.6,5434,847,1473.83,-37.09,-39.31
2021-09,2021,9,31,บุรีรัมย์,Buri Ram,ภาคตะวันออกเฉียงเหนือ,21779,138,21917,29.92,0.37,30.29,15.0,5418,812,1382.03,-31.35,-38.27
2021-10,2021,10,31,บุรีรัมย์,Buri Ram,ภาคตะวันออกเฉียงเหนือ,25099,145,25244,36.66,0.38,37.04,15.0,5509,826,1467.28,-31.74,-36.08
2021-11,2021,11,31,บุรีรัมย์,Buri Ram,ภาคตะวันออกเฉียงเหนือ,32954,196,33150,48.38,0.55,48.92,17.9,5391,964,1475.72,-29.15,-33.57
2021-12,2021,12,31,บุรีรัมย์,Buri Ram,ภาคตะวันออกเฉียงเหนือ,39320,228,39548,54.39,0.6,54.98,20.9,5502,1149,1390.21,-29.94,-38.82
2022-01,2022,1,31,บุรีรัมย์,Buri Ram,ภาคตะวันออกเฉียงเหนือ,82437,2553,84990,138.99,8.08,147.07,46.1,5491,2531,1730.44,130.14,187.64
2022-02,2022,2,31,บุรีรัมย์,Buri Ram,ภาคตะวันออกเฉียงเหนือ,82345,2396,84741,143.43,7.55,150.98,43.7,5546,2423,1781.66,162.29,233.44
2022-03,2022,3,31,บุรีรัมย์,Buri Ram,ภาคตะวันออกเฉียงเหนือ,72669,2186,74855,123.58,7.2,130.77,38.0,5583,2121,1746.98,147.56,203.41
2022-04,2022,4,31,บุรีรัมย์,Buri Ram,ภาคตะวันออกเฉียงเหนือ,78267,2439,80706,136.22,7.97,144.19,43.4,5423,2353,1786.61,131.68,194.93
2022-05,2022,5,31,บุรีรัมย์,Buri Ram,ภาคตะวันออกเฉียงเหนือ,55144,1648,56792,92.89,5.46,98.36,31.8,5504,1750,1731.93,114.68,150.09
2022-06,2022,6,31,บุรีรัมย์,Buri Ram,ภาคตะวันออกเฉียงเหนือ,56507,1652,58159,95.36,5.38,100.74,30.6,5604,1714,1732.15,148.04,192.59
2022-07,2022,7,31,บุรีรัมย์,Buri Ram,ภาคตะวันออกเฉียงเหนือ,60032,1711,61743,98.05,5.42,103.47,33.3,5478,1824,1675.82,123.63,169.38
2022-08,2022,8,31,บุรีรัมย์,Buri Ram,ภาคตะวันออกเฉียงเหนือ,60476,1704,62180,99.1,5.56,104.67,34.1,5516,1880,1683.34,139.97,174.08
2022-09,2022,9,31,บุรีรัมย์,Buri Ram,ภาคตะวันออกเฉียงเหนือ,54434,1675,56109,89.17,5.44,94.61,27.9,5574,1555,1686.18,156.01,212.35
2022-10,2022,10,31,บุรีรัมย์,Buri Ram,ภาคตะวันออกเฉียงเหนือ,55041,1663,56704,91.65,5.4,97.06,32.1,5577,1790,1711.7,124.62,162.04
2022-11,2022,11,31,บุรีรัมย์,Buri Ram,ภาคตะวันออกเฉียงเหนือ,76501,2168,78669,131.97,7.01,138.98,41.5,5557,2306,1766.64,137.31,184.1
2022-12,2022,12,31,บุรีรัมย์,Buri Ram,ภาคตะวันออกเฉียงเหนือ,84944,2404,87348,147.73,7.61,155.34,47.4,5537,2624,1778.4,120.87,182.54
2023-01,2023,1,31,บุรีรัมย์,Buri Ram,ภาคตะวันออกเฉียงเหนือ,119635,5983,125618,238.9,20.94,259.84,58.3,5604,3267,2068.49,47.8,76.68
2023-02,2023,2,31,บุรีรัมย์,Buri Ram,ภาคตะวันออกเฉียงเหนือ,114522,6162,120684,217.92,21.68,239.6,55.9,5428,3034,1985.35,42.42,58.7
2023-03,2023,3,31,บุรีรัมย์,Buri Ram,ภาคตะวันออกเฉียงเหนือ,91260,4828,96088,178.99,18.12,197.11,50.7,5440,2758,2051.35,28.37,50.73
2023-04,2023,4,31,บุรีรัมย์,Buri Ram,ภาคตะวันออกเฉียงเหนือ,108597,5406,114003,213.81,19.86,233.68,55.5,5586,3100,2049.77,41.26,62.06
2023-05,2023,5,31,บุรีรัมย์,Buri Ram,ภาคตะวันออกเฉียงเหนือ,84199,4223,88422,164.45,15.12,179.57,42.4,5491,2328,2030.83,55.69,82.56
2023-06,2023,6,31,บุรีรัมย์,Buri Ram,ภาคตะวันออกเฉียงเหนือ,74415,3725,78140,144.64,13.86,158.5,39.1,5487,2145,2028.41,34.36,57.34
2023-07,2023,7,31,บุรีรัมย์,Buri Ram,ภาคตะวันออกเฉียงเหนือ,87486,4475,91961,171.63,16.45,188.08,43.7,5411,2364,2045.21,48.94,81.77
2023-08,2023,8,31,บุรีรัมย์,Buri Ram,ภาคตะวันออกเฉียงเหนือ,85058,4475,89533,166.66,16.44,183.11,47.0,5475,2573,2045.17,43.99,74.94
2023-09,2023,9,31,บุรีรัมย์,Buri Ram,ภาคตะวันออกเฉียงเหนือ,72069,3782,75851,140.63,14.23,154.85,38.3,5512,2111,2041.5,35.19,63.67
2023-10,2023,10,31,บุรีรัมย์,Buri Ram,ภาคตะวันออกเฉียงเหนือ,79578,4202,83780,154.27,14.98,169.24,41.9,5574,2335,2020.05,47.75,74.37
2023-11,2023,11,31,บุรีรัมย์,Buri Ram,ภาคตะวันออกเฉียงเหนือ,104059,5514,109573,206.09,19.62,225.71,55.3,5499,3040,2059.91,39.28,62.4
2023-12,2023,12,31,บุรีรัมย์,Buri Ram,ภาคตะวันออกเฉียงเหนือ,125344,6359,131703,246.64,23.96,270.59,61.8,5501,3399,2054.55,50.78,74.19
2024-01,2024,1,31,บุรีรัมย์,Buri Ram,ภาคตะวันออกเฉียงเหนือ,130482,8334,138816,278.51,33.58,312.09,65.2,5568,3630,2248.23,10.51,20.11
2024-02,2024,2,31,บุรีรัมย์,Buri Ram,ภาคตะวันออกเฉียงเหนือ,131674,8858,140532,285.88,34.19,320.06,63.1,5469,3450,2277.49,16.45,33.58
2024-03,2024,3,31,บุรีรัมย์,Buri Ram,ภาคตะวันออกเฉียงเหนือ,118798,7594,126392,245.73,30.28,276.01,55.7,5461,3041,2183.76,31.54,40.03
2024-04,2024,4,31,บุรีรัมย์,Buri Ram,ภาคตะวันออกเฉียงเหนือ,124968,7987,132955,256.16,30.7,286.87,62.3,5608,3493,2157.65,16.62,22.76
2024-05,2024,5,31,บุรีรัมย์,Buri Ram,ภาคตะวันออกเฉียงเหนือ,99078,6312,105390,202.18,25.54,227.72,47.7,5450,2599,2160.74,19.19,26.81
2024-06,2024,6,31,บุรีรัมย์,Buri Ram,ภาคตะวันออกเฉียงเหนือ,90708,6228,96936,189.69,24.44,214.13,42.9,5486,2353,2208.98,24.05,35.1
2024-07,2024,7,31,บุรีรัมย์,Buri Ram,ภาคตะวันออกเฉียงเหนือ,103676,6646,110322,210.1,26.58,236.68,49.3,5551,2736,2145.36,19.97,25.84
2024-08,2024,8,31,บุรีรัมย์,Buri Ram,ภาคตะวันออกเฉียงเหนือ,104392,6749,111141,215.77,27.13,242.91,49.9,5471,2730,2185.6,24.13,32.66
2024-09,2024,9,31,บุรีรัมย์,Buri Ram,ภาคตะวันออกเฉียงเหนือ,84050,5790,89840,183.07,22.81,205.88,42.5,5561,2363,2291.63,18.44,32.95
2024-10,2024,10,31,บุรีรัมย์,Buri Ram,ภาคตะวันออกเฉียงเหนือ,90701,5804,96505,191.86,22.48,214.34,46.7,5461,2550,2221.02,15.19,26.65
2024-11,2024,11,31,บุรีรัมย์,Buri Ram,ภาคตะวันออกเฉียงเหนือ,121993,7881,129874,256.44,32.46,288.91,59.4,5438,3230,2224.54,18.53,28.0
2024-12,2024,12,31,บุรีรัมย์,Buri Ram,ภาคตะวันออกเฉียงเหนือ,151843,9757,161600,311.03,38.39,349.42,69.8,5508,3844,2162.25,22.7,29.13
2019-01,2019,1,32,สุรินทร์,Surin,ภาคตะวันออกเฉียงเหนือ,123706,7895,131601,224.39,26.78,251.17,67.7,5392,3650,1908.57,0.0,0.0
2019-02,2019,2,32,สุรินทร์,Surin,ภาคตะวันออกเฉียงเหนือ,126618,8283,134901,217.17,28.43,245.6,63.4,5495,3483,1820.59,0.0,0.0
2019-03,2019,3,32,สุรินทร์,Surin,ภาคตะวันออกเฉียงเหนือ,107875,6551,114426,199.0,22.43,221.43,56.0,5578,3123,1935.14,0.0,0.0
2019-04,2019,4,32,สุรินทร์,Surin,ภาคตะวันออกเฉียงเหนือ,120605,7530,128135,217.89,24.57,242.46,63.0,5459,3439,1892.22,0.0,0.0
2019-05,2019,5,32,สุรินทร์,Surin,ภาคตะวันออกเฉียงเหนือ,93128,5680,98808,170.73,19.77,190.51,48.4,5571,2696,1928.08,0.0,0.0
2019-06,2019,6,32,สุรินทร์,Surin,ภาคตะวันออกเฉียงเหนือ,81139,5012,86151,141.07,17.45,158.52,44.5,5517,2455,1840.03,0.0,0.0
2019-07,2019,7,32,สุรินทร์,Surin,ภาคตะวันออกเฉียงเหนือ,99966,6509,106475,179.24,22.44,201.68,50.5,5393,2723,1894.15,0.0,0.0
2019-08,2019,8,32,สุรินทร์,Surin,ภาคตะวันออกเฉียงเหนือ,93339,6037,99376,165.38,20.37,185.74,51.4,5587,2871,1869.06,0.0,0.0
2019-09,2019,9,32,สุรินทร์,Surin,ภาคตะวันออกเฉียงเหนือ,78280,4968,83248,136.44,16.19,152.63,40.9,5398,2207,1833.44,0.0,0.0
2019-10,2019,10,32,สุรินทร์,Surin,ภาคตะวันออกเฉียงเหนือ,85652,5666,91318,157.09,18.32,175.42,46.3,5437,2517,1920.98,0.0,0.0
2019-11,2019,11,32,สุรินทร์,Surin,ภาคตะวันออกเฉียงเหนือ,122068,7818,129886,218.64,26.54,245.18,59.1,5472,3233,1887.66,0.0,0.0
2019-12,2019,12,32,สุรินทร์,Surin,ภาคตะวันออกเฉียงเหนือ,129390,8228,137618,230.4,27.07,257.47,71.1,5518,3923,1870.9,0.0,0.0
2020-01,2020,1,32,สุรินทร์,Surin,ภาคตะวันออกเฉียงเหนือ,54362,867,55229,84.53,2.42,86.95,27.8,5436,1511,1574.35,-58.03,-65.38
2020-02,2020,2,32,สุรินทร์,Surin,ภาคตะวันออกเฉียงเหนือ,46880,714,47594,69.9,2.05,71.94,27.5,5575,1533,1511.54,-64.72,-70.71
2020-03,2020,3,32,สุรินทร์,Surin,ภาคตะวันออกเฉียงเหนือ,41511,647,42158,63.8,1.82,65.62,23.3,5541,1291,1556.53,-63.16,-70.37
2020-04,2020,4,32,สุรินทร์,Surin,ภาคตะวันออกเฉียงเหนือ,46267,680,46947,71.66,1.89,73.55,25.3,5512,1394,1566.66,-63.36,-69.67
2020-05,2020,5,32,สุรินทร์,Surin,ภาคตะวันออกเฉียงเหนือ,38197,560,38757,56.63,1.6,58.23,19.4,5461,1059,1502.44,-60.78,-69.43
2020-06,2020,6,32,สุรินทร์,Surin,ภาคตะวันออกเฉียงเหนือ,33858,503,34361,51.59,1.47,53.05,18.8,5461,1026,1543.9,-60.12,-66.53
2020-07,2020,7,32,สุรินทร์,Surin,ภาคตะวันออกเฉียงเหนือ,36808,553,37361,55.15,1.58,56.73,20.5,5477,1122,1518.43,-64.91,-71.87
2020-08,2020,8,32,สุรินทร์,Surin,ภาคตะวันออกเฉียงเหนือ,38852,608,39460,58.08,1.74,59.82,21.2,5398,1144,1515.97,-60.29,-67.79
2020-09,2020,9,32,สุรินทร์,Surin,ภาคตะวันออกเฉียงเหนือ,33029,513,33542,50.83,1.47,52.3,18.1,5485,992,1559.24,-59.71,-65.73
2020-10,2020,10,32,สุรินทร์,Surin,ภาคตะวันออกเฉียงเหนือ,36222,556,36778,54.33,1.64,55.96,19.3,5437,1049,1521.56,-59.73,-68.1
2020-11,2020,11,32,สุรินทร์,Surin,ภาคตะวันออกเฉียงเหนือ,44589,675,45264,69.45,1.93,71.37,26.0,5481,1425,1576.75,-65.15,-70.89
2020-12,2020,12,32,สุรินทร์,Surin,ภาคตะวันออกเฉียงเหนือ,55642,869,56511,84.27,2.54,86.81,29.8,5392,1606,1536.16,-58.94,-66.28
2021-01,2021,1,32,สุรินทร์,Surin,ภาคตะวันออกเฉียงเหนือ,36949,219,37168,54.2,0.58,54.78,19.7,5477,1078,1473.85,-32.7,-37.0
2021-02,2021,2,32,สุรินทร์,Surin,ภาคตะวันออกเฉียงเหนือ,33052,191,33243,45.97,0.51,46.47,19.0,5481,1041,1397.89,-30.15,-35.4
2021-03,2021,3,32,สุรินทร์,Surin,ภาคตะวันออกเฉียงเหนือ,29974,173,30147,41.1,0.47,41.56,16.8,5438,913,1378.58,-28.49,-36.67
2021-04,2021,4,32,สุรินทร์,Surin,ภาคตะวันออกเฉียงเหนือ,31712,186,31898,45.56,0.49,46.04,18.4,5570,1024,1443.35,-32.06,-37.4
2021-05,2021,5,32,สุรินทร์,Surin,ภาคตะวันออกเฉียงเหนือ,24689,143,24832,34.29,0.37,34.66,15.0,5497,824,1395.78,-35.93,-40.48
2021-06,2021,6,32,สุรินทร์,Surin,ภาคตะวันออกเฉียงเหนือ,22429,138,22567,32.98,0.37,33.35,15.0,5394,809,1477.82,-34.32,-37.13
2021-07,2021,7,32,สุรินทร์,Surin,ภาคตะวันออกเฉียงเหนือ,25425,158,25583,37.71,0.43,38.14,15.1,5482,827,1490.83,-31.52,-32.77
2021-08,2021,8,32,สุรินทร์,Surin,ภาคตะวันออกเฉียงเหนือ,26485,167,26652,38.73,0.45,39.18,15.2,5436,826,1470.06,-32.46,-34.5
2021-09,2021,9,32,สุรินทร์,Surin,ภาคตะวันออกเฉียงเหนือ,21170,124,21294,30.69,0.32,31.01,15.0,5434,815,1456.28,-36.52,-40.71
2021-10,2021,10,32,สุรินทร์,Surin,ภาคตะวันออกเฉียงเหนือ,24606,150,24756,35.64,0.4,36.05,15.0,5601,840,1456.21,-32.69,-35.58
2021-11,2021,11,32,สุรินทร์,Surin,ภาคตะวันออกเฉียงเหนือ,31067,183,31250,46.02,0.51,46.53,17.7,5493,972,1488.96,-30.96,-34.8
2021-12,2021,12,32,สุรินทร์,Surin,ภาคตะวันออกเฉียงเหนือ,36722,219,36941,51.0,0.61,51.61,21.4,5411,1157,1397.09,-34.63,-40.55
2022-01,2022,1,32,สุรินทร์,Surin,ภาคตะวันออกเฉียงเหนือ,79615,2244,81859,139.55,7.23,146.78,44.8,5436,2435,1793.08,120.24,167.94
2022-02,2022,2,32,สุรินทร์,Surin,ภาคตะวันออกเฉียงเหนือ,79329,2460,81789,139.79,7.67,147.45,44.2,5519,2439,1802.81,146.03,217.3
2022-03,2022,3,32,สุรินทร์,Surin,ภาคตะวันออกเฉียงเหนือ,69810,2156,71966,117.41,6.63,124.04,39.6,5444,2155,1723.59,138.72,198.46
2022-04,2022,4,32,สุรินทร์,Surin,ภาคตะวันออกเฉียงเหนือ,76132,2276,78408,132.61,7.17,139.77,42.9,5548,2380,1782.6,145.81,203.58
2022-05,2022,5,32,สุรินทร์,Surin,ภาคตะวันออกเฉียงเหนือ,59361,1726,61087,104.49,5.6,110.09,33.1,5454,1805,1802.18,146.0,217.63
2022-06,2022,6,32,สุรินทร์,Surin,ภาคตะวันออกเฉียงเหนือ,52562,1616,54178,91.39,5.21,96.6,30.4,5483,1666,1783.01,140.08,189.66
2022-07,2022,7,32,สุรินทร์,Surin,ภาคตะวันออกเฉียงเหนือ,60769,1810,62579,103.24,5.67,108.91,33.8,5459,1845,1740.36,144.61,185.55
2022-08,2022,8,32,สุรินทร์,Surin,ภาคตะวันออกเฉียงเหนือ,63670,1924,65594,110.33,6.09,116.42,35.9,5449,1956,1774.86,146.11,197.14
2022-09,2022,9,32,สุรินทร์,Surin,ภาคตะวันออกเฉียงเหนือ,51551,1578,53129,86.7,4.96,91.66,29.0,5591,1621,1725.23,149.5,195.58
2022-10,2022,10,32,สุรินทร์,Surin,ภาคตะวันออกเฉียงเหนือ,59898,1714,61612,104.5,5.39,109.89,31.0,5390,1670,1783.58,148.88,204.83
2022-11,2022,11,32,สุรินทร์,Surin,ภาคตะวันออกเฉียงเหนือ,71301,2133,73434,121.98,7.05,129.03,41.4,5552,2298,1757.09,134.99,177.3
2022-12,2022,12,32,สุรินทร์,Surin,ภาคตะวันออกเฉียงเหนือ,82318,2343,84661,134.94,7.39,142.33,49.5,5580,2762,1681.18,129.18,175.78
2023-01,2023,1,32,สุรินทร์,Surin,ภาคตะวันออกเฉียงเหนือ,118311,6011,124322,233.88,22.16,256.04,59.2,5559,3290,2059.49,51.87,74.44
2023-02,2023,2,32,สุรินทร์,Surin,ภาคตะวันออกเฉียงเหนือ,109157,5680,114837,214.0,20.16,234.16,57.5,5394,3101,2039.06,40.41,58.81
2023-03,2023,3,32,สุรินทร์,Surin,ภาคตะวันออกเฉียงเหนือ,90928,4801,95729,180.31,17.05,197.36,50.4,5506,2775,2061.65,33.02,59.11
2023-04,2023,4,32,สุรินทร์,Surin,ภาคตะวันออกเฉียงเหนือ,103148,5192,108340,200.84,19.4,220.24,53.6,5467,2930,2032.86,38.17,57.57
2023-05,2023,5,32,สุรินทร์,Surin,ภาคตะวันออกเฉียงเหนือ,85002,4268,89270,159.4,15.79,175.18,42.6,5581,2377,1962.36,46.14,59.12
2023-06,2023,6,32,สุรินทร์,Surin,ภาคตะวันออกเฉียงเหนือ,78494,3992,82486,156.3,14.01,170.31,39.1,5466,2137,2064.71,52.25,76.3
2023-07,2023,7,32,สุรินทร์,Surin,ภาคตะวันออกเฉียงเหนือ,88603,4670,93273,164.78,17.15,181.93,45.1,5514,2486,1950.51,49.05,67.05
2023-08,2023,8,32,สุรินทร์,Surin,ภาคตะวันออกเฉียงเหนือ,86935,4642,91577,161.39,16.95,178.34,46.6,5401,2516,1947.43,39.61,53.19
2023-09,2023,9,32,สุรินทร์,Surin,ภาคตะวันออกเฉียงเหนือ,73045,3609,76654,141.71,12.71,154.43,37.3,5565,2075,2014.64,44.28,68.48
2023-10,2023,10,32,สุรินทร์,Surin,ภาคตะวันออกเฉียงเหนือ,78600,4173,82773,148.05,14.9,162.95,40.6,5468,2220,1968.64,34.35,48.28
2023-11,2023,11,32,สุรินทร์,Surin,ภาคตะวันออกเฉียงเหนือ,106291,5514,111805,202.06,19.32,221.38,52.5,5607,2943,1980.05,52.25,71.57
2023-12,2023,12,32,สุรินทร์,Surin,ภาคตะวันออกเฉียงเหนือ,122279,6457,128736,235.42,23.43,258.84,62.9,5449,3427,2010.63,52.06,81.86
2024-01,2024,1,32,สุรินทร์,Surin,ภาคตะวันออกเฉียงเหนือ,130198,9059,139257,265.05,35.06,300.11,65.5,5431,3557,2155.08,12.01,17.21
2024-02,2024,2,32,สุรินทร์,Surin,ภาคตะวันออกเฉียงเหนือ,132185,8434,140619,271.05,33.35,304.4,60.7,5464,3316,2164.71,22.45,30.0
2024-03,2024,3,32,สุรินทร์,Surin,ภาคตะวันออกเฉียงเหนือ,118483,8215,126698,243.08,33.2,276.29,54.8,5592,3064,2180.7,32.35,39.99
2024-04,2024,4,32,สุรินทร์,Surin,ภาคตะวันออกเฉียงเหนือ,123736,8052,131788,267.38,31.21,298.58,59.8,5593,3344,2265.61,21.64,35.57
2024-05,2024,5,32,สุรินทร์,Surin,ภาคตะวันออกเฉียงเหนือ,97325,6213,103538,203.42,24.18,227.6,46.5,5390,2506,2198.23,15.98,29.92
2024-06,2024,6,32,สุรินทร์,Surin,ภาคตะวันออกเฉียงเหนือ,90838,6040,96878,197.46,24.59,222.05,43.3,5442,2356,2292.06,17.45,30.38
2024-07,2024,7,32,สุรินทร์,Surin,ภาคตะวันออกเฉียงเหนือ,104297,6699,110996,214.04,26.83,240.87,50.0,5538,2769,2170.08,19.0,32.4
2024-08,2024,8,32,สุรินทร์,Surin,ภาคตะวันออกเฉียงเหนือ,106291,6765,113056,218.52,26.19,244.71,49.1,5435,2668,2164.5,23.45,37.22
2024-09,2024,9,32,สุรินทร์,Surin,ภาคตะวันออกเฉียงเหนือ,87038,5725,92763,184.4,21.91,206.31,40.9,5467,2236,2224.05,21.02,33.59
2024-10,2024,10,32,สุรินทร์,Surin,ภาคตะวันออกเฉียงเหนือ,91988,6163,98151,200.12,24.16,224.27,45.2,5497,2484,2284.95,18.58,37.63
2024-11,2024,11,32,สุรินทร์,Surin,ภาคตะวันออกเฉียงเหนือ,122850,7963,130813,254.12,30.82,284.94,57.5,5515,3171,2178.22,17.0,28.71
2024-12,2024,12,32,สุรินทร์,Surin,ภาคตะวันออกเฉียงเหนือ,152089,10027,162116,330.22,39.97,370.19,69.1,5538,3826,2283.49,25.93,43.02
2019-01,2019,1,33,ศรีสะเกษ,Si Sa Ket,ภาคตะวันออกเฉียงเหนือ,126544,8092,134636,223.18,26.29,249.47,65.6,5407,3546,1852.92,0.0,0.0
2019-02,2019,2,33,ศรีสะเกษ,Si Sa Ket,ภาคตะวันออกเฉียงเหนือ,115148,7162,122310,199.57,24.57,224.14,63.9,5437,3474,1832.56,0.0,0.0
2019-03,2019,3,33,ศรีสะเกษ,Si Sa Ket,ภาคตะวันออกเฉียงเหนือ,105586,7034,112620,193.07,24.11,217.18,55.1,5601,3086,1928.43,0.0,0.0
2019-04,2019,4,33,ศรีสะเกษ,Si Sa Ket,ภาคตะวันออกเฉียงเหนือ,121058,7640,128698,210.89,26.11,237.0,63.6,5453,3468,1841.52,0.0,0.0
2019-05,2019,5,33,ศรีสะเกษ,Si Sa Ket,ภาคตะวันออกเฉียงเหนือ,95690,6136,101826,172.4,20.12,192.53,48.2,5552,2676,1890.77,0.0,0.0
2019-06,2019,6,33,ศรีสะเกษ,Si Sa Ket,ภาคตะวันออกเฉียงเหนือ,84604,5483,90087,151.65,18.02,169.68,43.9,5535,2429,1883.51,0.0,0.0
2019-07,2019,7,33,ศรีสะเกษ,Si Sa Ket,ภาคตะวันออกเฉียงเหนือ,99052,6014,105066,183.77,20.84,204.6,49.1,5436,2669,1947.35,0.0,0.0
2019-08,2019,8,33,ศรีสะเกษ,Si Sa Ket,ภาคตะวันออกเฉียงเหนือ,94938,5753,100691,170.51,19.89,190.4,52.5,5521,2898,1890.93,0.0,0.0
2019-09,2019,9,33,ศรีสะเกษ,Si Sa Ket,ภาคตะวันออกเฉียงเหนือ,85412,5302,90714,156.6,18.05,174.64,42.2,5423,2288,1925.17,0.0,0.0
2019-10,2019,10,33,ศรีสะเกษ,Si Sa Ket,ภาคตะวันออกเฉียงเหนือ,84770,5672,90442,147.67,18.41,166.08,46.0,5526,2541,1836.31,0.0,0.0
2019-11,2019,11,33,ศรีสะเกษ,Si Sa Ket,ภาคตะวันออกเฉียงเหนือ,110151,7122,117273,200.99,23.83,224.82,59.5,5426,3228,1917.07,0.0,0.0
2019-12,2019,12,33,ศรีสะเกษ,Si Sa Ket,ภาคตะวันออกเฉียงเหนือ,134430,8274,142704,246.3,27.81,274.11,72.0,5464,3934,1920.83,0.0,0.0
2020-01,2020,1,33,ศรีสะเกษ,Si Sa Ket,ภาคตะวันออกเฉียงเหนือ,52562,792,53354,77.13,2.34,79.47,28.4,5592,1588,1489.49,-60.37,-68.14
2020-02,2020,2,33,ศรีสะเกษ,Si Sa Ket,ภาคตะวันออกเฉียงเหนือ,49913,727,50640,75.69,2.01,77.7,26.2,5605,1468,1534.36,-58.6,-65.33
2020-03,2020,3,33,ศรีสะเกษ,Si Sa Ket,ภาคตะวันออกเฉียงเหนือ,41307,624,41931,63.92,1.75,65.66,23.5,5583,1312,1565.91,-62.77,-69.77
2020-04,2020,4,33,ศรีสะเกษ,Si Sa Ket,ภาคตะวันออกเฉียงเหนือ,46663,711,47374,69.74,2.04,71.78,25.8,5551,1432,1515.18,-63.19,-69.71
2020-05,2020,5,33,ศรีสะเกษ,Si Sa Ket,ภาคตะวันออกเฉียงเหนือ,34672,539,35211,51.11,1.54,52.65,19.4,5567,1079,1495.27,-65.42,-72.65
2020-06,2020,6,33,ศรีสะเกษ,Si Sa Ket,ภาคตะวันออกเฉียงเหนือ,33680,518,34198,49.87,1.47,51.34,19.1,5502,1050,1501.26,-62.04,-69.74
2020-07,2020,7,33,ศรีสะเกษ,Si Sa Ket,ภาคตะวันออกเฉียงเหนือ,35679,558,36237,52.16,1.55,53.71,21.1,5560,1173,1482.19,-65.51,-73.75
2020-08,2020,8,33,ศรีสะเกษ,Si Sa Ket,ภาคตะวันออกเฉียงเหนือ,39521,585,40106,60.7,1.62,62.32,21.8,5555,1210,1553.88,-60.17,-67.27
2020-09,2020,9,33,ศรีสะเกษ,Si Sa Ket,ภาคตะวันออกเฉียงเหนือ,31766,496,32262,46.54,1.43,47.97,18.1,5396,976,1486.89,-64.44,-72.53
2020-10,2020,10,33,ศรีสะเกษ,Si Sa Ket,ภาคตะวันออกเฉียงเหนือ,33468,486,33954,51.5,1.43,52.93,19.7,5525,1088,1558.87,-62.46,-68.13
2020-11,2020,11,33,ศรีสะเกษ,Si Sa Ket,ภาคตะวันออกเฉียงเหนือ,43421,685,44106,66.52,1.91,68.43,24.7,5477,1352,1551.49,-62.39,-69.56
2020-12,2020,12,33,ศรีสะเกษ,Si Sa Ket,ภาคตะวันออกเฉียงเหนือ,57122,878,58000,89.58,2.45,92.03,30.7,5607,1721,1586.72,-59.36,-66.43
2021-01,2021,1,33,ศรีสะเกษ,Si Sa Ket,ภาคตะวันออกเฉียงเหนือ,34986,206,35192,50.96,0.57,51.53,19.7,5547,1092,1464.25,-34.04,-35.16
2021-02,2021,2,33,ศรีสะเกษ,Si Sa Ket,ภาคตะวันออกเฉียงเหนือ,32740,200,32940,46.38,0.56,46.94,18.8,5449,1024,1425.02,-34.95,-39.59
2021-03,2021,3,33,ศรีสะเกษ,Si Sa Ket,ภาคตะวันออกเฉียงเหนือ,31534,194,31728,43.56,0.52,44.08,17.0,5436,924,1389.31,-24.33,-32.87
2021-04,2021,4,33,ศรีสะเกษ,Si Sa Ket,ภาคตะวันออกเฉียงเหนือ,31453,189,31642,44.85,0.49,45.34,18.1,5605,1014,1432.91,-33.21,-36.83
2021-05,2021,5,33,ศรีสะเกษ,Si Sa Ket,ภาคตะวันออกเฉียงเหนือ,25614,162,25776,36.63,0.43,37.06,15.0,5508,826,1437.77,-26.8,-29.61
2021-06,2021,6,33,ศรีสะเกษ,Si Sa Ket,ภาคตะวันออกเฉียงเหนือ,23923,138,24061,33.25,0.38,33.63,15.0,5557,833,1397.7,-29.64,-34.5
2021-07,2021,7,33,ศรีสะเกษ,Si Sa Ket,ภาคตะวันออกเฉียงเหนือ,26771,169,26940,39.03,0.46,39.49,15.3,5415,828,1465.85,-25.66,-26.48
2021-08,2021,8,33,ศรีสะเกษ,Si Sa Ket,ภาคตะวันออกเฉียงเหนือ,27924,171,28095,40.04,0.47,40.51,15.4,5551,854,1441.89,-29.95,-35.0
2021-09,2021,9,33,ศรีสะเกษ,Si Sa Ket,ภาคตะวันออกเฉียงเหนือ,21097,121,21218,30.3,0.32,30.62,15.0,5582,837,1443.11,-34.23,-36.17
2021-10,2021,10,33,ศรีสะเกษ,Si Sa Ket,ภาคตะวันออกเฉียงเหนือ,25181,153,25334,34.98,0.41,35.39,15.0,5535,830,1396.94,-25.39,-33.14
2021-11,2021,11,33,ศรีสะเกษ,Si Sa Ket,ภาคตะวันออกเฉียงเหนือ,32032,185,32217,45.07,0.49,45.56,18.2,5535,1007,1414.16,-26.96,-33.42
2021-12,2021,12,33,ศรีสะเกษ,Si Sa Ket,ภาคตะวันออกเฉียงเหนือ,36707,222,36929,51.96,0.62,52.58,20.8,5475,1138,1423.81,-36.33,-42.87
2022-01,2022,1,33,ศรีสะเกษ,Si Sa Ket,ภาคตะวันออกเฉียงเหนือ,81431,2491,83922,142.31,7.8,150.11,44.7,5597,2501,1788.68,138.47,191.31
2022-02,2022,2,33,ศรีสะเกษ,Si Sa Ket,ภาคตะวันออกเฉียงเหนือ,79646,2398,82044,132.01,7.38,139.4,44.5,5507,2450,1699.09,149.07,196.97
2022-03,2022,3,33,ศรีสะเกษ,Si Sa Ket,ภาคตะวันออกเฉียงเหนือ,73134,2270,75404,124.65,7.47,132.12,38.9,5581,2171,1752.16,137.66,199.73
2022-04,2022,4,33,ศรีสะเกษ,Si Sa Ket,ภาคตะวันออกเฉียงเหนือ,80773,2335,83108,137.53,7.59,145.13,41.8,5425,2267,1746.28,162.65,220.09
2022-05,2022,5,33,ศรีสะเกษ,Si Sa Ket,ภาคตะวันออกเฉียงเหนือ,57098,1670,58768,93.73,5.29,99.01,32.8,5470,1794,1684.76,128.0,167.16
2022-06,2022,6,33,ศรีสะเกษ,Si Sa Ket,ภาคตะวันออกเฉียงเหนือ,52608,1491,54099,92.71,4.77,97.48,30.5,5462,1665,1801.88,124.84,189.86
2022-07,2022,7,33,ศรีสะเกษ,Si Sa Ket,ภาคตะวันออกเฉียงเหนือ,63343,1887,65230,111.26,5.94,117.2,34.5,5606,1934,1796.72,142.13,196.78
2022-08,2022,8,33,ศรีสะเกษ,Si Sa Ket,ภาคตะวันออกเฉียงเหนือ,64375,1993,66368,110.75,6.46,117.2,34.3,5507,1888,1765.91,136.23,189.31
2022-09,2022,9,33,ศรีสะเกษ,Si Sa Ket,ภาคตะวันออกเฉียงเหนือ,49056,1508,50564,81.96,4.93,86.89,28.4,5400,1533,1718.42,138.31,183.77
2022-10,2022,10,33,ศรีสะเกษ,Si Sa Ket,ภาคตะวันออกเฉียงเหนือ,59528,1733,61261,100.51,5.49,106.01,32.2,5464,1759,1730.46,141.81,199.55
2022-11,2022,11,33,ศรีสะเกษ,Si Sa Ket,ภาคตะวันออกเฉียงเหนือ,72656,2199,74855,118.39,7.25,125.64,42.0,5438,2283,1678.44,132.35,175.77
2022-12,2022,12,33,ศรีสะเกษ,Si Sa Ket,ภาคตะวันออกเฉียงเหนือ,90181,2603,92784,149.06,8.32,157.39,47.8,5503,2630,1696.31,151.25,199.33
2023-01,2023,1,33,ศรีสะเกษ,Si Sa Ket,ภาคตะวันออกเฉียงเหนือ,119404,6015,125419,224.74,21.03,245.77,59.0,5404,3188,1959.59,49.45,63.73
2023-02,2023,2,33,ศรีสะเกษ,Si Sa Ket,ภาคตะวันออกเฉียงเหนือ,107029,5766,112795,203.82,20.96,224.77,55.9,5443,3042,1992.73,37.48,61.24
2023-03,2023,3,33,ศรีสะเกษ,Si Sa Ket,ภาคตะวันออกเฉียงเหนือ,99440,5297,104737,198.42,19.44,217.87,51.9,5598,2905,2080.16,38.9,64.9
2023-04,2023,4,33,ศรีสะเกษ,Si Sa Ket,ภาคตะวันออกเฉียงเหนือ,110658,5442,116100,209.59,18.96,228.56,56.6,5588,3162,1968.65,39.7,57.49
2023-05,2023,5,33,ศรีสะเกษ,Si Sa Ket,ภาคตะวันออกเฉียงเหนือ,80490,4263,84753,150.65,15.87,166.52,42.8,5592,2393,1964.77,44.22,68.19
2023-06,2023,6,33,ศรีสะเกษ,Si Sa Ket,ภาคตะวันออกเฉียงเหนือ,72644,3916,76560,141.57,13.89,155.46,40.3,5397,2174,2030.56,41.52,59.48
2023-07,2023,7,33,ศรีสะเกษ,Si Sa Ket,ภาคตะวันออกเฉียงเหนือ,87992,4781,92773,174.46,17.98,192.45,42.9,5584,2395,2074.42,42.22,64.21
2023-08,2023,8,33,ศรีสะเกษ,Si Sa Ket,ภาคตะวันออกเฉียงเหนือ,84155,4172,88327,156.08,14.63,170.71,44.4,5487,2436,1932.7,33.09,45.66
2023-09,2023,9,33,ศรีสะเกษ,Si Sa Ket,ภาคตะวันออกเฉียงเหนือ,72019,3876,75895,134.92,14.6,149.52,37.3,5536,2064,1970.09,50.1,72.08
2023-10,2023,10,33,ศรีสะเกษ,Si Sa Ket,ภาคตะวันออกเฉียงเหนือ,74828,3783,78611,145.96,13.89,159.86,40.3,5453,2197,2033.56,28.32,50.8
2023-11,2023,11,33,ศรีสะเกษ,Si Sa Ket,ภาคตะวันออกเฉียงเหนือ,99660,5230,104890,194.48,18.65,213.13,52.9,5562,2942,2031.94,40.12,69.64
2023-12,2023,12,33,ศรีสะเกษ,Si Sa Ket,ภาคตะวันออกเฉียงเหนือ,128115,6502,134617,240.41,22.77,263.18,64.8,5519,3576,1955.03,45.09,67.22
2024-01,2024,1,33,ศรีสะเกษ,Si Sa Ket,ภาคตะวันออกเฉียงเหนือ,136927,9294,146221,292.11,36.82,328.94,65.6,5396,3539,2249.61,16.59,33.84
2024-02,2024,2,33,ศรีสะเกษ,Si Sa Ket,ภาคตะวันออกเฉียงเหนือ,123486,8335,131821,252.79,33.51,286.3,60.7,5564,3377,2171.88,16.87,27.37
2024-03,2024,3,33,ศรีสะเกษ,Si Sa Ket,ภาคตะวันออกเฉียงเหนือ,113591,7916,121507,247.9,31.12,279.02,57.0,5535,3154,2296.33,16.01,28.07
2024-04,2024,4,33,ศรีสะเกษ,Si Sa Ket,ภาคตะวันออกเฉียงเหนือ,127908,8874,136782,273.52,35.34,308.86,61.3,5572,3415,2258.05,17.81,35.13
2024-05,2024,5,33,ศรีสะเกษ,Si Sa Ket,ภาคตะวันออกเฉียงเหนือ,101022,6371,107393,212.28,25.81,238.09,46.6,5435,2532,2217.0,26.71,42.98
2024-06,2024,6,33,ศรีสะเกษ,Si Sa Ket,ภาคตะวันออกเฉียงเหนือ,94287,6432,100719,202.5,25.79,228.28,42.3,5404,2285,2266.5,31.56,46.84
2024-07,2024,7,33,ศรีสะเกษ,Si Sa Ket,ภาคตะวันออกเฉียงเหนือ,95893,6169,102062,201.6,24.78,226.38,49.4,5451,2692,2218.06,10.01,17.63
2024-08,2024,8,33,ศรีสะเกษ,Si Sa Ket,ภาคตะวันออกเฉียงเหนือ,105030,7163,112193,220.79,28.76,249.55,48.9,5600,2738,2224.29,27.02,46.18
2024-09,2024,9,33,ศรีสะเกษ,Si Sa Ket,ภาคตะวันออกเฉียงเหนือ,87215,5781,92996,182.2,23.38,205.59,40.4,5491,2218,2210.74,22.53,37.5
2024-10,2024,10,33,ศรีสะเกษ,Si Sa Ket,ภาคตะวันออกเฉียงเหนือ,94218,6459,100677,194.31,25.74,220.05,44.5,5596,2490,2185.7,28.07,37.65
2024-11,2024,11,33,ศรีสะเกษ,Si Sa Ket,ภาคตะวันออกเฉียงเหนือ,120469,8359,128828,244.47,31.92,276.4,60.6,5417,3282,2145.5,22.82,29.69
2024-12,2024,12,33,ศรีสะเกษ,Si Sa Ket,ภาคตะวันออกเฉียงเหนือ,148929,9732,158661,313.76,37.55,351.31,69.3,5448,3775,2214.22,17.86,33.49
2019-01,2019,1,34,อุบลราชธานี,Ubon Ratchathani,ภาคตะวันออกเฉียงเหนือ,127951,7848,135799,231.85,26.51,258.37,68.7,5434,3733,1902.59,0.0,0.0
2019-02,2019,2,34,อุบลราชธานี,Ubon Ratchathani,ภาคตะวันออกเฉียงเหนือ,115058,7142,122200,210.33,24.91,235.24,65.5,5497,3600,1925.04,0.0,0.0
2019-03,2019,3,34,อุบลราชธานี,Ubon Ratchathani,ภาคตะวันออกเฉียงเหนือ,111662,6979,118641,195.83,24.07,219.9,58.0,5414,3140,1853.49,0.0,0.0
2019-04,2019,4,34,อุบลราชธานี,Ubon Ratchathani,ภาคตะวันออกเฉียงเหนือ,117353,7139,124492,209.74,23.24,232.98,61.2,5573,3410,1871.45,0.0,0.0
2019-05,2019,5,34,อุบลราชธานี,Ubon Ratchathani,ภาคตะวันออกเฉียงเหนือ,91478,5571,97049,168.78,18.53,187.31,47.8,5508,2632,1930.06,0.0,0.0
2019-06,2019,6,34,อุบลราชธานี,Ubon Ratchathani,ภาคตะวันออกเฉียงเหนือ,81101,5215,86316,142.2,17.08,159.28,43.5,5430,2362,1845.31,0.0,0.0
2019-07,2019,7,34,อุบลราชธานี,Ubon Ratchathani,ภาคตะวันออกเฉียงเหนือ,98312,6110,104422,169.91,21.13,191.04,48.6,5605,2724,1829.5,0.0,0.0
2019-08,2019,8,34,อุบลราชธานี,Ubon Ratchathani,ภาคตะวันออกเฉียงเหนือ,101932,6457,108389,187.96,22.13,210.09,51.5,5429,2795,1938.3,0.0,0.0
2019-09,2019,9,34,อุบลราชธานี,Ubon Ratchathani,ภาคตะวันออกเฉียงเหนือ,82807,5341,88148,151.0,18.28,169.28,43.3,5516,2388,1920.41,0.0,0.0
2019-10,2019,10,34,อุบลราชธานี,Ubon Ratchathani,ภาคตะวันออกเฉียงเหนือ,89616,5492,95108,156.62,18.14,174.76,45.6,5480,2498,1837.49,0.0,0.0
2019-11,2019,11,34,อุบลราชธานี,Ubon Ratchathani,ภาคตะวันออกเฉียงเหนือ,114195,7620,121815,202.52,26.03,228.55,60.5,5408,3271,1876.21,0.0,0.0
2019-12,2019,12,34,อุบลราชธานี,Ubon Ratchathani,ภาคตะวันออกเฉียงเหนือ,143243,9545,152788,246.27,31.33,277.59,72.3,5572,4028,1816.83,0.0,0.0
2020-01,2020,1,34,อุบลราชธานี,Ubon Ratchathani,ภาคตะวันออกเฉียงเหนือ,53990,793,54783,82.7,2.24,84.94,27.8,5602,1557,1550.48,-59.66,-67.12
2020-02,2020,2,34,อุบลราชธานี,Ubon Ratchathani,ภาคตะวันออกเฉียงเหนือ,46594,708,47302,71.48,2.0,73.48,26.2,5484,1436,1553.42,-61.29,-68.76
2020-03,2020,3,34,อุบลราชธานี,Ubon Ratchathani,ภาคตะวันออกเฉียงเหนือ,45285,668,45953,66.44,1.93,68.37,23.7,5546,1314,1487.82,-61.27,-68.91
2020-04,2020,4,34,อุบลราชธานี,Ubon Ratchathani,ภาคตะวันออกเฉียงเหนือ,49481,730,50211,77.46,2.02,79.48,25.8,5511,1421,1582.92,-59.67,-65.89
2020-05,2020,5,34,อุบลราชธานี,Ubon Ratchathani,ภาคตะวันออกเฉียงเหนือ,34819,535,35354,53.19,1.51,54.7,19.7,5409,1065,1547.21,-63.57,-70.8
2020-06,2020,6,34,อุบลราชธานี,Ubon Ratchathani,ภาคตะวันออกเฉียงเหนือ,34715,523,35238,52.28,1.48,53.76,18.5,5509,1019,1525.63,-59.18,-66.25
2020-07,2020,7,34,อุบลราชธานี,Ubon Ratchathani,ภาคตะวันออกเฉียงเหนือ,39306,598,39904,60.77,1.67,62.44,21.1,5444,1148,1564.76,-61.79,-67.32
2020-08,2020,8,34,อุบลราชธานี,Ubon Ratchathani,ภาคตะวันออกเฉียงเหนือ,39108,619,39727,60.8,1.83,62.63,21.7,5456,1183,1576.51,-63.35,-70.19
2020-09,2020,9,34,อุบลราชธานี,Ubon Ratchathani,ภาคตะวันออกเฉียงเหนือ,33059,516,33575,48.37,1.53,49.9,17.8,5484,976,1486.22,-61.91,-70.52
2020-10,2020,10,34,อุบลราชธานี,Ubon Ratchathani,ภาคตะวันออกเฉียงเหนือ,36894,560,37454,55.35,1.65,56.99,20.0,5543,1108,1521.6,-60.62,-67.39
2020-11,2020,11,34,อุบลราชธานี,Ubon Ratchathani,ภาคตะวันออกเฉียงเหนือ,48833,713,49546,72.95,2.02,74.97,26.0,5581,1451,1513.14,-59.33,-67.2
2020-12,2020,12,34,อุบลราชธานี,Ubon Ratchathani,ภาคตะวันออกเฉียงเหนือ,56745,907,57652,88.45,2.54,90.99,30.5,5440,1659,1578.26,-62.27,-67.22
2021-01,2021,1,34,อุบลราชธานี,Ubon Ratchathani,ภาคตะวันออกเฉียงเหนือ,35644,223,35867,51.2,0.59,51.79,20.3,5497,1115,1443.95,-34.53,-39.03
2021-02,2021,2,34,อุบลราชธานี,Ubon Ratchathani,ภาคตะวันออกเฉียงเหนือ,34969,212,35181,48.54,0.57,49.1,19.1,5451,1041,1395.64,-25.62,-33.18
2021-03,2021,3,34,อุบลราชธานี,Ubon Ratchathani,ภาคตะวันออกเฉียงเหนือ,29974,187,30161,43.26,0.51,43.77,17.1,5593,956,1451.21,-34.37,-35.98
2021-04,2021,4,34,อุบลราชธานี,Ubon Ratchathani,ภาคตะวันออกเฉียงเหนือ,33832,204,34036,48.67,0.53,49.2,18.9,5431,1026,1445.53,-32.21,-38.1
2021-05,2021,5,34,อุบลราชธานี,Ubon Ratchathani,ภาคตะวันออกเฉียงเหนือ,25078,143,25221,34.66,0.37,35.03,15.0,5545,831,1388.92,-28.66,-35.96
2021-06,2021,6,34,อุบลราชธานี,Ubon Ratchathani,ภาคตะวันออกเฉียงเหนือ,24584,146,24730,34.24,0.4,34.64,15.0,5534,830,1400.73,-29.82,-35.57
2021-07,2021,7,34,อุบลราชธานี,Ubon Ratchathani,ภาคตะวันออกเฉียงเหนือ,26791,167,26958,37.37,0.47,37.84,15.0,5539,830,1403.66,-32.44,-39.4
2021-08,2021,8,34,อุบลราชธานี,Ubon Ratchathani,ภาคตะวันออกเฉียงเหนือ,26264,156,26420,36.93,0.43,37.36,15.4,5544,853,1414.08,-33.5,-40.35
2021-09,2021,9,34,อุบลราชธานี,Ubon Ratchathani,ภาคตะวันออกเฉียงเหนือ,23179,135,23314,31.98,0.36,32.33,15.0,5405,810,1386.72,-30.56,-35.21
2021-10,2021,10,34,อุบลราชธานี,Ubon Ratchathani,ภาคตะวันออกเฉียงเหนือ,24842,148,24990,36.36,0.4,36.77,15.0,5489,823,1471.39,-33.28,-35.48
2021-11,2021,11,34,อุบลราชธานี,Ubon Ratchathani,ภาคตะวันออกเฉียงเหนือ,32625,189,32814,47.25,0.52,47.77,18.6,5488,1020,1455.78,-33.77,-36.28
2021-12,2021,12,34,อุบลราชธานี,Ubon Ratchathani,ภาคตะวันออกเฉียงเหนือ,35936,211,36147,49.54,0.57,50.11,21.3,5524,1176,1386.28,-37.3,-44.93
2022-01,2022,1,34,อุบลราชธานี,Ubon Ratchathani,ภาคตะวันออกเฉียงเหนือ,83359,2512,85871,144.54,7.93,152.48,45.0,5400,2430,1775.69,139.42,194.42
2022-02,2022,2,34,อุบลราชธานี,Ubon Ratchathani,ภาคตะวันออกเฉียงเหนือ,76958,2343,79301,125.42,7.49,132.91,43.9,5551,2436,1676.02,125.41,170.69
2022-03,2022,3,34,อุบลราชธานี,Ubon Ratchathani,ภาคตะวันออกเฉียงเหนือ,71822,2158,73980,123.6,7.15,130.76,39.7,5402,2144,1767.5,145.28,198.74
2022-04,2022,4,34,อุบลราชธานี,Ubon Ratchathani,ภาคตะวันออกเฉียงเหนือ,79767,2388,82155,135.76,7.82,143.58,41.5,5464,2267,1747.67,141.38,191.83
2022-05,2022,5,34,อุบลราชธานี,Ubon Ratchathani,ภาคตะวันออกเฉียงเหนือ,60867,1884,62751,107.25,5.78,113.03,32.7,5504,1799,1801.25,148.8,222.67
2022-06,2022,6,34,อุบลราชธานี,Ubon Ratchathani,ภาคตะวันออกเฉียงเหนือ,56401,1718,58119,91.93,5.39,97.31,29.4,5583,1641,1674.32,135.01,180.92
2022-07,2022,7,34,อุบลราชธานี,Ubon Ratchathani,ภาคตะวันออกเฉียงเหนือ,62365,1826,64191,107.14,5.73,112.86,34.8,5527,1923,1758.19,138.11,198.26
2022-08,2022,8,34,อุบลราชธานี,Ubon Ratchathani,ภาคตะวันออกเฉียงเหนือ,63359,1917,65276,103.43,6.36,109.79,34.0,5407,1838,1681.94,147.07,193.87
2022-09,2022,9,34,อุบลราชธานี,Ubon Ratchathani,ภาคตะวันออกเฉียงเหนือ,48665,1439,50104,80.5,4.44,84.95,29.2,5515,1610,1695.47,114.91,162.76
2022-10,2022,10,34,อุบลราชธานี,Ubon Ratchathani,ภาคตะวันออกเฉียงเหนือ,59623,1789,61412,99.7,5.72,105.42,31.1,5527,1718,1716.6,145.75,186.7
2022-11,2022,11,34,อุบลราชธานี,Ubon Ratchathani,ภาคตะวันออกเฉียงเหนือ,73714,2265,75979,128.92,7.42,136.34,42.2,5488,2315,1794.44,131.54,185.41
2022-12,2022,12,34,อุบลราชธานี,Ubon Ratchathani,ภาคตะวันออกเฉียงเหนือ,90005,2557,92562,157.84,8.03,165.86,48.3,5596,2702,1791.88,156.07,230.99
2023-01,2023,1,34,อุบลราชธานี,Ubon Ratchathani,ภาคตะวันออกเฉียงเหนือ,118240,6041,124281,223.42,22.6,246.02,59.9,5530,3312,1979.55,44.73,61.35
2023-02,2023,2,34,อุบลราชธานี,Ubon Ratchathani,ภาคตะวันออกเฉียงเหนือ,103219,5519,108738,195.68,19.37,215.04,55.2,5561,3069,1977.6,37.12,61.79
2023-03,2023,3,34,อุบลราชธานี,Ubon Ratchathani,ภาคตะวันออกเฉียงเหนือ,100291,5302,105593,187.21,19.49,206.7,49.8,5391,2684,1957.52,42.73,58.08
2023-04,2023,4,34,อุบลราชธานี,Ubon Ratchathani,ภาคตะวันออกเฉียงเหนือ,106052,5518,111570,200.26,19.75,220.01,56.3,5413,3047,1971.95,35.8,53.23
2023-05,2023,5,34,อุบลราชธานี,Ubon Ratchathani,ภาคตะวันออกเฉียงเหนือ,81868,4096,85964,154.79,14.42,169.21,41.3,5502,2272,1968.38,36.99,49.7
2023-06,2023,6,34,อุบลราชธานี,Ubon Ratchathani,ภาคตะวันออกเฉียงเหนือ,78484,4023,82507,149.76,14.78,164.54,39.9,5445,2172,1994.26,41.96,69.09
2023-07,2023,7,34,อุบลราชธานี,Ubon Ratchathani,ภาคตะวันออกเฉียงเหนือ,80210,4304,84514,155.99,15.34,171.33,43.0,5559,2390,2027.24,31.66,51.81
2023-08,2023,8,34,อุบลราชธานี,Ubon Ratchathani,ภาคตะวันออกเฉียงเหนือ,85006,4226,89232,160.28,15.53,175.81,44.3,5482,2428,1970.26,36.7,60.13
2023-09,2023,9,34,อุบลราชธานี,Ubon Ratchathani,ภาคตะวันออกเฉียงเหนือ,70198,3543,73741,140.53,13.18,153.71,38.1,5505,2097,2084.46,47.18,80.94
2023-10,2023,10,34,อุบลราชธานี,Ubon Ratchathani,ภาคตะวันออกเฉียงเหนือ,79887,4055,83942,156.63,14.62,171.25,40.1,5450,2185,2040.1,36.69,62.45
2023-11,2023,11,34,อุบลราชธานี,Ubon Ratchathani,ภาคตะวันออกเฉียงเหนือ,98067,5285,103352,191.76,19.7,211.46,52.4,5435,2847,2046.02,36.03,55.1
2023-12,2023,12,34,อุบลราชธานี,Ubon Ratchathani,ภาคตะวันออกเฉียงเหนือ,125353,6697,132050,242.63,24.93,267.56,62.2,5422,3372,2026.2,42.66,61.32
2024-01,2024,1,34,อุบลราชธานี,Ubon Ratchathani,ภาคตะวันออกเฉียงเหนือ,144122,9919,154041,302.33,37.98,340.31,66.7,5431,3622,2209.22,23.95,38.33
2024-02,2024,2,34,อุบลราชธานี,Ubon Ratchathani,ภาคตะวันออกเฉียงเหนือ,121420,7946,129366,262.27,31.49,293.76,63.7,5549,3534,2270.77,18.97,36.61
2024-03,2024,3,34,อุบลราชธานี,Ubon Ratchathani,ภาคตะวันออกเฉียงเหนือ,108096,7117,115213,234.7,29.15,263.84,54.5,5477,2984,2290.02,9.11,27.64
2024-04,2024,4,34,อุบลราชธานี,Ubon Ratchathani,ภาคตะวันออกเฉียงเหนือ,130712,8782,139494,284.61,35.19,319.8,62.4,5536,3454,2292.57,25.03,45.36
2024-05,2024,5,34,อุบลราชธานี,Ubon Ratchathani,ภาคตะวันออกเฉียงเหนือ,97421,6509,103930,200.9,25.11,226.01,45.4,5404,2453,2174.64,20.9,33.57
2024-06,2024,6,34,อุบลราชธานี,Ubon Ratchathani,ภาคตะวันออกเฉียงเหนือ,86116,5516,91632,176.41,21.73,198.15,44.3,5517,2444,2162.45,11.06,20.43
2024-07,2024,7,34,อุบลราชธานี,Ubon Ratchathani,ภาคตะวันออกเฉียงเหนือ,102704,6600,109304,224.25,26.26,250.51,49.1,5400,2651,2291.86,29.33,46.21
2024-08,2024,8,34,อุบลราชธานี,Ubon Ratchathani,ภาคตะวันออกเฉียงเหนือ,99609,6748,106357,213.13,27.64,240.76,49.4,5459,2696,2263.7,19.19,36.94
2024-09,2024,9,34,อุบลราชธานี,Ubon Ratchathani,ภาคตะวันออกเฉียงเหนือ,89708,6162,95870,187.31,23.86,211.16,42.3,5417,2291,2202.57,30.01,37.38
2024-10,2024,10,34,อุบลราชธานี,Ubon Ratchathani,ภาคตะวันออกเฉียงเหนือ,97730,6174,103904,207.34,25.11,232.45,45.6,5392,2458,2237.16,23.78,35.74
2024-11,2024,11,34,อุบลราชธานี,Ubon Ratchathani,ภาคตะวันออกเฉียงเหนือ,115374,7416,122790,248.9,30.16,279.06,58.7,5536,3249,2272.66,18.81,31.97
2024-12,2024,12,34,อุบลราชธานี,Ubon Ratchathani,ภาคตะวันออกเฉียงเหนือ,152504,10151,162655,313.39,41.39,354.78,71.7,5564,3989,2181.18,23.18,32.6
2019-01,2019,1,35,ยโสธร,Yasothon,ภาคตะวันออกเฉียงเหนือ,124406,7607,132013,225.73,25.84,251.57,65.6,5595,3670,1905.65,0.0,0.0
2019-02,2019,2,35,ยโสธร,Yasothon,ภาคตะวันออกเฉียงเหนือ,116263,7458,123721,213.25,24.97,238.21,62.2,5497,3419,1925.38,0.0,0.0
2019-03,2019,3,35,ยโสธร,Yasothon,ภาคตะวันออกเฉียงเหนือ,111195,7128,118323,194.38,23.18,217.56,55.0,5493,3021,1838.7,0.0,0.0
2019-04,2019,4,35,ยโสธร,Yasothon,ภาคตะวันออกเฉียงเหนือ,112072,7061,119133,192.36,23.42,215.77,60.7,5481,3326,1811.17,0.0,0.0
2019-05,2019,5,35,ยโสธร,Yasothon,ภาคตะวันออกเฉียงเหนือ,88543,5572,94115,160.15,19.31,179.47,48.3,5489,2651,1906.92,0.0,0.0
2019-06,2019,6,35,ยโสธร,Yasothon,ภาคตะวันออกเฉียงเหนือ,88223,5502,93725,163.4,19.12,182.52,44.5,5421,2412,1947.4,0.0,0.0
2019-07,2019,7,35,ยโสธร,Yasothon,ภาคตะวันออกเฉียงเหนือ,96898,6413,103311,175.4,21.24,196.65,50.0,5522,2761,1903.48,0.0,0.0
2019-08,2019,8,35,ยโสธร,Yasothon,ภาคตะวันออกเฉียงเหนือ,95688,5912,101600,168.16,19.46,187.62,51.5,5519,2842,1846.65,0.0,0.0
2019-09,2019,9,35,ยโสธร,Yasothon,ภาคตะวันออกเฉียงเหนือ,79044,5125,84169,145.58,16.63,162.2,41.2,5462,2250,1927.08,0.0,0.0
2019-10,2019,10,35,ยโสธร,Yasothon,ภาคตะวันออกเฉียงเหนือ,91266,5650,96916,161.49,18.78,180.27,47.8,5600,2676,1860.06,0.0,0.0
2019-11,2019,11,35,ยโสธร,Yasothon,ภาคตะวันออกเฉียงเหนือ,122412,7951,130363,220.01,26.26,246.26,59.1,5602,3310,1889.03,0.0,0.0
2019-12,2019,12,35,ยโสธร,Yasothon,ภาคตะวันออกเฉียงเหนือ,143793,9559,153352,257.29,32.38,289.66,69.3,5444,3772,1888.86,0.0,0.0
2020-01,2020,1,35,ยโสธร,Yasothon,ภาคตะวันออกเฉียงเหนือ,54055,795,54850,79.29,2.2,81.5,29.0,5432,1575,1485.87,-58.45,-67.6
2020-02,2020,2,35,ยโสธร,Yasothon,ภาคตะวันออกเฉียงเหนือ,47243,747,47990,74.05,2.06,76.11,27.3,5455,1489,1585.96,-61.21,-68.05
2020-03,2020,3,35,ยโสธร,Yasothon,ภาคตะวันออกเฉียงเหนือ,44050,679,44729,66.18,1.91,68.09,23.2,5548,1287,1522.28,-62.2,-68.7
2020-04,2020,4,35,ยโสธร,Yasothon,ภาคตะวันออกเฉียงเหนือ,46577,682,47259,70.81,1.96,72.77,25.6,5489,1405,1539.81,-60.33,-66.27
2020-05,2020,5,35,ยโสธร,Yasothon,ภาคตะวันออกเฉียงเหนือ,35045,516,35561,53.85,1.47,55.31,19.7,5392,1062,1555.36,-62.22,-69.18
2020-06,2020,6,35,ยโสธร,Yasothon,ภาคตะวันออกเฉียงเหนือ,33938,516,34454,51.48,1.43,52.91,18.2,5417,985,1535.67,-63.24,-71.01
2020-07,2020,7,35,ยโสธร,Yasothon,ภาคตะวันออกเฉียงเหนือ,39737,580,40317,62.03,1.72,63.75,21.1,5596,1180,1581.22,-60.98,-67.58
2020-08,2020,8,35,ยโสธร,Yasothon,ภาคตะวันออกเฉียงเหนือ,41396,615,42011,62.52,1.71,64.23,21.0,5605,1177,1528.89,-58.65,-65.77
2020-09,2020,9,35,ยโสธร,Yasothon,ภาคตะวันออกเฉียงเหนือ,31482,459,31941,47.69,1.32,49.0,17.3,5524,955,1534.08,-62.05,-69.79
2020-10,2020,10,35,ยโสธร,Yasothon,ภาคตะวันออกเฉียงเหนือ,34374,526,34900,50.64,1.51,52.15,19.6,5459,1069,1494.27,-63.99,-71.07
2020-11,2020,11,35,ยโสธร,Yasothon,ภาคตะวันออกเฉียงเหนือ,44691,651,45342,66.92,1.88,68.8,25.7,5397,1387,1517.36,-65.22,-72.06
2020-12,2020,12,35,ยโสธร,Yasothon,ภาคตะวันออกเฉียงเหนือ,51692,825,52517,80.76,2.32,83.07,29.0,5394,1564,1581.77,-65.75,-71.32
2021-01,2021,1,35,ยโสธร,Yasothon,ภาคตะวันออกเฉียงเหนือ,35354,207,35561,50.29,0.57,50.86,20.8,5447,1132,1430.22,-35.17,-37.6
2021-02,2021,2,35,ยโสธร,Yasothon,ภาคตะวันออกเฉียงเหนือ,35321,221,35542,50.51,0.57,51.08,18.8,5480,1030,1437.17,-25.94,-32.89
2021-03,2021,3,35,ยโสธร,Yasothon,ภาคตะวันออกเฉียงเหนือ,31397,189,31586,44.69,0.5,45.19,16.7,5529,923,1430.7,-29.38,-33.63
2021-04,2021,4,35,ยโสธร,Yasothon,ภาคตะวันออกเฉียงเหนือ,32954,205,33159,48.2,0.56,48.76,19.1,5596,1068,1470.49,-29.84,-32.99
2021-05,2021,5,35,ยโสธร,Yasothon,ภาคตะวันออกเฉียงเหนือ,24125,151,24276,35.76,0.42,36.18,15.0,5449,817,1490.36,-31.73,-34.59
2021-06,2021,6,35,ยโสธร,Yasothon,ภาคตะวันออกเฉียงเหนือ,22455,132,22587,31.77,0.34,32.11,15.0,5531,829,1421.61,-34.44,-39.31
2021-07,2021,7,35,ยโสธร,Yasothon,ภาคตะวันออกเฉียงเหนือ,25360,154,25514,35.73,0.41,36.14,15.0,5506,825,1416.48,-36.72,-43.31
2021-08,2021,8,35,ยโสธร,Yasothon,ภาคตะวันออกเฉียงเหนือ,28628,171,28799,42.0,0.46,42.46,15.7,5550,871,1474.36,-31.45,-33.89
2021-09,2021,9,35,ยโสธร,Yasothon,ภาคตะวันออกเฉียงเหนือ,22328,131,22459,33.14,0.34,33.48,15.0,5574,836,1490.72,-29.69,-31.67
2021-10,2021,10,35,ยโสธร,Yasothon,ภาคตะวันออกเฉียงเหนือ,25207,152,25359,36.04,0.41,36.46,15.0,5402,810,1437.75,-27.34,-30.09
2021-11,2021,11,35,ยโสธร,Yasothon,ภาคตะวันออกเฉียงเหนือ,33338,208,33546,47.15,0.56,47.71,18.6,5547,1031,1422.23,-26.02,-30.65
2021-12,2021,12,35,ยโสธร,Yasothon,ภาคตะวันออกเฉียงเหนือ,37184,213,37397,52.53,0.59,53.13,21.7,5461,1185,1420.7,-28.79,-36.04
2022-01,2022,1,35,ยโสธร,Yasothon,ภาคตะวันออกเฉียงเหนือ,81671,2510,84181,138.68,8.18,146.86,46.1,5418,2497,1744.57,136.72,188.75
2022-02,2022,2,35,ยโสธร,Yasothon,ภาคตะวันออกเฉียงเหนือ,74916,2326,77242,126.61,7.26,133.87,42.3,5522,2335,1733.12,117.33,162.08
2022-03,2022,3,35,ยโสธร,Yasothon,ภาคตะวันออกเฉียงเหนือ,66544,1963,68507,115.39,6.21,121.6,37.8,5604,2118,1775.0,116.89,169.09
2022-04,2022,4,35,ยโสธร,Yasothon,ภาคตะวันออกเฉียงเหนือ,74984,2331,77315,132.09,7.15,139.24,43.4,5609,2434,1800.94,133.16,185.56
2022-05,2022,5,35,ยโสธร,Yasothon,ภาคตะวันออกเฉียงเหนือ,57512,1708,59220,98.48,5.38,103.86,31.5,5526,1740,1753.8,143.94,187.06
2022-06,2022,6,35,ยโสธร,Yasothon,ภาคตะวันออกเฉียงเหนือ,56541,1641,58182,98.13,5.15,103.27,30.9,5561,1718,1774.95,157.59,221.61
2022-07,2022,7,35,ยโสธร,Yasothon,ภาคตะวันออกเฉียงเหนือ,63760,1857,65617,111.64,5.88,117.52,34.3,5605,1922,1791.0,157.18,225.18
2022-08,2022,8,35,ยโสธร,Yasothon,ภาคตะวันออกเฉียงเหนือ,64829,1850,66679,108.39,5.96,114.35,34.8,5437,1892,1714.93,131.53,169.31
2022-09,2022,9,35,ยโสธร,Yasothon,ภาคตะวันออกเฉียงเหนือ,52542,1507,54049,91.72,4.94,96.66,28.7,5590,1604,1788.38,140.66,188.71
2022-10,2022,10,35,ยโสธร,Yasothon,ภาคตะวันออกเฉียงเหนือ,56531,1747,58278,95.95,5.57,101.53,31.4,5563,1746,1742.17,129.81,178.47
2022-11,2022,11,35,ยโสธร,Yasothon,ภาคตะวันออกเฉียงเหนือ,75601,2216,77817,127.5,6.99,134.49,41.7,5500,2293,1728.29,131.97,181.89
2022-12,2022,12,35,ยโสธร,Yasothon,ภาคตะวันออกเฉียงเหนือ,92580,2752,95332,160.64,8.64,169.28,47.5,5445,2586,1775.69,154.92,218.61
2023-01,2023,1,35,ยโสธร,Yasothon,ภาคตะวันออกเฉียงเหนือ,120242,6238,126480,238.61,22.41,261.02,59.4,5407,3211,2063.73,50.25,77.73
2023-02,2023,2,35,ยโสธร,Yasothon,ภาคตะวันออกเฉียงเหนือ,102702,5207,107909,196.56,19.01,215.56,56.0,5450,3052,1997.61,39.7,61.02
2023-03,2023,3,35,ยโสธร,Yasothon,ภาคตะวันออกเฉียงเหนือ,92463,4754,97217,183.98,16.76,200.74,51.4,5405,2778,2064.87,41.91,65.08
2023-04,2023,4,35,ยโสธร,Yasothon,ภาคตะวันออกเฉียงเหนือ,105609,5542,111151,203.91,19.47,223.39,55.5,5553,3081,2009.79,43.76,60.44
2023-05,2023,5,35,ยโสธร,Yasothon,ภาคตะวันออกเฉียงเหนือ,76921,3864,80785,147.98,13.95,161.93,42.5,5545,2356,2004.46,36.42,55.91
2023-06,2023,6,35,ยโสธร,Yasothon,ภาคตะวันออกเฉียงเหนือ,70976,3846,74822,140.38,13.42,153.79,38.6,5476,2113,2055.41,28.6,48.92
2023-07,2023,7,35,ยโสธร,Yasothon,ภาคตะวันออกเฉียงเหนือ,80766,4140,84906,158.13,15.4,173.54,42.9,5478,2350,2043.91,29.4,47.67
2023-08,2023,8,35,ยโสธร,Yasothon,ภาคตะวันออกเฉียงเหนือ,85527,4341,89868,167.11,15.68,182.79,46.0,5596,2574,2033.98,34.78,59.85
2023-09,2023,9,35,ยโสธร,Yasothon,ภาคตะวันออกเฉียงเหนือ,71280,3703,74983,137.45,13.4,150.84,36.8,5588,2056,2011.66,38.73,56.05
2023-10,2023,10,35,ยโสธร,Yasothon,ภาคตะวันออกเฉียงเหนือ,75901,3774,79675,144.88,14.2,159.08,41.4,5551,2298,1996.61,36.72,56.68
2023-11,2023,11,35,ยโสธร,Yasothon,ภาคตะวันออกเฉียงเหนือ,107738,5353,113091,208.43,18.89,227.32,53.1,5438,2887,2010.06,45.33,69.02
2023-12,2023,12,35,ยโสธร,Yasothon,ภาคตะวันออกเฉียงเหนือ,122653,6257,128910,236.42,22.81,259.23,63.8,5397,3443,2010.94,35.22,53.14
2024-01,2024,1,35,ยโสธร,Yasothon,ภาคตะวันออกเฉียงเหนือ,137904,9210,147114,282.13,35.66,317.79,67.2,5460,3669,2160.16,16.31,21.75
2024-02,2024,2,35,ยโสธร,Yasothon,ภาคตะวันออกเฉียงเหนือ,124906,8508,133414,257.08,33.05,290.13,62.6,5539,3467,2174.66,23.64,34.59
2024-03,2024,3,35,ยโสธร,Yasothon,ภาคตะวันออกเฉียงเหนือ,119350,8009,127359,257.95,32.64,290.59,56.9,5415,3081,2281.66,31.0,44.76
2024-04,2024,4,35,ยโสธร,Yasothon,ภาคตะวันออกเฉียงเหนือ,118608,7561,126169,241.52,30.84,272.36,59.8,5440,3253,2158.69,13.51,21.92
2024-05,2024,5,35,ยโสธร,Yasothon,ภาคตะวันออกเฉียงเหนือ,90761,5860,96621,188.36,23.57,211.93,46.1,5419,2498,2193.42,19.6,30.88
2024-06,2024,6,35,ยโสธร,Yasothon,ภาคตะวันออกเฉียงเหนือ,88481,5619,94100,180.65,22.44,203.09,44.0,5566,2449,2158.24,25.77,32.06
2024-07,2024,7,35,ยโสธร,Yasothon,ภาคตะวันออกเฉียงเหนือ,106720,6843,113563,225.37,27.6,252.97,48.1,5429,2611,2227.57,33.75,45.77
2024-08,2024,8,35,ยโสธร,Yasothon,ภาคตะวันออกเฉียงเหนือ,97930,6595,104525,209.99,26.38,236.38,48.8,5569,2717,2261.47,16.31,29.32
2024-09,2024,9,35,ยโสธร,Yasothon,ภาคตะวันออกเฉียงเหนือ,82886,5376,88262,173.34,21.44,194.77,40.2,5528,2222,2206.73,17.71,29.12
2024-10,2024,10,35,ยโสธร,Yasothon,ภาคตะวันออกเฉียงเหนือ,97383,6272,103655,197.17,25.32,222.49,46.3,5395,2497,2146.45,30.1,39.86
2024-11,2024,11,35,ยโสธร,Yasothon,ภาคตะวันออกเฉียงเหนือ,122219,8486,130705,263.88,32.45,296.33,58.1,5476,3181,2267.17,15.58,30.36
2024-12,2024,12,35,ยโสธร,Yasothon,ภาคตะวันออกเฉียงเหนือ,149763,9850,159613,317.8,39.01,356.81,71.1,5576,3964,2235.47,23.82,37.64
2019-01,2019,1,36,ชัยภูมิ,Chaiyaphum,ภาคตะวันออกเฉียงเหนือ,122269,7838,130107,224.73,26.78,251.5,68.4,5566,3807,1933.02,0.0,0.0
2019-02,2019,2,36,ชัยภูมิ,Chaiyaphum,ภาคตะวันออกเฉียงเหนือ,117019,7330,124349,208.48,25.1,233.57,63.2,5476,3460,1878.34,0.0,0.0
2019-03,2019,3,36,ชัยภูมิ,Chaiyaphum,ภาคตะวันออกเฉียงเหนือ,105914,6831,112745,186.03,22.58,208.61,57.5,5400,3104,1850.28,0.0,0.0
2019-04,2019,4,36,ชัยภูมิ,Chaiyaphum,ภาคตะวันออกเฉียงเหนือ,118881,7510,126391,213.82,25.3,239.11,60.3,5492,3311,1891.83,0.0,0.0
2019-05,2019,5,36,ชัยภูมิ,Chaiyaphum,ภาคตะวันออกเฉียงเหนือ,92562,5750,98312,164.27,19.64,183.9,47.4,5532,2622,1870.58,0.0,0.0
2019-06,2019,6,36,ชัยภูมิ,Chaiyaphum,ภาคตะวันออกเฉียงเหนือ,83353,5489,88842,143.87,18.25,162.12,44.4,5575,2475,1824.81,0.0,0.0
2019-07,2019,7,36,ชัยภูมิ,Chaiyaphum,ภาคตะวันออกเฉียงเหนือ,97165,6251,103416,170.33,20.88,191.21,50.5,5439,2746,1848.94,0.0,0.0
2019-08,2019,8,36,ชัยภูมิ,Chaiyaphum,ภาคตะวันออกเฉียงเหนือ,97292,6286,103578,167.94,20.41,188.35,50.3,5503,2768,1818.44,0.0,0.0
2019-09,2019,9,36,ชัยภูมิ,Chaiyaphum,ภาคตะวันออกเฉียงเหนือ,83656,5394,89050,149.01,17.97,166.98,43.0,5464,2349,1875.13,0.0,0.0
2019-10,2019,10,36,ชัยภูมิ,Chaiyaphum,ภาคตะวันออกเฉียงเหนือ,92279,5728,98007,162.31,18.58,180.89,45.8,5501,2519,1845.68,0.0,0.0
2019-11,2019,11,36,ชัยภูมิ,Chaiyaphum,ภาคตะวันออกเฉียงเหนือ,111184,7208,118392,201.92,23.73,225.64,61.5,5538,3405,1905.87,0.0,0.0
2019-12,2019,12,36,ชัยภูมิ,Chaiyaphum,ภาคตะวันออกเฉียงเหนือ,135715,8781,144496,246.95,29.64,276.59,70.3,5514,3876,1914.17,0.0,0.0
2020-01,2020,1,36,ชัยภูมิ,Chaiyaphum,ภาคตะวันออกเฉียงเหนือ,50954,771,51725,74.66,2.22,76.88,27.9,5594,1560,1486.32,-60.24,-69.43
2020-02,2020,2,36,ชัยภูมิ,Chaiyaphum,ภาคตะวันออกเฉียงเหนือ,50307,729,51036,76.49,2.16,78.65,26.4,5469,1443,1541.07,-58.96,-66.33
2020-03,2020,3,36,ชัยภูมิ,Chaiyaphum,ภาคตะวันออกเฉียงเหนือ,43238,672,43910,64.68,1.88,66.56,23.6,5395,1273,1515.83,-61.05,-68.09
2020-04,2020,4,36,ชัยภูมิ,Chaiyaphum,ภาคตะวันออกเฉียงเหนือ,49029,753,49782,74.68,2.08,76.76,26.4,5564,1468,1541.92,-60.61,-67.9
2020-05,2020,5,36,ชัยภูมิ,Chaiyaphum,ภาคตะวันออกเฉียงเหนือ,36309,558,36867,55.48,1.65,57.14,19.9,5516,1097,1549.9,-62.5,-68.93
2020-06,2020,6,36,ชัยภูมิ,Chaiyaphum,ภาคตะวันออกเฉียงเหนือ,35509,546,36055,53.45,1.58,55.03,19.1,5530,1056,1526.28,-59.42,-66.06
2020-07,2020,7,36,ชัยภูมิ,Chaiyaphum,ภาคตะวันออกเฉียงเหนือ,38908,573,39481,57.01,1.63,58.64,20.7,5553,1149,1485.27,-61.82,-69.33
2020-08,2020,8,36,ชัยภูมิ,Chaiyaphum,ภาคตะวันออกเฉียงเหนือ,39526,605,40131,59.96,1.75,61.71,20.9,5524,1154,1537.71,-61.26,-67.24
2020-09,2020,9,36,ชัยภูมิ,Chaiyaphum,ภาคตะวันออกเฉียงเหนือ,33018,516,33534,49.73,1.52,51.26,18.2,5580,1015,1528.6,-62.34,-69.3
2020-10,2020,10,36,ชัยภูมิ,Chaiyaphum,ภาคตะวันออกเฉียงเหนือ,33483,533,34016,52.33,1.54,53.87,19.7,5468,1077,1583.67,-65.29,-70.22
2020-11,2020,11,36,ชัยภูมิ,Chaiyaphum,ภาคตะวันออกเฉียงเหนือ,44073,683,44756,68.78,1.91,70.69,24.7,5437,1342,1579.45,-62.2,-68.67
2020-12,2020,12,36,ชัยภูมิ,Chaiyaphum,ภาคตะวันออกเฉียงเหนือ,54148,802,54950,82.59,2.33,84.91,29.2,5425,1584,1545.22,-61.97,-69.3
2021-01,2021,1,36,ชัยภูมิ,Chaiyaphum,ภาคตะวันออกเฉียงเหนือ,36305,228,36533,53.38,0.62,54.0,20.6,5469,1126,1478.12,-29.37,-29.76
2021-02,2021,2,36,ชัยภูมิ,Chaiyaphum,ภาคตะวันออกเฉียงเหนือ,35062,212,35274,48.9,0.56,49.46,19.5,5527,1077,1402.17,-30.88,-37.11
2021-03,2021,3,36,ชัยภูมิ,Chaiyaphum,ภาคตะวันออกเฉียงเหนือ,29857,173,30030,42.57,0.45,43.02,17.4,5514,959,1432.57,-31.61,-35.37
2021-04,2021,4,36,ชัยภูมิ,Chaiyaphum,ภาคตะวันออกเฉียงเหนือ,32321,196,32517,46.88,0.54,47.42,19.2,5393,1035,1458.31,-34.68,-38.22
2021-05,2021,5,36,ชัยภูมิ,Chaiyaphum,ภาคตะวันออกเฉียงเหนือ,25051,146,25197,36.88,0.4,37.29,15.0,5485,822,1479.94,-31.65,-34.74
2021-06,2021,6,36,ชัยภูมิ,Chaiyaphum,ภาคตะวันออกเฉียงเหนือ,24702,141,24843,35.48,0.38,35.86,15.0,5501,825,1443.46,-31.1,-34.84
2021-07,2021,7,36,ชัยภูมิ,Chaiyaphum,ภาคตะวันออกเฉียงเหนือ,25996,156,26152,36.11,0.41,36.52,15.0,5433,814,1396.45,-33.76,-37.72
2021-08,2021,8,36,ชัยภูมิ,Chaiyaphum,ภาคตะวันออกเฉียงเหนือ,26891,159,27050,39.56,0.43,39.99,15.7,5413,849,1478.37,-32.6,-35.2
2021-09,2021,9,36,ชัยภูมิ,Chaiyaphum,ภาคตะวันออกเฉียงเหนือ,22360,140,22500,33.07,0.38,33.45,15.0,5520,828,1486.67,-32.9,-34.74
2021-10,2021,10,36,ชัยภูมิ,Chaiyaphum,ภาคตะวันออกเฉียงเหนือ,24428,141,24569,34.56,0.37,34.93,15.0,5602,840,1421.71,-27.77,-35.16
2021-11,2021,11,36,ชัยภูมิ,Chaiyaphum,ภาคตะวันออกเฉียงเหนือ,33470,208,33678,46.33,0.56,46.89,17.9,5603,1002,1392.3,-24.75,-33.67
2021-12,2021,12,36,ชัยภูมิ,Chaiyaphum,ภาคตะวันออกเฉียงเหนือ,37415,223,37638,51.38,0.59,51.98,21.2,5585,1184,1381.05,-31.51,-38.78
2022-01,2022,1,36,ชัยภูมิ,Chaiyaphum,ภาคตะวันออกเฉียงเหนือ,86107,2628,88735,145.62,8.49,154.11,47.2,5583,2635,1736.74,142.89,185.39
2022-02,2022,2,36,ชัยภูมิ,Chaiyaphum,ภาคตะวันออกเฉียงเหนือ,77024,2249,79273,125.49,7.37,132.86,44.1,5515,2432,1675.98,124.73,168.62
2022-03,2022,3,36,ชัยภูมิ,Chaiyaphum,ภาคตะวันออกเฉียงเหนือ,68018,2002,70020,116.07,6.28,122.35,37.5,5422,2033,1747.36,133.17,184.4
2022-04,2022,4,36,ชัยภูมิ,Chaiyaphum,ภาคตะวันออกเฉียงเหนือ,75853,2356,78209,123.75,7.46,131.21,41.5,5597,2322,1677.68,140.52,176.7
2022-05,2022,5,36,ชัยภูมิ,Chaiyaphum,ภาคตะวันออกเฉียงเหนือ,56798,1600,58398,96.92,5.13,102.05,32.2,5405,1740,1747.49,131.77,173.67
2022-06,2022,6,36,ชัยภูมิ,Chaiyaphum,ภาคตะวันออกเฉียงเหนือ,55043,1589,56632,91.35,5.08,96.43,30.7,5475,1680,1702.75,127.96,168.91
2022-07,2022,7,36,ชัยภูมิ,Chaiyaphum,ภาคตะวันออกเฉียงเหนือ,62956,1856,64812,110.18,5.94,116.12,33.9,5446,1846,1791.64,147.83,217.96
2022-08,2022,8,36,ชัยภูมิ,Chaiyaphum,ภาคตะวันออกเฉียงเหนือ,65672,1964,67636,112.03,6.49,118.52,34.1,5427,1850,1752.32,150.04,196.37
2022-09,2022,9,36,ชัยภูมิ,Chaiyaphum,ภาคตะวันออกเฉียงเหนือ,53765,1632,55397,88.29,5.31,93.6,28.2,5404,1523,1689.62,146.21,179.82
2022-10,2022,10,36,ชัยภูมิ,Chaiyaphum,ภาคตะวันออกเฉียงเหนือ,56488,1635,58123,96.53,5.37,101.9,31.8,5524,1756,1753.18,136.57,191.73
2022-11,2022,11,36,ชัยภูมิ,Chaiyaphum,ภาคตะวันออกเฉียงเหนือ,76924,2338,79262,131.8,7.18,138.98,41.0,5490,2250,1753.43,135.35,196.4
2022-12,2022,12,36,ชัยภูมิ,Chaiyaphum,ภาคตะวันออกเฉียงเหนือ,90438,2663,93101,155.21,8.3,163.51,49.1,5417,2659,1756.26,147.36,214.56
2023-01,2023,1,36,ชัยภูมิ,Chaiyaphum,ภาคตะวันออกเฉียงเหนือ,114120,6082,120202,221.51,21.24,242.75,60.4,5594,3378,2019.52,35.46,57.52
2023-02,2023,2,36,ชัยภูมิ,Chaiyaphum,ภาคตะวันออกเฉียงเหนือ,112209,6096,118305,208.34,21.85,230.19,55.1,5557,3061,1945.73,49.24,73.26
2023-03,2023,3,36,ชัยภูมิ,Chaiyaphum,ภาคตะวันออกเฉียงเหนือ,93573,5004,98577,186.82,18.6,205.42,52.0,5604,2914,2083.85,40.78,67.9
2023-04,2023,4,36,ชัยภูมิ,Chaiyaphum,ภาคตะวันออกเฉียงเหนือ,102584,5193,107777,205.4,18.95,224.35,54.3,5606,3044,2081.61,37.81,70.99
2023-05,2023,5,36,ชัยภูมิ,Chaiyaphum,ภาคตะวันออกเฉียงเหนือ,76758,3797,80555,147.06,13.29,160.36,41.1,5554,2282,1990.69,37.94,57.14
2023-06,2023,6,36,ชัยภูมิ,Chaiyaphum,ภาคตะวันออกเฉียงเหนือ,78510,3937,82447,151.32,14.7,166.03,39.1,5535,2164,2013.78,45.58,72.18
2023-07,2023,7,36,ชัยภูมิ,Chaiyaphum,ภาคตะวันออกเฉียงเหนือ,79948,4212,84160,156.04,15.86,171.9,43.5,5468,2378,2042.54,29.85,48.04
2023-08,2023,8,36,ชัยภูมิ,Chaiyaphum,ภาคตะวันออกเฉียงเหนือ,87634,4521,92155,172.39,16.03,188.42,44.7,5498,2457,2044.6,36.25,58.98
2023-09,2023,9,36,ชัยภูมิ,Chaiyaphum,ภาคตะวันออกเฉียงเหนือ,73913,3897,77810,140.03,14.65,154.68,36.5,5571,2033,1987.92,40.46,65.26
2023-10,2023,10,36,ชัยภูมิ,Chaiyaphum,ภาคตะวันออกเฉียงเหนือ,74954,3773,78727,148.68,14.06,162.74,41.0,5472,2243,2067.14,35.45,59.71
2023-11,2023,11,36,ชัยภูมิ,Chaiyaphum,ภาคตะวันออกเฉียงเหนือ,104089,5313,109402,201.22,18.73,219.95,53.5,5551,2969,2010.48,38.03,58.26
2023-12,2023,12,36,ชัยภูมิ,Chaiyaphum,ภาคตะวันออกเฉียงเหนือ,114547,6065,120612,223.51,21.47,244.98,63.6,5605,3564,2031.14,29.55,49.83
2024-01,2024,1,36,ชัยภูมิ,Chaiyaphum,ภาคตะวันออกเฉียงเหนือ,132248,9025,141273,273.57,36.46,310.03,67.6,5541,3745,2194.55,17.53,27.72
2024-02,2024,2,36,ชัยภูมิ,Chaiyaphum,ภาคตะวันออกเฉียงเหนือ,122441,7767,130208,265.31,31.49,296.81,62.8,5484,3443,2279.51,10.06,28.94
2024-03,2024,3,36,ชัยภูมิ,Chaiyaphum,ภาคตะวันออกเฉียงเหนือ,110208,7009,117217,231.67,28.76,260.43,54.1,5460,2953,2221.78,18.91,26.78
2024-04,2024,4,36,ชัยภูมิ,Chaiyaphum,ภาคตะวันออกเฉียงเหนือ,127170,8532,135702,261.59,33.26,294.85,61.8,5595,3457,2172.78,25.91,31.42
2024-05,2024,5,36,ชัยภูมิ,Chaiyaphum,ภาคตะวันออกเฉียงเหนือ,97179,6358,103537,208.64,25.56,234.21,46.8,5450,2550,2262.09,28.53,46.05
2024-06,2024,6,36,ชัยภูมิ,Chaiyaphum,ภาคตะวันออกเฉียงเหนือ,90329,5787,96116,187.33,23.47,210.81,42.7,5493,2345,2193.29,16.58,26.97
2024-07,2024,7,36,ชัยภูมิ,Chaiyaphum,ภาคตะวันออกเฉียงเหนือ,96458,6665,103123,202.6,27.21,229.82,47.5,5584,2652,2228.6,22.53,33.69
2024-08,2024,8,36,ชัยภูมิ,Chaiyaphum,ภาคตะวันออกเฉียงเหนือ,107089,6854,113943,228.06,26.84,254.9,50.3,5415,2723,2237.08,23.64,35.28
2024-09,2024,9,36,ชัยภูมิ,Chaiyaphum,ภาคตะวันออกเฉียงเหนือ,81113,5459,86572,170.76,21.66,192.42,40.2,5530,2223,2222.66,11.26,24.4
2024-10,2024,10,36,ชัยภูมิ,Chaiyaphum,ภาคตะวันออกเฉียงเหนือ,91179,5918,97097,191.76,22.82,214.58,44.9,5608,2517,2209.95,23.33,31.85
2024-11,2024,11,36,ชัยภูมิ,Chaiyaphum,ภาคตะวันออกเฉียงเหนือ,117758,8006,125764,248.98,32.2,281.18,60.0,5530,3318,2235.77,14.96,27.84
2024-12,2024,12,36,ชัยภูมิ,Chaiyaphum,ภาคตะวันออกเฉียงเหนือ,136632,9486,146118,289.93,38.93,328.85,68.5,5570,3815,2250.58,21.15,34.24
2019-01,2019,1,37,อำนาจเจริญ,Amnat Charoen,ภาคตะวันออกเฉียงเหนือ,126505,8345,134850,232.94,27.1,260.04,67.7,5569,3770,1928.36,0.0,0.0
2019-02,2019,2,37,อำนาจเจริญ,Amnat Charoen,ภาคตะวันออกเฉียงเหนือ,121198,7970,129168,224.22,27.62,251.84,64.8,5459,3537,1949.71,0.0,0.0
2019-03,2019,3,37,อำนาจเจริญ,Amnat Charoen,ภาคตะวันออกเฉียงเหนือ,113564,7520,121084,204.22,25.61,229.83,58.0,5430,3149,1898.1,0.0,0.0
2019-04,2019,4,37,อำนาจเจริญ,Amnat Charoen,ภาคตะวันออกเฉียงเหนือ,125508,8027,133535,220.66,27.35,248.01,63.1,5560,3508,1857.27,0.0,0.0
2019-05,2019,5,37,อำนาจเจริญ,Amnat Charoen,ภาคตะวันออกเฉียงเหนือ,96022,5845,101867,168.55,20.15,188.7,47.4,5394,2556,1852.42,0.0,0.0
2019-06,2019,6,37,อำนาจเจริญ,Amnat Charoen,ภาคตะวันออกเฉียงเหนือ,87981,5422,93403,153.53,18.47,172.0,43.5,5582,2428,1841.48,0.0,0.0
2019-07,2019,7,37,อำนาจเจริญ,Amnat Charoen,ภาคตะวันออกเฉียงเหนือ,97489,6046,103535,177.46,20.52,197.98,48.8,5403,2636,1912.2,0.0,0.0
2019-08,2019,8,37,อำนาจเจริญ,Amnat Charoen,ภาคตะวันออกเฉียงเหนือ,94990,5923,100913,173.79,19.74,193.53,49.8,5532,2754,1917.79,0.0,0.0
2019-09,2019,9,37,อำนาจเจริญ,Amnat Charoen,ภาคตะวันออกเฉียงเหนือ,84451,5154,89605,154.94,17.7,172.64,41.3,5484,2264,1926.68,0.0,0.0
2019-10,2019,10,37,อำนาจเจริญ,Amnat Charoen,ภาคตะวันออกเฉียงเหนือ,91677,6075,97752,161.81,20.98,182.78,47.0,5458,2565,1869.83,0.0,0.0
2019-11,2019,11,37,อำนาจเจริญ,Amnat Charoen,ภาคตะวันออกเฉียงเหนือ,117105,7787,124892,206.2,25.28,231.49,59.6,5607,3341,1853.52,0.0,0.0
2019-12,2019,12,37,อำนาจเจริญ,Amnat Charoen,ภาคตะวันออกเฉียงเหนือ,129814,8209,138023,235.3,28.13,263.44,73.4,5451,4001,1908.67,0.0,0.0
2020-01,2020,1,37,อำนาจเจริญ,Amnat Charoen,ภาคตะวันออกเฉียงเหนือ,53965,845,54810,80.75,2.32,83.07,28.6,5450,1558,1515.6,-59.35,-68.05
2020-02,2020,2,37,อำนาจเจริญ,Amnat Charoen,ภาคตะวันออกเฉียงเหนือ,46022,735,46757,70.69,2.02,72.71,26.7,5598,1494,1555.06,-63.8,-71.13
2020-03,2020,3,37,อำนาจเจริญ,Amnat Charoen,ภาคตะวันออกเฉียงเหนือ,42387,665,43052,64.41,1.96,66.37,23.8,5396,1284,1541.62,-64.44,-71.12
2020-04,2020,4,37,อำนาจเจริญ,Amnat Charoen,ภาคตะวันออกเฉียงเหนือ,48108,706,48814,74.03,2.05,76.08,25.3,5480,1386,1558.57,-63.44,-69.32
2020-05,2020,5,37,อำนาจเจริญ,Amnat Charoen,ภาคตะวันออกเฉียงเหนือ,38073,599,38672,56.55,1.69,58.24,19.7,5500,1083,1506.0,-62.04,-69.14
2020-06,2020,6,37,อำนาจเจริญ,Amnat Charoen,ภาคตะวันออกเฉียงเหนือ,34860,523,35383,54.25,1.55,55.8,19.0,5427,1031,1577.03,-62.12,-67.56
2020-07,2020,7,37,อำนาจเจริญ,Amnat Charoen,ภาคตะวันออกเฉียงเหนือ,37372,559,37931,58.39,1.61,60.0,20.3,5474,1111,1581.82,-63.36,-69.69
2020-08,2020,8,37,อำนาจเจริญ,Amnat Charoen,ภาคตะวันออกเฉียงเหนือ,40134,606,40740,59.56,1.77,61.33,21.2,5425,1150,1505.4,-59.63,-68.31
2020-09,2020,9,37,อำนาจเจริญ,Amnat Charoen,ภาคตะวันออกเฉียงเหนือ,31347,460,31807,47.19,1.31,48.49,17.8,5518,982,1524.51,-64.5,-71.91
2020-10,2020,10,37,อำนาจเจริญ,Amnat Charoen,ภาคตะวันออกเฉียงเหนือ,35453,549,36002,52.73,1.63,54.36,19.9,5593,1113,1509.92,-63.17,-70.26
2020-11,2020,11,37,อำนาจเจริญ,Amnat Charoen,ภาคตะวันออกเฉียงเหนือ,48877,739,49616,72.28,2.14,74.42,25.6,5549,1420,1499.92,-60.27,-67.85
2020-12,2020,12,37,อำนาจเจริญ,Amnat Charoen,ภาคตะวันออกเฉียงเหนือ,53644,790,54434,80.84,2.31,83.15,29.2,5496,1604,1527.54,-60.56,-68.44
2021-01,2021,1,37,อำนาจเจริญ,Amnat Charoen,ภาคตะวันออกเฉียงเหนือ,35970,209,36179,50.26,0.56,50.82,20.5,5506,1128,1404.68,-33.99,-38.82
2021-02,2021,2,37,อำนาจเจริญ,Amnat Charoen,ภาคตะวันออกเฉียงเหนือ,33422,196,33618,49.48,0.52,50.0,19.1,5478,1046,1487.3,-28.1,-31.23
2021-03,2021,3,37,อำนาจเจริญ,Amnat Charoen,ภาคตะวันออกเฉียงเหนือ,30503,181,30684,43.37,0.49,43.86,17.2,5401,928,1429.41,-28.73,-33.92
2021-04,2021,4,37,อำนาจเจริญ,Amnat Charoen,ภาคตะวันออกเฉียงเหนือ,32129,189,32318,44.86,0.5,45.36,18.9,5408,1022,1403.55,-33.79,-40.38
2021-05,2021,5,37,อำนาจเจริญ,Amnat Charoen,ภาคตะวันออกเฉียงเหนือ,25800,149,25949,37.59,0.39,37.97,15.0,5609,841,1463.25,-32.9,-34.8
2021-06,2021,6,37,อำนาจเจริญ,Amnat Charoen,ภาคตะวันออกเฉียงเหนือ,23433,141,23574,32.27,0.37,32.65,15.0,5401,810,1385.0,-33.37,-41.49
2021-07,2021,7,37,อำนาจเจริญ,Amnat Charoen,ภาคตะวันออกเฉียงเหนือ,26407,163,26570,36.53,0.43,36.95,15.1,5457,824,1390.67,-29.95,-38.42
2021-08,2021,8,37,อำนาจเจริญ,Amnat Charoen,ภาคตะวันออกเฉียงเหนือ,26775,161,26936,38.78,0.45,39.23,15.3,5395,825,1456.42,-33.88,-36.03
2021-09,2021,9,37,อำนาจเจริญ,Amnat Charoen,ภาคตะวันออกเฉียงเหนือ,22681,135,22816,33.63,0.37,34.01,15.0,5475,821,1490.62,-28.27,-29.86
2021-10,2021,10,37,อำนาจเจริญ,Amnat Charoen,ภาคตะวันออกเฉียงเหนือ,25762,152,25914,36.89,0.41,37.3,15.0,5528,829,1439.38,-28.02,-31.38
2021-11,2021,11,37,อำนาจเจริญ,Amnat Charoen,ภาคตะวันออกเฉียงเหนือ,31157,180,31337,45.33,0.49,45.82,17.9,5455,976,1462.17,-36.84,-38.43
2021-12,2021,12,37,อำนาจเจริญ,Amnat Charoen,ภาคตะวันออกเฉียงเหนือ,38391,223,38614,56.54,0.6,57.15,21.6,5422,1171,1480.03,-29.06,-31.27
2022-01,2022,1,37,อำนาจเจริญ,Amnat Charoen,ภาคตะวันออกเฉียงเหนือ,84262,2465,86727,143.75,7.94,151.69,45.6,5457,2488,1749.05,139.72,198.48
2022-02,2022,2,37,อำนาจเจริญ,Amnat Charoen,ภาคตะวันออกเฉียงเหนือ,82696,2474,85170,135.19,7.62,142.81,44.3,5575,2469,1676.76,153.35,185.62
2022-03,2022,3,37,อำนาจเจริญ,Amnat Charoen,ภาคตะวันออกเฉียงเหนือ,71666,2056,73722,124.38,6.42,130.8,37.6,5486,2062,1774.23,140.26,198.22
2022-04,2022,4,37,อำนาจเจริญ,Amnat Charoen,ภาคตะวันออกเฉียงเหนือ,71717,2136,73853,119.54,6.59,126.12,41.2,5579,2298,1707.72,128.52,178.04
2022-05,2022,5,37,อำนาจเจริญ,Amnat Charoen,ภาคตะวันออกเฉียงเหนือ,61018,1830,62848,103.56,5.66,109.22,32.3,5403,1745,1737.84,142.2,187.65
2022-06,2022,6,37,อำนาจเจริญ,Amnat Charoen,ภาคตะวันออกเฉียงเหนือ,56508,1655,58163,94.55,5.42,99.97,30.0,5525,1657,1718.79,146.73,206.19
2022-07,2022,7,37,อำนาจเจริญ,Amnat Charoen,ภาคตะวันออกเฉียงเหนือ,60464,1795,62259,104.53,5.54,110.08,33.0,5479,1808,1768.1,134.32,197.92
2022-08,2022,8,37,อำนาจเจริญ,Amnat Charoen,ภาคตะวันออกเฉียงเหนือ,66572,2020,68592,114.73,6.22,120.95,34.7,5457,1893,1763.33,154.65,208.31
2022-09,2022,9,37,อำนาจเจริญ,Amnat Charoen,ภาคตะวันออกเฉียงเหนือ,48667,1392,50059,80.81,4.58,85.39,29.4,5521,1623,1705.79,119.4,151.07
2022-10,2022,10,37,อำนาจเจริญ,Amnat Charoen,ภาคตะวันออกเฉียงเหนือ,58491,1701,60192,101.65,5.23,106.88,30.9,5548,1714,1775.65,132.28,186.54
2022-11,2022,11,37,อำนาจเจริญ,Amnat Charoen,ภาคตะวันออกเฉียงเหนือ,77008,2294,79302,132.81,7.55,140.36,41.3,5555,2294,1769.94,153.06,206.33
2022-12,2022,12,37,อำนาจเจริญ,Amnat Charoen,ภาคตะวันออกเฉียงเหนือ,85162,2452,87614,147.46,7.75,155.21,49.1,5535,2717,1771.52,126.9,171.58
2023-01,2023,1,37,อำนาจเจริญ,Amnat Charoen,ภาคตะวันออกเฉียงเหนือ,112227,5672,117899,213.87,20.48,234.36,60.9,5531,3368,1987.8,35.94,54.5
2023-02,2023,2,37,อำนาจเจริญ,Amnat Charoen,ภาคตะวันออกเฉียงเหนือ,109126,5815,114941,217.23,21.43,238.67,58.0,5563,3226,2076.46,34.95,67.12
2023-03,2023,3,37,อำนาจเจริญ,Amnat Charoen,ภาคตะวันออกเฉียงเหนือ,95720,4823,100543,181.57,17.86,199.43,51.4,5507,2830,1983.53,36.38,52.47
2023-04,2023,4,37,อำนาจเจริญ,Amnat Charoen,ภาคตะวันออกเฉียงเหนือ,108383,5800,114183,205.6,20.36,225.96,53.8,5471,2943,1978.93,54.61,79.16
2023-05,2023,5,37,อำนาจเจริญ,Amnat Charoen,ภาคตะวันออกเฉียงเหนือ,78123,4229,82352,149.96,15.33,165.29,43.0,5546,2384,2007.12,31.03,51.34
2023-06,2023,6,37,อำนาจเจริญ,Amnat Charoen,ภาคตะวันออกเฉียงเหนือ,74093,3772,77865,140.66,13.94,154.61,38.7,5567,2154,1985.62,33.87,54.66
2023-07,2023,7,37,อำนาจเจริญ,Amnat Charoen,ภาคตะวันออกเฉียงเหนือ,89645,4504,94149,171.44,16.42,187.87,44.9,5580,2505,1995.45,51.22,70.67
2023-08,2023,8,37,อำนาจเจริญ,Amnat Charoen,ภาคตะวันออกเฉียงเหนือ,86539,4552,91091,172.79,17.07,189.86,44.7,5447,2434,2084.29,32.8,56.97
2023-09,2023,9,37,อำนาจเจริญ,Amnat Charoen,ภาคตะวันออกเฉียงเหนือ,76052,3967,80019,149.9,13.89,163.79,36.5,5508,2010,2046.89,59.85,91.81
2023-10,2023,10,37,อำนาจเจริญ,Amnat Charoen,ภาคตะวันออกเฉียงเหนือ,81679,4135,85814,154.41,14.55,168.95,41.1,5401,2219,1968.79,42.57,58.07
2023-11,2023,11,37,อำนาจเจริญ,Amnat Charoen,ภาคตะวันออกเฉียงเหนือ,98106,5141,103247,187.71,18.56,206.27,53.0,5396,2859,1997.83,30.19,46.96
2023-12,2023,12,37,อำนาจเจริญ,Amnat Charoen,ภาคตะวันออกเฉียงเหนือ,126436,6482,132918,236.28,23.74,260.02,63.0,5551,3497,1956.24,51.71,67.53
2024-01,2024,1,37,อำนาจเจริญ,Amnat Charoen,ภาคตะวันออกเฉียงเหนือ,134191,8861,143052,276.12,35.77,311.89,66.0,5533,3651,2180.26,21.33,33.08
2024-02,2024,2,37,อำนาจเจริญ,Amnat Charoen,ภาคตะวันออกเฉียงเหนือ,134144,9145,143289,278.47,36.49,314.96,61.3,5482,3360,2198.08,24.66,31.96
2024-03,2024,3,37,อำนาจเจริญ,Amnat Charoen,ภาคตะวันออกเฉียงเหนือ,112512,7735,120247,240.57,31.25,271.82,54.0,5590,3018,2260.51,19.6,36.3
2024-04,2024,4,37,อำนาจเจริญ,Amnat Charoen,ภาคตะวันออกเฉียงเหนือ,119267,7627,126894,257.33,30.58,287.91,61.9,5548,3434,2268.9,11.13,27.42
2024-05,2024,5,37,อำนาจเจริญ,Amnat Charoen,ภาคตะวันออกเฉียงเหนือ,96463,6250,102713,207.51,25.58,233.09,46.6,5602,2610,2269.33,24.72,41.02
2024-06,2024,6,37,อำนาจเจริญ,Amnat Charoen,ภาคตะวันออกเฉียงเหนือ,94320,6141,100461,191.57,25.14,216.71,42.3,5543,2344,2157.16,29.02,40.17
2024-07,2024,7,37,อำนาจเจริญ,Amnat Charoen,ภาคตะวันออกเฉียงเหนือ,100462,6642,107104,209.32,26.14,235.46,48.8,5522,2694,2198.42,13.76,25.33
2024-08,2024,8,37,อำนาจเจริญ,Amnat Charoen,ภาคตะวันออกเฉียงเหนือ,98530,6754,105284,202.09,26.04,228.13,51.3,5524,2833,2166.81,15.58,20.16
2024-09,2024,9,37,อำนาจเจริญ,Amnat Charoen,ภาคตะวันออกเฉียงเหนือ,84620,5578,90198,179.75,22.29,202.04,40.1,5417,2172,2239.96,12.72,23.35
2024-10,2024,10,37,อำนาจเจริญ,Amnat Charoen,ภาคตะวันออกเฉียงเหนือ,94879,6359,101238,198.38,24.65,223.03,44.5,5557,2472,2203.03,17.97,32.01
2024-11,2024,11,37,อำนาจเจริญ,Amnat Charoen,ภาคตะวันออกเฉียงเหนือ,126725,8199,134924,259.48,32.32,291.8,59.0,5544,3270,2162.7,30.68,41.47
2024-12,2024,12,37,อำนาจเจริญ,Amnat Charoen,ภาคตะวันออกเฉียงเหนือ,144843,9966,154809,295.0,40.51,335.5,70.3,5496,3863,2167.19,16.47,29.03
2019-01,2019,1,38,บึงกาฬ,Bueng Kan,ภาคตะวันออกเฉียงเหนือ,128393,8320,136713,233.43,28.01,261.44,65.8,5403,3555,1912.33,0.0,0.0
2019-02,2019,2,38,บึงกาฬ,Bueng Kan,ภาคตะวันออกเฉียงเหนือ,124816,7914,132730,228.87,26.07,254.94,62.0,5588,3464,1920.74,0.0,0.0
2019-03,2019,3,38,บึงกาฬ,Bueng Kan,ภาคตะวันออกเฉียงเหนือ,103256,6408,109664,177.45,22.04,199.49,57.0,5608,3196,1819.1,0.0,0.0
2019-04,2019,4,38,บึงกาฬ,Bueng Kan,ภาคตะวันออกเฉียงเหนือ,118852,7971,126823,203.95,25.98,229.93,63.1,5567,3512,1813.0,0.0,0.0
2019-05,2019,5,38,บึงกาฬ,Bueng Kan,ภาคตะวันออกเฉียงเหนือ,88818,5670,94488,158.43,18.37,176.8,48.7,5413,2636,1871.14,0.0,0.0
2019-06,2019,6,38,บึงกาฬ,Bueng Kan,ภาคตะวันออกเฉียงเหนือ,82365,5125,87490,151.38,16.53,167.91,45.1,5528,2493,1919.19,0.0,0.0
2019-07,2019,7,38,บึงกาฬ,Bueng Kan,ภาคตะวันออกเฉียงเหนือ,90854,5864,96718,156.27,20.25,176.53,50.4,5465,2754,1825.2,0.0,0.0
2019-08,2019,8,38,บึงกาฬ,Bueng Kan,ภาคตะวันออกเฉียงเหนือ,100029,6588,106617,171.7,22.9,194.6,50.2,5584,2803,1825.22,0.0,0.0
2019-09,2019,9,38,บึงกาฬ,Bueng Kan,ภาคตะวันออกเฉียงเหนือ,77312,5043,82355,139.5,16.99,156.49,41.4,5436,2250,1900.19,0.0,0.0
2019-10,2019,10,38,บึงกาฬ,Bueng Kan,ภาคตะวันออกเฉียงเหนือ,84130,5485,89615,149.08,17.71,166.79,46.0,5542,2549,1861.18,0.0,0.0
2019-11,2019,11,38,บึงกาฬ,Bueng Kan,ภาคตะวันออกเฉียงเหนือ,114101,7463,121564,198.98,25.45,224.43,59.5,5451,3243,1846.19,0.0,0.0
2019-12,2019,12,38,บึงกาฬ,Bueng Kan,ภาคตะวันออกเฉียงเหนือ,136607,8561,145168,250.81,28.63,279.43,72.1,5584,4026,1924.87,0.0,0.0
2020-01,2020,1,38,บึงกาฬ,Bueng Kan,ภาคตะวันออกเฉียงเหนือ,53985,833,54818,84.59,2.3,86.89,29.1,5407,1573,1585.06,-59.9,-66.76
2020-02,2020,2,38,บึงกาฬ,Bueng Kan,ภาคตะวันออกเฉียงเหนือ,47101,719,47820,72.62,2.05,74.67,26.1,5432,1417,1561.48,-63.97,-70.71
2020-03,2020,3,38,บึงกาฬ,Bueng Kan,ภาคตะวันออกเฉียงเหนือ,45233,654,45887,68.57,1.93,70.5,23.6,5593,1319,1536.38,-58.16,-64.66
2020-04,2020,4,38,บึงกาฬ,Bueng Kan,ภาคตะวันออกเฉียงเหนือ,46388,718,47106,70.89,2.0,72.9,26.7,5565,1485,1547.57,-62.86,-68.29
2020-05,2020,5,38,บึงกาฬ,Bueng Kan,ภาคตะวันออกเฉียงเหนือ,37293,568,37861,57.59,1.57,59.16,20.3,5453,1106,1562.56,-59.93,-66.54
2020-06,2020,6,38,บึงกาฬ,Bueng Kan,ภาคตะวันออกเฉียงเหนือ,32844,489,33333,51.25,1.37,52.62,18.1,5406,978,1578.62,-61.9,-68.66
2020-07,2020,7,38,บึงกาฬ,Bueng Kan,ภาคตะวันออกเฉียงเหนือ,36315,563,36878,55.83,1.56,57.38,20.6,5433,1119,1555.94,-61.87,-67.5
2020-08,2020,8,38,บึงกาฬ,Bueng Kan,ภาคตะวันออกเฉียงเหนือ,38494,606,39100,57.86,1.78,59.63,21.7,5548,1203,1525.06,-63.33,-69.36
2020-09,2020,9,38,บึงกาฬ,Bueng Kan,ภาคตะวันออกเฉียงเหนือ,33078,504,33582,51.63,1.39,53.02,17.5,5603,980,1578.82,-59.22,-66.12
2020-10,2020,10,38,บึงกาฬ,Bueng Kan,ภาคตะวันออกเฉียงเหนือ,36110,573,36683,56.77,1.62,58.4,19.7,5399,1063,1592.02,-59.07,-64.99
2020-11,2020,11,38,บึงกาฬ,Bueng Kan,ภาคตะวันออกเฉียงเหนือ,45064,709,45773,67.77,2.04,69.81,25.5,5516,1406,1525.13,-62.35,-68.89
2020-12,2020,12,38,บึงกาฬ,Bueng Kan,ภาคตะวันออกเฉียงเหนือ,51709,757,52466,80.71,2.12,82.83,30.7,5571,1710,1578.74,-63.86,-70.36
2021-01,2021,1,38,บึงกาฬ,Bueng Kan,ภาคตะวันออกเฉียงเหนือ,35162,207,35369,48.49,0.58,49.07,19.7,5437,1071,1387.37,-35.48,-43.53
2021-02,2021,2,38,บึงกาฬ,Bueng Kan,ภาคตะวันออกเฉียงเหนือ,33626,208,33834,46.78,0.55,47.34,19.2,5536,1062,1399.18,-29.25,-36.6
2021-03,2021,3,38,บึงกาฬ,Bueng Kan,ภาคตะวันออกเฉียงเหนือ,29829,176,30005,44.17,0.47,44.63,16.7,5458,911,1487.42,-34.61,-36.7
2021-04,2021,4,38,บึงกาฬ,Bueng Kan,ภาคตะวันออกเฉียงเหนือ,33637,206,33843,47.08,0.54,47.63,18.8,5557,1044,1407.38,-28.16,-34.66
2021-05,2021,5,38,บึงกาฬ,Bueng Kan,ภาคตะวันออกเฉียงเหนือ,23803,148,23951,34.88,0.4,35.28,15.0,5591,838,1473.01,-36.74,-40.37
2021-06,2021,6,38,บึงกาฬ,Bueng Kan,ภาคตะวันออกเฉียงเหนือ,23456,138,23594,32.52,0.37,32.89,15.0,5586,837,1394.0,-29.22,-37.5
2021-07,2021,7,38,บึงกาฬ,Bueng Kan,ภาคตะวันออกเฉียงเหนือ,27568,169,27737,38.7,0.45,39.15,15.0,5407,811,1411.47,-24.79,-31.77
2021-08,2021,8,38,บึงกาฬ,Bueng Kan,ภาคตะวันออกเฉียงเหนือ,27226,157,27383,39.66,0.43,40.1,15.4,5484,844,1464.41,-29.97,-32.75
2021-09,2021,9,38,บึงกาฬ,Bueng Kan,ภาคตะวันออกเฉียงเหนือ,22094,138,22232,30.4,0.38,30.78,15.0,5393,808,1384.49,-33.8,-41.95
2021-10,2021,10,38,บึงกาฬ,Bueng Kan,ภาคตะวันออกเฉียงเหนือ,22978,142,23120,32.84,0.39,33.23,15.0,5589,838,1437.28,-36.97,-43.1
2021-11,2021,11,38,บึงกาฬ,Bueng Kan,ภาคตะวันออกเฉียงเหนือ,31730,182,31912,44.65,0.5,45.15,18.5,5566,1029,1414.83,-30.28,-35.32
2021-12,2021,12,38,บึงกาฬ,Bueng Kan,ภาคตะวันออกเฉียงเหนือ,39187,231,39418,56.08,0.62,56.69,21.8,5594,1219,1438.18,-24.87,-31.56
2022-01,2022,1,38,บึงกาฬ,Bueng Kan,ภาคตะวันออกเฉียงเหนือ,81853,2445,84298,136.18,7.76,143.94,46.6,5506,2565,1707.51,138.34,193.34
2022-02,2022,2,38,บึงกาฬ,Bueng Kan,ภาคตะวันออกเฉียงเหนือ,76686,2301,78987,134.9,7.34,142.24,44.5,5606,2494,1800.8,133.45,200.46
2022-03,2022,3,38,บึงกาฬ,Bueng Kan,ภาคตะวันออกเฉียงเหนือ,65597,1914,67511,107.59,6.21,113.8,39.5,5590,2208,1685.65,125.0,154.99
2022-04,2022,4,38,บึงกาฬ,Bueng Kan,ภาคตะวันออกเฉียงเหนือ,76912,2375,79287,135.34,7.7,143.03,42.3,5530,2339,1803.95,134.28,200.29
2022-05,2022,5,38,บึงกาฬ,Bueng Kan,ภาคตะวันออกเฉียงเหนือ,58981,1804,60785,97.64,5.87,103.51,33.0,5465,1803,1702.89,153.79,193.4
2022-06,2022,6,38,บึงกาฬ,Bueng Kan,ภาคตะวันออกเฉียงเหนือ,51444,1596,53040,87.29,5.12,92.42,30.7,5580,1713,1742.46,124.8,181.0
2022-07,2022,7,38,บึงกาฬ,Bueng Kan,ภาคตะวันออกเฉียงเหนือ,63171,1866,65037,105.77,6.12,111.89,34.7,5436,1886,1720.41,134.48,185.8
2022-08,2022,8,38,บึงกาฬ,Bueng Kan,ภาคตะวันออกเฉียงเหนือ,60251,1849,62100,100.45,5.7,106.15,34.5,5425,1871,1709.34,126.78,164.71
2022-09,2022,9,38,บึงกาฬ,Bueng Kan,ภาคตะวันออกเฉียงเหนือ,50035,1483,51518,88.13,4.63,92.76,29.2,5395,1575,1800.54,131.73,201.36
2022-10,2022,10,38,บึงกาฬ,Bueng Kan,ภาคตะวันออกเฉียงเหนือ,54128,1584,55712,91.95,4.88,96.83,31.9,5427,1731,1738.05,140.97,191.39
2022-11,2022,11,38,บึงกาฬ,Bueng Kan,ภาคตะวันออกเฉียงเหนือ,70173,1979,72152,118.4,6.11,124.51,40.5,5606,2270,1725.66,126.1,175.77
2022-12,2022,12,38,บึงกาฬ,Bueng Kan,ภาคตะวันออกเฉียงเหนือ,82339,2351,84690,137.08,7.34,144.42,47.4,5480,2597,1705.28,114.85,154.75
2023-01,2023,1,38,บึงกาฬ,Bueng Kan,ภาคตะวันออกเฉียงเหนือ,118425,6334,124759,227.04,23.76,250.8,61.8,5437,3360,2010.28,48.0,74.24
2023-02,2023,2,38,บึงกาฬ,Bueng Kan,ภาคตะวันออกเฉียงเหนือ,108388,5495,113883,208.99,19.95,228.94,57.1,5430,3100,2010.31,44.18,60.95
2023-03,2023,3,38,บึงกาฬ,Bueng Kan,ภาคตะวันออกเฉียงเหนือ,100164,5060,105224,194.09,18.37,212.46,51.8,5448,2822,2019.12,55.86,86.7
2023-04,2023,4,38,บึงกาฬ,Bueng Kan,ภาคตะวันออกเฉียงเหนือ,112185,5564,117749,207.72,20.29,228.02,56.0,5433,3042,1936.49,48.51,59.42
2023-05,2023,5,38,บึงกาฬ,Bueng Kan,ภาคตะวันออกเฉียงเหนือ,81851,4429,86280,161.69,15.97,177.66,42.0,5574,2341,2059.11,41.94,71.64
2023-06,2023,6,38,บึงกาฬ,Bueng Kan,ภาคตะวันออกเฉียงเหนือ,78237,4047,82284,153.19,14.72,167.91,39.4,5481,2159,2040.62,55.14,81.68
2023-07,2023,7,38,บึงกาฬ,Bueng Kan,ภาคตะวันออกเฉียงเหนือ,82989,4366,87355,157.15,15.91,173.06,43.6,5508,2401,1981.11,34.32,54.67
2023-08,2023,8,38,บึงกาฬ,Bueng Kan,ภาคตะวันออกเฉียงเหนือ,90696,4702,95398,177.79,17.0,194.79,45.9,5603,2571,2041.87,53.62,83.5
2023-09,2023,9,38,บึงกาฬ,Bueng Kan,ภาคตะวันออกเฉียงเหนือ,69723,3765,73488,138.7,13.61,152.31,37.0,5475,2025,2072.58,42.65,64.2
2023-10,2023,10,38,บึงกาฬ,Bueng Kan,ภาคตะวันออกเฉียงเหนือ,78852,4183,83035,146.8,15.2,162.0,41.2,5545,2284,1950.98,49.04,67.3
2023-11,2023,11,38,บึงกาฬ,Bueng Kan,ภาคตะวันออกเฉียงเหนือ,107479,5460,112939,214.62,20.1,234.72,54.0,5477,2957,2078.29,56.53,88.51
2023-12,2023,12,38,บึงกาฬ,Bueng Kan,ภาคตะวันออกเฉียงเหนือ,123287,6369,129656,243.44,22.51,265.95,62.6,5570,3486,2051.2,53.09,84.15
2024-01,2024,1,38,บึงกาฬ,Bueng Kan,ภาคตะวันออกเฉียงเหนือ,137204,9236,146440,282.04,36.75,318.79,65.8,5507,3623,2176.93,17.38,27.11
2024-02,2024,2,38,บึงกาฬ,Bueng Kan,ภาคตะวันออกเฉียงเหนือ,125837,8231,134068,258.03,32.68,290.71,63.6,5422,3448,2168.38,17.72,26.98
2024-03,2024,3,38,บึงกาฬ,Bueng Kan,ภาคตะวันออกเฉียงเหนือ,110777,7474,118251,225.52,28.59,254.11,53.9,5514,2972,2148.9,12.38,19.6
2024-04,2024,4,38,บึงกาฬ,Bueng Kan,ภาคตะวันออกเฉียงเหนือ,131816,8508,140324,280.21,32.67,312.88,62.0,5518,3421,2229.7,19.17,37.22
2024-05,2024,5,38,บึงกาฬ,Bueng Kan,ภาคตะวันออกเฉียงเหนือ,96855,6328,103183,204.72,24.28,229.0,47.6,5580,2656,2219.36,19.59,28.9
2024-06,2024,6,38,บึงกาฬ,Bueng Kan,ภาคตะวันออกเฉียงเหนือ,86423,5639,92062,179.59,21.71,201.3,42.8,5551,2375,2186.57,11.88,19.89
2024-07,2024,7,38,บึงกาฬ,Bueng Kan,ภาคตะวันออกเฉียงเหนือ,99908,6931,106839,211.75,27.08,238.83,48.1,5555,2671,2235.42,22.3,38.0
2024-08,2024,8,38,บึงกาฬ,Bueng Kan,ภาคตะวันออกเฉียงเหนือ,105177,6984,112161,223.34,27.84,251.18,51.7,5439,2811,2239.46,17.57,28.95
2024-09,2024,9,38,บึงกาฬ,Bueng Kan,ภาคตะวันออกเฉียงเหนือ,82479,5593,88072,177.31,22.31,199.62,41.9,5577,2336,2266.55,19.85,31.06
2024-10,2024,10,38,บึงกาฬ,Bueng Kan,ภาคตะวันออกเฉียงเหนือ,91960,6284,98244,201.27,24.66,225.93,44.6,5390,2403,2299.68,18.32,39.46
2024-11,2024,11,38,บึงกาฬ,Bueng Kan,ภาคตะวันออกเฉียงเหนือ,125081,8510,133591,266.88,33.22,300.1,58.8,5597,3291,2246.41,18.29,27.85
2024-12,2024,12,38,บึงกาฬ,Bueng Kan,ภาคตะวันออกเฉียงเหนือ,152239,9912,162151,330.85,38.37,369.22,68.4,5541,3790,2277.01,25.06,38.83
2019-01,2019,1,39,หนองบัวลำภู,Nong Bua Lam Phu,ภาคตะวันออกเฉียงเหนือ,125600,7727,133327,219.16,26.73,245.89,69.4,5464,3792,1844.26,0.0,0.0
2019-02,2019,2,39,หนองบัวลำภู,Nong Bua Lam Phu,ภาคตะวันออกเฉียงเหนือ,121341,7858,129199,223.44,26.74,250.18,64.2,5525,3547,1936.39,0.0,0.0
2019-03,2019,3,39,หนองบัวลำภู,Nong Bua Lam Phu,ภาคตะวันออกเฉียงเหนือ,113188,7241,120429,207.4,23.48,230.88,57.0,5415,3086,1917.15,0.0,0.0
2019-04,2019,4,39,หนองบัวลำภู,Nong Bua Lam Phu,ภาคตะวันออกเฉียงเหนือ,113660,7074,120734,199.53,22.85,222.38,63.1,5503,3472,1841.9,0.0,0.0
2019-05,2019,5,39,หนองบัวลำภู,Nong Bua Lam Phu,ภาคตะวันออกเฉียงเหนือ,93933,5938,99871,164.45,20.2,184.65,46.5,5425,2522,1848.89,0.0,0.0
2019-06,2019,6,39,หนองบัวลำภู,Nong Bua Lam Phu,ภาคตะวันออกเฉียงเหนือ,87528,5380,92908,154.38,18.02,172.39,43.2,5496,2374,1855.49,0.0,0.0
2019-07,2019,7,39,หนองบัวลำภู,Nong Bua Lam Phu,ภาคตะวันออกเฉียงเหนือ,94623,6316,100939,168.43,20.94,189.37,48.2,5407,2606,1876.08,0.0,0.0
2019-08,2019,8,39,หนองบัวลำภู,Nong Bua Lam Phu,ภาคตะวันออกเฉียงเหนือ,97700,6279,103979,176.89,21.37,198.27,52.6,5609,2950,1906.83,0.0,0.0
2019-09,2019,9,39,หนองบัวลำภู,Nong Bua Lam Phu,ภาคตะวันออกเฉียงเหนือ,76301,4778,81079,140.1,16.13,156.23,42.5,5485,2331,1926.89,0.0,0.0
2019-10,2019,10,39,หนองบัวลำภู,Nong Bua Lam Phu,ภาคตะวันออกเฉียงเหนือ,91880,5742,97622,161.3,19.77,181.08,46.3,5549,2569,1854.91,0.0,0.0
2019-11,2019,11,39,หนองบัวลำภู,Nong Bua Lam Phu,ภาคตะวันออกเฉียงเหนือ,114768,7118,121886,211.08,23.0,234.08,62.2,5465,3399,1920.48,0.0,0.0
2019-12,2019,12,39,หนองบัวลำภู,Nong Bua Lam Phu,ภาคตะวันออกเฉียงเหนือ,131318,8715,140033,241.69,28.25,269.94,70.5,5459,3848,1927.69,0.0,0.0
2020-01,2020,1,39,หนองบัวลำภู,Nong Bua Lam Phu,ภาคตะวันออกเฉียงเหนือ,51681,771,52452,76.4,2.18,78.59,28.5,5600,1595,1498.32,-60.66,-68.04
2020-02,2020,2,39,หนองบัวลำภู,Nong Bua Lam Phu,ภาคตะวันออกเฉียงเหนือ,46903,731,47634,71.58,2.04,73.62,26.3,5579,1467,1545.53,-63.13,-70.57
2020-03,2020,3,39,หนองบัวลำภู,Nong Bua Lam Phu,ภาคตะวันออกเฉียงเหนือ,40760,625,41385,60.45,1.79,62.25,23.7,5533,1311,1504.17,-65.64,-73.04
2020-04,2020,4,39,หนองบัวลำภู,Nong Bua Lam Phu,ภาคตะวันออกเฉียงเหนือ,49708,793,50501,76.16,2.18,78.34,25.9,5579,1444,1551.26,-58.17,-64.77
2020-05,2020,5,39,หนองบัวลำภู,Nong Bua Lam Phu,ภาคตะวันออกเฉียงเหนือ,36950,558,37508,57.61,1.64,59.25,20.0,5542,1108,1579.66,-62.44,-67.91
2020-06,2020,6,39,หนองบัวลำภู,Nong Bua Lam Phu,ภาคตะวันออกเฉียงเหนือ,32861,485,33346,51.05,1.36,52.4,18.7,5391,1008,1571.4,-64.11,-69.6
2020-07,2020,7,39,หนองบัวลำภู,Nong Bua Lam Phu,ภาคตะวันออกเฉียงเหนือ,39892,577,40469,58.21,1.64,59.85,20.8,5500,1144,1478.91,-59.91,-68.4
2020-08,2020,8,39,หนองบัวลำภู,Nong Bua Lam Phu,ภาคตะวันออกเฉียงเหนือ,37919,557,38476,58.07,1.65,59.72,22.2,5464,1213,1552.14,-63.0,-69.88
2020-09,2020,9,39,หนองบัวลำภู,Nong Bua Lam Phu,ภาคตะวันออกเฉียงเหนือ,30620,488,31108,45.46,1.35,46.81,17.2,5545,953,1504.76,-61.63,-70.04
2020-10,2020,10,39,หนองบัวลำภู,Nong Bua Lam Phu,ภาคตะวันออกเฉียงเหนือ,37139,564,37703,56.65,1.61,58.25,19.1,5493,1049,1544.97,-61.38,-67.83
2020-11,2020,11,39,หนองบัวลำภู,Nong Bua Lam Phu,ภาคตะวันออกเฉียงเหนือ,44270,667,44937,66.64,1.88,68.52,25.8,5496,1417,1524.8,-63.13,-70.73
2020-12,2020,12,39,หนองบัวลำภู,Nong Bua Lam Phu,ภาคตะวันออกเฉียงเหนือ,53285,792,54077,82.28,2.27,84.55,30.8,5418,1668,1563.51,-61.38,-68.68
2021-01,2021,1,39,หนองบัวลำภู,Nong Bua Lam Phu,ภาคตะวันออกเฉียงเหนือ,37533,237,37770,55.23,0.64,55.87,19.9,5603,1114,1479.22,-27.99,-28.91
2021-02,2021,2,39,หนองบัวลำภู,Nong Bua Lam Phu,ภาคตะวันออกเฉียงเหนือ,34394,215,34609,47.45,0.57,48.02,19.6,5485,1075,1387.5,-27.34,-34.77
2021-03,2021,3,39,หนองบัวลำภู,Nong Bua Lam Phu,ภาคตะวันออกเฉียงเหนือ,29879,186,30065,43.5,0.5,44.0,17.4,5458,949,1463.5,-27.35,-29.32
2021-04,2021,4,39,หนองบัวลำภู,Nong Bua Lam Phu,ภาคตะวันออกเฉียงเหนือ,34162,213,34375,49.1,0.59,49.69,19.1,5567,1063,1445.53,-31.93,-36.57
2021-05,2021,5,39,หนองบัวลำภู,Nong Bua Lam Phu,ภาคตะวันออกเฉียงเหนือ,24404,153,24557,33.68,0.4,34.08,15.0,5572,835,1387.79,-34.53,-42.48
2021-06,2021,6,39,หนองบัวลำภู,Nong Bua Lam Phu,ภาคตะวันออกเฉียงเหนือ,22446,133,22579,31.02,0.36,31.38,15.0,5445,816,1389.79,-32.29,-40.11
2021-07,2021,7,39,หนองบัวลำภู,Nong Bua Lam Phu,ภาคตะวันออกเฉียงเหนือ,24959,145,25104,35.68,0.4,36.08,15.0,5538,830,1437.22,-37.97,-39.72
2021-08,2021,8,39,หนองบัวลำภู,Nong Bua Lam Phu,ภาคตะวันออกเฉียงเหนือ,28298,167,28465,41.83,0.44,42.27,15.7,5570,874,1484.98,-26.02,-29.22
2021-09,2021,9,39,หนองบัวลำภู,Nong Bua Lam Phu,ภาคตะวันออกเฉียงเหนือ,22918,135,23053,33.51,0.36,33.87,15.0,5424,813,1469.22,-25.89,-27.64
2021-10,2021,10,39,หนองบัวลำภู,Nong Bua Lam Phu,ภาคตะวันออกเฉียงเหนือ,24517,149,24666,34.45,0.42,34.86,15.0,5430,814,1413.28,-34.58,-40.15
2021-11,2021,11,39,หนองบัวลำภู,Nong Bua Lam Phu,ภาคตะวันออกเฉียงเหนือ,32460,192,32652,46.15,0.52,46.67,18.0,5576,1003,1429.32,-27.34,-31.89
2021-12,2021,12,39,หนองบัวลำภู,Nong Bua Lam Phu,ภาคตะวันออกเฉียงเหนือ,39472,226,39698,54.36,0.63,54.98,21.1,5503,1161,1384.96,-26.59,-34.97
2022-01,2022,1,39,หนองบัวลำภู,Nong Bua Lam Phu,ภาคตะวันออกเฉียงเหนือ,78530,2297,80827,135.89,7.56,143.44,45.4,5596,2540,1774.65,114.0,156.74
2022-02,2022,2,39,หนองบัวลำภู,Nong Bua Lam Phu,ภาคตะวันออกเฉียงเหนือ,81496,2518,84014,141.86,7.86,149.71,43.9,5601,2458,1781.96,142.75,211.77
2022-03,2022,3,39,หนองบัวลำภู,Nong Bua Lam Phu,ภาคตะวันออกเฉียงเหนือ,66154,2061,68215,108.45,6.47,114.92,37.4,5479,2049,1684.67,126.89,161.18
2022-04,2022,4,39,หนองบัวลำภู,Nong Bua Lam Phu,ภาคตะวันออกเฉียงเหนือ,76873,2275,79148,131.86,7.46,139.33,43.0,5563,2392,1760.37,130.25,180.4
2022-05,2022,5,39,หนองบัวลำภู,Nong Bua Lam Phu,ภาคตะวันออกเฉียงเหนือ,61488,1743,63231,105.08,5.56,110.64,31.8,5559,1767,1749.77,157.49,224.65
2022-06,2022,6,39,หนองบัวลำภู,Nong Bua Lam Phu,ภาคตะวันออกเฉียงเหนือ,54390,1683,56073,89.38,5.19,94.56,30.3,5467,1656,1686.37,148.34,201.34
2022-07,2022,7,39,หนองบัวลำภู,Nong Bua Lam Phu,ภาคตะวันออกเฉียงเหนือ,57497,1770,59267,95.41,5.76,101.17,34.8,5500,1913,1707.02,136.09,180.4
2022-08,2022,8,39,หนองบัวลำภู,Nong Bua Lam Phu,ภาคตะวันออกเฉียงเหนือ,63077,1776,64853,110.67,5.58,116.25,34.5,5469,1886,1792.52,127.83,175.02
2022-09,2022,9,39,หนองบัวลำภู,Nong Bua Lam Phu,ภาคตะวันออกเฉียงเหนือ,54404,1650,56054,93.51,5.09,98.61,28.9,5438,1571,1759.2,143.15,191.14
2022-10,2022,10,39,หนองบัวลำภู,Nong Bua Lam Phu,ภาคตะวันออกเฉียงเหนือ,56014,1734,57748,97.28,5.51,102.79,32.4,5604,1815,1779.98,134.12,194.87
2022-11,2022,11,39,หนองบัวลำภู,Nong Bua Lam Phu,ภาคตะวันออกเฉียงเหนือ,74525,2246,76771,124.57,7.04,131.62,40.7,5543,2256,1714.45,135.12,182.02
2022-12,2022,12,39,หนองบัวลำภู,Nong Bua Lam Phu,ภาคตะวันออกเฉียงเหนือ,82912,2522,85434,141.43,8.24,149.67,47.3,5585,2641,1751.88,115.21,172.23
2023-01,2023,1,39,หนองบัวลำภู,Nong Bua Lam Phu,ภาคตะวันออกเฉียงเหนือ,117985,6127,124112,227.03,22.8,249.83,61.1,5594,3417,2012.94,53.55,74.17
2023-02,2023,2,39,หนองบัวลำภู,Nong Bua Lam Phu,ภาคตะวันออกเฉียงเหนือ,110658,5699,116357,208.88,20.88,229.76,56.5,5436,3071,1974.61,38.5,53.47
2023-03,2023,3,39,หนองบัวลำภู,Nong Bua Lam Phu,ภาคตะวันออกเฉียงเหนือ,101543,5423,106966,200.25,20.04,220.29,50.8,5443,2765,2059.44,56.81,91.69
2023-04,2023,4,39,หนองบัวลำภู,Nong Bua Lam Phu,ภาคตะวันออกเฉียงเหนือ,101223,5148,106371,189.0,19.09,208.08,54.4,5391,2932,1956.17,34.4,49.34
2023-05,2023,5,39,หนองบัวลำภู,Nong Bua Lam Phu,ภาคตะวันออกเฉียงเหนือ,78741,3984,82725,148.31,14.66,162.97,41.6,5457,2270,1970.02,30.83,47.3
2023-06,2023,6,39,หนองบัวลำภู,Nong Bua Lam Phu,ภาคตะวันออกเฉียงเหนือ,80098,3991,84089,159.18,14.59,173.77,39.9,5583,2227,2066.5,49.96,83.77
2023-07,2023,7,39,หนองบัวลำภู,Nong Bua Lam Phu,ภาคตะวันออกเฉียงเหนือ,81028,4330,85358,151.14,15.17,166.31,43.8,5415,2371,1948.38,44.02,64.39
2023-08,2023,8,39,หนองบัวลำภู,Nong Bua Lam Phu,ภาคตะวันออกเฉียงเหนือ,88332,4554,92886,174.49,16.58,191.07,46.0,5532,2544,2057.04,43.23,64.36
2023-09,2023,9,39,หนองบัวลำภู,Nong Bua Lam Phu,ภาคตะวันออกเฉียงเหนือ,75758,3797,79555,144.74,13.87,158.61,38.1,5418,2064,1993.72,41.93,60.85
2023-10,2023,10,39,หนองบัวลำภู,Nong Bua Lam Phu,ภาคตะวันออกเฉียงเหนือ,75126,3707,78833,141.29,13.31,154.61,42.4,5517,2339,1961.23,36.51,50.41
2023-11,2023,11,39,หนองบัวลำภู,Nong Bua Lam Phu,ภาคตะวันออกเฉียงเหนือ,99991,5410,105401,195.31,19.92,215.23,53.6,5575,2988,2042.01,37.29,63.52
2023-12,2023,12,39,หนองบัวลำภู,Nong Bua Lam Phu,ภาคตะวันออกเฉียงเหนือ,123198,6289,129487,232.42,21.98,254.4,64.9,5569,3614,1964.68,51.56,69.97
2024-01,2024,1,39,หนองบัวลำภู,Nong Bua Lam Phu,ภาคตะวันออกเฉียงเหนือ,141103,9545,150648,308.48,37.62,346.11,64.6,5435,3511,2297.47,21.38,38.54
2024-02,2024,2,39,หนองบัวลำภู,Nong Bua Lam Phu,ภาคตะวันออกเฉียงเหนือ,128498,8776,137274,267.65,34.75,302.4,62.4,5576,3479,2202.89,17.98,31.62
2024-03,2024,3,39,หนองบัวลำภู,Nong Bua Lam Phu,ภาคตะวันออกเฉียงเหนือ,116921,7409,124330,253.19,28.88,282.08,54.2,5437,2946,2268.8,16.23,28.05
2024-04,2024,4,39,หนองบัวลำภู,Nong Bua Lam Phu,ภาคตะวันออกเฉียงเหนือ,132446,9093,141539,269.16,36.63,305.79,59.4,5562,3303,2160.46,33.06,46.96
2024-05,2024,5,39,หนองบัวลำภู,Nong Bua Lam Phu,ภาคตะวันออกเฉียงเหนือ,97482,6413,103895,209.63,25.73,235.36,46.3,5494,2543,2265.36,25.59,44.42
2024-06,2024,6,39,หนองบัวลำภู,Nong Bua Lam Phu,ภาคตะวันออกเฉียงเหนือ,91541,6388,97929,195.82,25.78,221.6,43.9,5584,2451,2262.86,16.46,27.52
2024-07,2024,7,39,หนองบัวลำภู,Nong Bua Lam Phu,ภาคตะวันออกเฉียงเหนือ,95975,6175,102150,197.03,25.07,222.1,49.1,5603,2751,2174.25,19.67,33.55
2024-08,2024,8,39,หนองบัวลำภู,Nong Bua Lam Phu,ภาคตะวันออกเฉียงเหนือ,100596,6379,106975,212.72,25.61,238.33,49.1,5470,2685,2227.9,15.17,24.73
2024-09,2024,9,39,หนองบัวลำภู,Nong Bua Lam Phu,ภาคตะวันออกเฉียงเหนือ,84099,5504,89603,173.42,22.4,195.82,41.2,5432,2237,2185.42,12.63,23.46
2024-10,2024,10,39,หนองบัวลำภู,Nong Bua Lam Phu,ภาคตะวันออกเฉียงเหนือ,94802,6615,101417,193.06,26.54,219.6,45.6,5590,2549,2165.32,28.65,42.03
2024-11,2024,11,39,หนองบัวลำภู,Nong Bua Lam Phu,ภาคตะวันออกเฉียงเหนือ,120059,8078,128137,261.1,32.67,293.77,59.0,5469,3226,2292.62,21.57,36.49
2024-12,2024,12,39,หนองบัวลำภู,Nong Bua Lam Phu,ภาคตะวันออกเฉียงเหนือ,140781,9437,150218,294.57,37.76,332.33,71.8,5419,3890,2212.32,16.01,30.63
2019-01,2019,1,40,ขอนแก่น,Khon Kaen,ภาคตะวันออกเฉียงเหนือ,364947,19794,384741,744.38,76.97,821.36,70.2,16140,11330,2134.84,0.0,0.0
2019-02,2019,2,40,ขอนแก่น,Khon Kaen,ภาคตะวันออกเฉียงเหนือ,340033,17931,357964,706.84,66.93,773.77,66.1,16115,10652,2161.59,0.0,0.0
2019-03,2019,3,40,ขอนแก่น,Khon Kaen,ภาคตะวันออกเฉียงเหนือ,302989,16635,319624,634.38,64.74,699.12,60.1,16045,9643,2187.32,0.0,0.0
2019-04,2019,4,40,ขอนแก่น,Khon Kaen,ภาคตะวันออกเฉียงเหนือ,343459,17832,361291,689.43,65.74,755.18,65.0,16303,10596,2090.23,0.0,0.0
2019-05,2019,5,40,ขอนแก่น,Khon Kaen,ภาคตะวันออกเฉียงเหนือ,254152,12934,267086,534.3,50.32,584.62,50.2,16118,8091,2188.88,0.0,0.0
2019-06,2019,6,40,ขอนแก่น,Khon Kaen,ภาคตะวันออกเฉียงเหนือ,262500,13148,275648,522.97,49.65,572.62,45.2,16261,7349,2077.36,0.0,0.0
2019-07,2019,7,40,ขอนแก่น,Khon Kaen,ภาคตะวันออกเฉียงเหนือ,272253,13618,285871,552.13,52.84,604.97,51.7,15791,8163,2116.23,0.0,0.0
2019-08,2019,8,40,ขอนแก่น,Khon Kaen,ภาคตะวันออกเฉียงเหนือ,296762,15269,312031,583.56,60.41,643.98,52.3,16254,8500,2063.83,0.0,0.0
2019-09,2019,9,40,ขอนแก่น,Khon Kaen,ภาคตะวันออกเฉียงเหนือ,249724,13447,263171,510.56,53.41,563.97,43.0,15713,6756,2142.98,0.0,0.0
2019-10,2019,10,40,ขอนแก่น,Khon Kaen,ภาคตะวันออกเฉียงเหนือ,266806,14764,281570,551.35,55.45,606.8,48.5,16265,7888,2155.06,0.0,0.0
2019-11,2019,11,40,ขอนแก่น,Khon Kaen,ภาคตะวันออกเฉียงเหนือ,334748,16706,351454,700.66,65.08,765.74,61.4,15782,9690,2178.78,0.0,0.0
2019-12,2019,12,40,ขอนแก่น,Khon Kaen,ภาคตะวันออกเฉียงเหนือ,400930,22082,423012,808.23,81.73,889.96,75.5,15933,12029,2103.86,0.0,0.0
2020-01,2020,1,40,ขอนแก่น,Khon Kaen,ภาคตะวันออกเฉียงเหนือ,150235,1821,152056,257.18,6.0,263.18,30.0,15958,4787,1730.81,-60.48,-67.96
2020-02,2020,2,40,ขอนแก่น,Khon Kaen,ภาคตะวันออกเฉียงเหนือ,149209,1892,151101,253.22,6.1,259.33,27.0,15851,4279,1716.27,-57.79,-66.48
2020-03,2020,3,40,ขอนแก่น,Khon Kaen,ภาคตะวันออกเฉียงเหนือ,129603,1557,131160,218.7,5.26,223.96,24.3,15848,3851,1707.53,-58.96,-67.97
2020-04,2020,4,40,ขอนแก่น,Khon Kaen,ภาคตะวันออกเฉียงเหนือ,133898,1777,135675,237.63,5.85,243.48,26.4,15797,4170,1794.58,-62.45,-67.76
2020-05,2020,5,40,ขอนแก่น,Khon Kaen,ภาคตะวันออกเฉียงเหนือ,110532,1398,111930,195.55,4.49,200.05,20.3,15928,3233,1787.28,-58.09,-65.78
2020-06,2020,6,40,ขอนแก่น,Khon Kaen,ภาคตะวันออกเฉียงเหนือ,97642,1224,98866,171.7,3.87,175.57,19.5,16141,3147,1775.84,-64.13,-69.34
2020-07,2020,7,40,ขอนแก่น,Khon Kaen,ภาคตะวันออกเฉียงเหนือ,108159,1318,109477,190.13,4.26,194.39,22.0,16019,3524,1775.62,-61.7,-67.87
2020-08,2020,8,40,ขอนแก่น,Khon Kaen,ภาคตะวันออกเฉียงเหนือ,116896,1438,118334,202.89,4.6,207.49,22.1,15787,3488,1753.43,-62.08,-67.78
2020-09,2020,9,40,ขอนแก่น,Khon Kaen,ภาคตะวันออกเฉียงเหนือ,97608,1227,98835,170.47,4.14,174.62,18.5,16221,3000,1766.78,-62.44,-69.04
2020-10,2020,10,40,ขอนแก่น,Khon Kaen,ภาคตะวันออกเฉียงเหนือ,107438,1293,108731,178.88,4.14,183.03,20.1,16146,3245,1683.33,-61.38,-69.84
2020-11,2020,11,40,ขอนแก่น,Khon Kaen,ภาคตะวันออกเฉียงเหนือ,141633,1755,143388,251.23,5.69,256.92,26.4,16030,4231,1791.78,-59.2,-66.45
2020-12,2020,12,40,ขอนแก่น,Khon Kaen,ภาคตะวันออกเฉียงเหนือ,149896,1934,151830,267.12,6.48,273.6,31.4,16290,5115,1802.02,-64.11,-69.26
2021-01,2021,1,40,ขอนแก่น,Khon Kaen,ภาคตะวันออกเฉียงเหนือ,99044,497,99541,162.59,1.48,164.06,21.4,15914,3405,1648.17,-34.54,-37.66
2021-02,2021,2,40,ขอนแก่น,Khon Kaen,ภาคตะวันออกเฉียงเหนือ,99122,506,99628,157.95,1.56,159.51,20.1,16194,3254,1601.06,-34.07,-38.49
2021-03,2021,3,40,ขอนแก่น,Khon Kaen,ภาคตะวันออกเฉียงเหนือ,85804,431,86235,134.93,1.36,136.29,17.4,16114,2803,1580.45,-34.25,-39.15
2021-04,2021,4,40,ขอนแก่น,Khon Kaen,ภาคตะวันออกเฉียงเหนือ,99710,501,100211,162.38,1.6,163.98,19.7,15761,3104,1636.35,-26.14,-32.65
2021-05,2021,5,40,ขอนแก่น,Khon Kaen,ภาคตะวันออกเฉียงเหนือ,72606,376,72982,115.74,1.18,116.91,15.2,15718,2389,1601.9,-34.8,-41.56
2021-06,2021,6,40,ขอนแก่น,Khon Kaen,ภาคตะวันออกเฉียงเหนือ,71255,370,71625,116.48,1.14,117.62,15.0,16276,2441,1642.16,-27.55,-33.01
2021-07,2021,7,40,ขอนแก่น,Khon Kaen,ภาคตะวันออกเฉียงเหนือ,75464,379,75843,123.67,1.14,124.81,15.9,15727,2500,1645.64,-30.72,-35.79
2021-08,2021,8,40,ขอนแก่น,Khon Kaen,ภาคตะวันออกเฉียงเหนือ,75768,380,76148,121.05,1.12,122.18,16.2,15833,2564,1604.51,-35.65,-41.12
2021-09,2021,9,40,ขอนแก่น,Khon Kaen,ภาคตะวันออกเฉียงเหนือ,63781,320,64101,108.24,0.97,109.21,15.0,16245,2436,1703.72,-35.14,-37.46
2021-10,2021,10,40,ขอนแก่น,Khon Kaen,ภาคตะวันออกเฉียงเหนือ,74568,383,74951,126.39,1.14,127.52,15.0,16224,2433,1701.38,-31.07,-30.33
2021-11,2021,11,40,ขอนแก่น,Khon Kaen,ภาคตะวันออกเฉียงเหนือ,92519,480,92999,146.65,1.43,148.08,19.4,16056,3114,1592.28,-35.14,-42.36
2021-12,2021,12,40,ขอนแก่น,Khon Kaen,ภาคตะวันออกเฉียงเหนือ,109006,553,109559,184.08,1.7,185.78,21.8,15855,3456,1695.71,-27.84,-32.1
2022-01,2022,1,40,ขอนแก่น,Khon Kaen,ภาคตะวันออกเฉียงเหนือ,229489,5910,235399,427.28,21.12,448.4,47.4,15909,7540,1904.85,136.48,173.31
2022-02,2022,2,40,ขอนแก่น,Khon Kaen,ภาคตะวันออกเฉียงเหนือ,230682,5431,236113,453.73,19.97,473.7,44.2,15932,7041,2006.24,136.99,196.97
2022-03,2022,3,40,ขอนแก่น,Khon Kaen,ภาคตะวันออกเฉียงเหนือ,206573,4992,211565,407.28,18.7,425.98,39.6,16149,6395,2013.47,145.34,212.55
2022-04,2022,4,40,ขอนแก่น,Khon Kaen,ภาคตะวันออกเฉียงเหนือ,214349,5352,219701,418.18,19.05,437.23,44.3,16318,7228,1990.11,119.24,166.64
2022-05,2022,5,40,ขอนแก่น,Khon Kaen,ภาคตะวันออกเฉียงเหนือ,173201,4049,177250,335.43,14.9,350.33,32.9,16317,5368,1976.47,142.87,199.66
2022-06,2022,6,40,ขอนแก่น,Khon Kaen,ภาคตะวันออกเฉียงเหนือ,158169,3820,161989,314.44,13.83,328.27,31.4,16318,5123,2026.5,126.16,179.09
2022-07,2022,7,40,ขอนแก่น,Khon Kaen,ภาคตะวันออกเฉียงเหนือ,187787,4620,192407,362.45,16.82,379.27,34.7,16021,5559,1971.19,153.69,203.88
2022-08,2022,8,40,ขอนแก่น,Khon Kaen,ภาคตะวันออกเฉียงเหนือ,183337,4536,187873,346.5,16.96,363.46,37.0,16164,5980,1934.6,146.72,197.48
2022-09,2022,9,40,ขอนแก่น,Khon Kaen,ภาคตะวันออกเฉียงเหนือ,155880,3671,159551,290.25,13.38,303.63,30.5,16161,4929,1903.03,148.91,178.02
2022-10,2022,10,40,ขอนแก่น,Khon Kaen,ภาคตะวันออกเฉียงเหนือ,174567,4212,178779,346.77,15.93,362.7,33.4,15689,5240,2028.76,138.53,184.43
2022-11,2022,11,40,ขอนแก่น,Khon Kaen,ภาคตะวันออกเฉียงเหนือ,216181,5325,221506,427.97,19.57,447.54,41.6,16177,6729,2020.44,138.18,202.23
2022-12,2022,12,40,ขอนแก่น,Khon Kaen,ภาคตะวันออกเฉียงเหนือ,270083,6438,276521,537.74,23.87,561.61,50.4,15886,8006,2030.98,152.39,202.3
2023-01,2023,1,40,ขอนแก่น,Khon Kaen,ภาคตะวันออกเฉียงเหนือ,346569,15243,361812,745.54,61.03,806.57,64.1,16123,10334,2229.25,53.7,79.88
2023-02,2023,2,40,ขอนแก่น,Khon Kaen,ภาคตะวันออกเฉียงเหนือ,333033,14220,347253,706.81,57.68,764.48,59.4,15817,9395,2201.51,47.07,61.38
2023-03,2023,3,40,ขอนแก่น,Khon Kaen,ภาคตะวันออกเฉียงเหนือ,272564,12098,284662,586.74,51.08,637.81,52.7,15966,8414,2240.59,34.55,49.73
2023-04,2023,4,40,ขอนแก่น,Khon Kaen,ภาคตะวันออกเฉียงเหนือ,327890,14152,342042,731.16,59.72,790.88,56.1,16060,9009,2312.23,55.69,80.88
2023-05,2023,5,40,ขอนแก่น,Khon Kaen,ภาคตะวันออกเฉียงเหนือ,242346,10782,253128,547.94,45.34,593.28,44.0,15724,6918,2343.79,42.81,69.35
2023-06,2023,6,40,ขอนแก่น,Khon Kaen,ภาคตะวันออกเฉียงเหนือ,217307,9069,226376,474.72,38.67,513.38,41.4,15774,6530,2267.82,39.75,56.39
2023-07,2023,7,40,ขอนแก่น,Khon Kaen,ภาคตะวันออกเฉียงเหนือ,247832,10484,258316,565.81,44.25,610.06,46.6,15794,7360,2361.68,34.25,60.85
2023-08,2023,8,40,ขอนแก่น,Khon Kaen,ภาคตะวันออกเฉียงเหนือ,270928,11726,282654,606.04,48.16,654.21,47.8,15688,7498,2314.53,50.45,80.0
2023-09,2023,9,40,ขอนแก่น,Khon Kaen,ภาคตะวันออกเฉียงเหนือ,208878,9115,217993,443.95,37.52,481.47,39.4,16002,6304,2208.65,36.63,58.57
2023-10,2023,10,40,ขอนแก่น,Khon Kaen,ภาคตะวันออกเฉียงเหนือ,226122,9873,235995,483.53,40.54,524.07,42.2,16091,6790,2220.68,32.0,44.49
2023-11,2023,11,40,ขอนแก่น,Khon Kaen,ภาคตะวันออกเฉียงเหนือ,310503,12975,323478,680.28,54.24,734.52,54.2,16196,8778,2270.7,46.04,64.12
2023-12,2023,12,40,ขอนแก่น,Khon Kaen,ภาคตะวันออกเฉียงเหนือ,359725,15325,375050,790.41,64.3,854.71,66.4,15876,10541,2278.92,35.63,52.19
2024-01,2024,1,40,ขอนแก่น,Khon Kaen,ภาคตะวันออกเฉียงเหนือ,394884,21041,415925,915.55,96.3,1011.85,67.3,15867,10678,2432.77,14.96,25.45
2024-02,2024,2,40,ขอนแก่น,Khon Kaen,ภาคตะวันออกเฉียงเหนือ,401484,22327,423811,928.91,103.54,1032.46,66.2,16290,10783,2436.13,22.05,35.05
2024-03,2024,3,40,ขอนแก่น,Khon Kaen,ภาคตะวันออกเฉียงเหนือ,333948,18980,352928,835.85,84.32,920.17,57.1,15927,9094,2607.25,23.98,44.27
2024-04,2024,4,40,ขอนแก่น,Khon Kaen,ภาคตะวันออกเฉียงเหนือ,357326,18628,375954,887.05,87.18,974.23,62.0,16179,10030,2591.35,9.91,23.18
2024-05,2024,5,40,ขอนแก่น,Khon Kaen,ภาคตะวันออกเฉียงเหนือ,288510,16455,304965,667.97,76.3,744.26,47.2,16225,7658,2440.48,20.48,25.45
2024-06,2024,6,40,ขอนแก่น,Khon Kaen,ภาคตะวันออกเฉียงเหนือ,257515,13827,271342,606.44,63.86,670.3,46.1,16022,7386,2470.31,19.86,30.57
2024-07,2024,7,40,ขอนแก่น,Khon Kaen,ภาคตะวันออกเฉียงเหนือ,297158,15763,312921,733.83,70.4,804.23,50.0,16143,8071,2570.07,21.14,31.83
2024-08,2024,8,40,ขอนแก่น,Khon Kaen,ภาคตะวันออกเฉียงเหนือ,293976,15838,309814,718.04,74.36,792.39,50.6,15841,8015,2557.63,9.61,21.12
2024-09,2024,9,40,ขอนแก่น,Khon Kaen,ภาคตะวันออกเฉียงเหนือ,263407,14308,277715,643.81,63.34,707.15,42.2,16283,6871,2546.32,27.4,46.87
2024-10,2024,10,40,ขอนแก่น,Khon Kaen,ภาคตะวันออกเฉียงเหนือ,260642,13795,274437,647.19,64.08,711.27,47.8,16314,7798,2591.74,16.29,35.72
2024-11,2024,11,40,ขอนแก่น,Khon Kaen,ภาคตะวันออกเฉียงเหนือ,357471,19243,376714,890.29,88.27,978.56,60.1,16038,9638,2597.62,16.46,33.22
2024-12,2024,12,40,ขอนแก่น,Khon Kaen,ภาคตะวันออกเฉียงเหนือ,419089,22819,441908,1001.35,104.48,1105.83,70.7,16286,11514,2502.4,17.83,29.38
2019-01,2019,1,41,อุดรธานี,Udon Thani,ภาคตะวันออกเฉียงเหนือ,124642,8377,133019,225.16,29.22,254.38,66.3,5539,3672,1912.36,0.0,0.0
2019-02,2019,2,41,อุดรธานี,Udon Thani,ภาคตะวันออกเฉียงเหนือ,115607,7054,122661,199.29,24.11,223.41,62.1,5392,3348,1821.36,0.0,0.0
2019-03,2019,3,41,อุดรธานี,Udon Thani,ภาคตะวันออกเฉียงเหนือ,108845,6896,115741,193.27,22.83,216.1,57.6,5522,3180,1867.1,0.0,0.0
2019-04,2019,4,41,อุดรธานี,Udon Thani,ภาคตะวันออกเฉียงเหนือ,124239,7529,131768,226.79,26.1,252.89,63.1,5490,3464,1919.21,0.0,0.0
2019-05,2019,5,41,อุดรธานี,Udon Thani,ภาคตะวันออกเฉียงเหนือ,86855,5419,92274,151.93,17.93,169.87,47.6,5507,2621,1840.93,0.0,0.0
2019-06,2019,6,41,อุดรธานี,Udon Thani,ภาคตะวันออกเฉียงเหนือ,84481,5373,89854,146.63,18.43,165.06,44.2,5484,2423,1836.98,0.0,0.0
2019-07,2019,7,41,อุดรธานี,Udon Thani,ภาคตะวันออกเฉียงเหนือ,92701,6020,98721,159.52,20.98,180.5,50.8,5516,2802,1828.39,0.0,0.0
2019-08,2019,8,41,อุดรธานี,Udon Thani,ภาคตะวันออกเฉียงเหนือ,95526,5916,101442,175.41,19.3,194.71,51.3,5538,2840,1919.42,0.0,0.0
2019-09,2019,9,41,อุดรธานี,Udon Thani,ภาคตะวันออกเฉียงเหนือ,83040,5087,88127,148.61,16.82,165.43,42.3,5522,2335,1877.18,0.0,0.0
2019-10,2019,10,41,อุดรธานี,Udon Thani,ภาคตะวันออกเฉียงเหนือ,85121,5578,90699,149.2,18.84,168.05,46.4,5463,2534,1852.83,0.0,0.0
2019-11,2019,11,41,อุดรธานี,Udon Thani,ภาคตะวันออกเฉียงเหนือ,119750,7738,127488,215.85,25.05,240.9,59.8,5471,3271,1889.59,0.0,0.0
2019-12,2019,12,41,อุดรธานี,Udon Thani,ภาคตะวันออกเฉียงเหนือ,131624,8334,139958,242.76,27.75,270.5,72.4,5501,3982,1932.72,0.0,0.0
2020-01,2020,1,41,อุดรธานี,Udon Thani,ภาคตะวันออกเฉียงเหนือ,49593,731,50324,73.83,2.13,75.97,28.8,5435,1565,1509.62,-62.17,-70.14
2020-02,2020,2,41,อุดรธานี,Udon Thani,ภาคตะวันออกเฉียงเหนือ,49480,756,50236,74.45,2.24,76.69,27.1,5497,1489,1526.59,-59.04,-65.67
2020-03,2020,3,41,อุดรธานี,Udon Thani,ภาคตะวันออกเฉียงเหนือ,40857,598,41455,61.07,1.77,62.85,23.3,5413,1261,1516.1,-64.18,-70.92
2020-04,2020,4,41,อุดรธานี,Udon Thani,ภาคตะวันออกเฉียงเหนือ,48853,707,49560,71.24,2.07,73.31,26.3,5470,1438,1479.22,-62.39,-71.01
2020-05,2020,5,41,อุดรธานี,Udon Thani,ภาคตะวันออกเฉียงเหนือ,37810,588,38398,56.06,1.67,57.72,19.8,5452,1079,1503.2,-58.39,-66.02
2020-06,2020,6,41,อุดรธานี,Udon Thani,ภาคตะวันออกเฉียงเหนือ,34714,501,35215,53.99,1.48,55.48,19.0,5393,1024,1575.47,-60.81,-66.39
2020-07,2020,7,41,อุดรธานี,Udon Thani,ภาคตะวันออกเฉียงเหนือ,38305,565,38870,56.55,1.59,58.13,20.6,5439,1120,1495.5,-60.63,-67.8
2020-08,2020,8,41,อุดรธานี,Udon Thani,ภาคตะวันออกเฉียงเหนือ,38029,551,38580,57.66,1.6,59.26,21.0,5427,1139,1536.03,-61.97,-69.56
2020-09,2020,9,41,อุดรธานี,Udon Thani,ภาคตะวันออกเฉียงเหนือ,31338,470,31808,49.07,1.39,50.46,18.2,5588,1017,1586.39,-63.91,-69.5
2020-10,2020,10,41,อุดรธานี,Udon Thani,ภาคตะวันออกเฉียงเหนือ,36653,583,37236,54.52,1.68,56.2,20.0,5560,1112,1509.29,-58.95,-66.56
2020-11,2020,11,41,อุดรธานี,Udon Thani,ภาคตะวันออกเฉียงเหนือ,43649,657,44306,68.87,1.84,70.71,25.1,5584,1401,1595.95,-65.25,-70.65
2020-12,2020,12,41,อุดรธานี,Udon Thani,ภาคตะวันออกเฉียงเหนือ,54385,863,55248,84.81,2.56,87.36,29.6,5433,1608,1581.23,-60.53,-67.7
2021-01,2021,1,41,อุดรธานี,Udon Thani,ภาคตะวันออกเฉียงเหนือ,37575,225,37800,53.51,0.59,54.1,20.5,5573,1142,1431.22,-24.89,-28.79
2021-02,2021,2,41,อุดรธานี,Udon Thani,ภาคตะวันออกเฉียงเหนือ,33759,203,33962,46.6,0.53,47.13,18.9,5458,1031,1387.73,-32.4,-38.54
2021-03,2021,3,41,อุดรธานี,Udon Thani,ภาคตะวันออกเฉียงเหนือ,30085,180,30265,41.92,0.49,42.41,16.9,5500,929,1401.29,-26.99,-32.52
2021-04,2021,4,41,อุดรธานี,Udon Thani,ภาคตะวันออกเฉียงเหนือ,32289,190,32479,44.72,0.5,45.22,19.0,5392,1024,1392.28,-34.47,-38.32
2021-05,2021,5,41,อุดรธานี,Udon Thani,ภาคตะวันออกเฉียงเหนือ,26215,155,26370,37.2,0.42,37.62,15.0,5468,820,1426.62,-31.32,-34.82
2021-06,2021,6,41,อุดรธานี,Udon Thani,ภาคตะวันออกเฉียงเหนือ,24629,143,24772,35.67,0.37,36.04,15.0,5394,809,1454.87,-29.65,-35.04
2021-07,2021,7,41,อุดรธานี,Udon Thani,ภาคตะวันออกเฉียงเหนือ,25480,149,25629,36.03,0.39,36.42,15.2,5590,849,1421.05,-34.06,-37.35
2021-08,2021,8,41,อุดรธานี,Udon Thani,ภาคตะวันออกเฉียงเหนือ,27753,163,27916,41.16,0.43,41.6,15.2,5472,831,1490.18,-27.64,-29.8
2021-09,2021,9,41,อุดรธานี,Udon Thani,ภาคตะวันออกเฉียงเหนือ,23339,138,23477,32.62,0.36,32.98,15.0,5539,830,1404.78,-26.19,-34.64
2021-10,2021,10,41,อุดรธานี,Udon Thani,ภาคตะวันออกเฉียงเหนือ,23123,139,23262,33.13,0.38,33.51,15.0,5569,835,1440.55,-37.53,-40.37
2021-11,2021,11,41,อุดรธานี,Udon Thani,ภาคตะวันออกเฉียงเหนือ,31877,192,32069,46.32,0.5,46.82,17.7,5516,976,1459.98,-27.62,-33.79
2021-12,2021,12,41,อุดรธานี,Udon Thani,ภาคตะวันออกเฉียงเหนือ,39431,227,39658,57.13,0.62,57.74,21.4,5542,1185,1455.95,-28.22,-33.91
2022-01,2022,1,41,อุดรธานี,Udon Thani,ภาคตะวันออกเฉียงเหนือ,83110,2539,85649,139.82,8.33,148.15,45.7,5422,2477,1729.73,126.58,173.84
2022-02,2022,2,41,อุดรธานี,Udon Thani,ภาคตะวันออกเฉียงเหนือ,79112,2315,81427,130.22,7.32,137.53,44.5,5555,2471,1689.0,139.76,191.81
2022-03,2022,3,41,อุดรธานี,Udon Thani,ภาคตะวันออกเฉียงเหนือ,73312,2083,75395,123.95,6.55,130.5,38.6,5509,2126,1730.88,149.12,207.71
2022-04,2022,4,41,อุดรธานี,Udon Thani,ภาคตะวันออกเฉียงเหนือ,71967,2044,74011,121.05,6.3,127.35,43.0,5575,2397,1720.69,127.87,181.62
2022-05,2022,5,41,อุดรธานี,Udon Thani,ภาคตะวันออกเฉียงเหนือ,61103,1773,62876,102.09,5.68,107.77,32.8,5594,1834,1714.01,138.44,186.47
2022-06,2022,6,41,อุดรธานี,Udon Thani,ภาคตะวันออกเฉียงเหนือ,56221,1628,57849,94.09,5.1,99.18,30.7,5396,1656,1714.46,133.53,175.19
2022-07,2022,7,41,อุดรธานี,Udon Thani,ภาคตะวันออกเฉียงเหนือ,60673,1713,62386,100.52,5.36,105.89,34.5,5521,1904,1697.34,143.42,190.75
2022-08,2022,8,41,อุดรธานี,Udon Thani,ภาคตะวันออกเฉียงเหนือ,64685,1836,66521,110.51,5.64,116.15,35.6,5518,1964,1746.07,138.29,179.21
2022-09,2022,9,41,อุดรธานี,Udon Thani,ภาคตะวันออกเฉียงเหนือ,49572,1446,51018,85.85,4.49,90.34,27.9,5574,1555,1770.75,117.31,173.92
2022-10,2022,10,41,อุดรธานี,Udon Thani,ภาคตะวันออกเฉียงเหนือ,60019,1830,61849,98.37,5.97,104.34,31.1,5601,1741,1687.01,165.88,211.37
2022-11,2022,11,41,อุดรธานี,Udon Thani,ภาคตะวันออกเฉียงเหนือ,74709,2254,76963,125.77,7.1,132.86,40.5,5605,2270,1726.28,139.99,183.77
2022-12,2022,12,41,อุดรธานี,Udon Thani,ภาคตะวันออกเฉียงเหนือ,87203,2589,89792,152.96,8.2,161.16,49.2,5443,2677,1794.81,126.42,179.11
2023-01,2023,1,41,อุดรธานี,Udon Thani,ภาคตะวันออกเฉียงเหนือ,115975,5917,121892,221.24,20.69,241.92,60.1,5436,3267,1984.71,42.32,63.29
2023-02,2023,2,41,อุดรธานี,Udon Thani,ภาคตะวันออกเฉียงเหนือ,114964,5970,120934,224.42,21.3,245.72,55.9,5570,3113,2031.85,48.52,78.67
2023-03,2023,3,41,อุดรธานี,Udon Thani,ภาคตะวันออกเฉียงเหนือ,92665,4811,97476,172.87,17.15,190.02,50.4,5519,2781,1949.4,29.29,45.61
2023-04,2023,4,41,อุดรธานี,Udon Thani,ภาคตะวันออกเฉียงเหนือ,101214,5182,106396,196.04,18.91,214.95,54.0,5397,2914,2020.28,43.76,68.79
2023-05,2023,5,41,อุดรธานี,Udon Thani,ภาคตะวันออกเฉียงเหนือ,77088,4011,81099,145.29,14.35,159.64,42.2,5536,2336,1968.46,28.98,48.13
2023-06,2023,6,41,อุดรธานี,Udon Thani,ภาคตะวันออกเฉียงเหนือ,77768,4044,81812,149.86,14.4,164.26,39.9,5392,2151,2007.77,41.42,65.62
2023-07,2023,7,41,อุดรธานี,Udon Thani,ภาคตะวันออกเฉียงเหนือ,89150,4560,93710,170.79,16.51,187.3,43.6,5586,2435,1998.72,50.21,76.88
2023-08,2023,8,41,อุดรธานี,Udon Thani,ภาคตะวันออกเฉียงเหนือ,86983,4616,91599,171.44,16.75,188.19,45.5,5606,2550,2054.5,37.7,62.02
2023-09,2023,9,41,อุดรธานี,Udon Thani,ภาคตะวันออกเฉียงเหนือ,67540,3536,71076,126.15,13.26,139.41,37.7,5550,2092,1961.42,39.32,54.32
2023-10,2023,10,41,อุดรธานี,Udon Thani,ภาคตะวันออกเฉียงเหนือ,74984,3787,78771,141.1,13.42,154.52,41.8,5571,2328,1961.64,27.36,48.09
2023-11,2023,11,41,อุดรธานี,Udon Thani,ภาคตะวันออกเฉียงเหนือ,98412,5097,103509,187.32,18.25,205.58,53.8,5609,3017,1986.11,34.49,54.73
2023-12,2023,12,41,อุดรธานี,Udon Thani,ภาคตะวันออกเฉียงเหนือ,126292,6674,132966,249.91,23.89,273.8,63.4,5428,3441,2059.17,48.08,69.89
2024-01,2024,1,41,อุดรธานี,Udon Thani,ภาคตะวันออกเฉียงเหนือ,139312,9644,148956,285.97,39.15,325.12,66.4,5396,3582,2182.66,22.2,34.39
2024-02,2024,2,41,อุดรธานี,Udon Thani,ภาคตะวันออกเฉียงเหนือ,129947,8882,138829,269.03,35.25,304.28,63.8,5521,3522,2191.76,14.8,23.83
2024-03,2024,3,41,อุดรธานี,Udon Thani,ภาคตะวันออกเฉียงเหนือ,109454,7424,116878,232.92,28.83,261.75,54.6,5475,2989,2239.51,19.9,37.75
2024-04,2024,4,41,อุดรธานี,Udon Thani,ภาคตะวันออกเฉียงเหนือ,119073,7743,126816,256.08,31.0,287.09,59.1,5461,3227,2263.83,19.19,33.56
2024-05,2024,5,41,อุดรธานี,Udon Thani,ภาคตะวันออกเฉียงเหนือ,100133,6585,106718,217.76,26.28,244.04,47.7,5562,2653,2286.77,31.59,52.87
2024-06,2024,6,41,อุดรธานี,Udon Thani,ภาคตะวันออกเฉียงเหนือ,87335,5983,93318,190.77,23.37,214.14,44.7,5536,2474,2294.73,14.06,30.37
2024-07,2024,7,41,อุดรธานี,Udon Thani,ภาคตะวันออกเฉียงเหนือ,103925,6917,110842,215.69,28.05,243.74,48.7,5541,2698,2198.99,18.28,30.13
2024-08,2024,8,41,อุดรธานี,Udon Thani,ภาคตะวันออกเฉียงเหนือ,97616,6645,104261,213.73,26.28,240.02,51.0,5503,2806,2302.11,13.82,27.54
2024-09,2024,9,41,อุดรธานี,Udon Thani,ภาคตะวันออกเฉียงเหนือ,83827,5676,89503,180.9,22.23,203.13,42.3,5563,2353,2269.53,25.93,45.71
2024-10,2024,10,41,อุดรธานี,Udon Thani,ภาคตะวันออกเฉียงเหนือ,89369,5976,95345,191.29,24.04,215.33,46.3,5591,2588,2258.43,21.04,39.35
2024-11,2024,11,41,อุดรธานี,Udon Thani,ภาคตะวันออกเฉียงเหนือ,128627,8196,136823,278.84,32.48,311.32,60.7,5503,3340,2275.35,32.18,51.43
2024-12,2024,12,41,อุดรธานี,Udon Thani,ภาคตะวันออกเฉียงเหนือ,143005,9357,152362,294.38,36.94,331.32,68.2,5422,3697,2174.56,14.59,21.01
2019-01,2019,1,42,เลย,Loei,ภาคตะวันออกเฉียงเหนือ,148281,5876,154157,364.42,26.74,391.16,76.7,6559,5030,2537.41,0.0,0.0
2019-02,2019,2,42,เลย,Loei,ภาคตะวันออกเฉียงเหนือ,155178,6625,161803,376.29,30.38,406.67,70.2,6571,4612,2513.37,0.0,0.0
2019-03,2019,3,42,เลย,Loei,ภาคตะวันออกเฉียงเหนือ,137245,5684,142929,341.86,26.6,368.46,63.3,6552,4147,2577.92,0.0,0.0
2019-04,2019,4,42,เลย,Loei,ภาคตะวันออกเฉียงเหนือ,141880,5790,147670,342.13,25.93,368.06,68.0,6495,4416,2492.45,0.0,0.0
2019-05,2019,5,42,เลย,Loei,ภาคตะวันออกเฉียงเหนือ,108004,4431,112435,272.39,21.1,293.49,52.2,6607,3448,2610.31,0.0,0.0
2019-06,2019,6,42,เลย,Loei,ภาคตะวันออกเฉียงเหนือ,103310,4529,107839,252.58,21.47,274.05,50.2,6414,3219,2541.29,0.0,0.0
2019-07,2019,7,42,เลย,Loei,ภาคตะวันออกเฉียงเหนือ,115697,4820,120517,275.84,21.59,297.43,55.5,6458,3584,2467.95,0.0,0.0
2019-08,2019,8,42,เลย,Loei,ภาคตะวันออกเฉียงเหนือ,114724,4908,119632,278.55,23.25,301.8,56.7,6424,3642,2522.74,0.0,0.0
2019-09,2019,9,42,เลย,Loei,ภาคตะวันออกเฉียงเหนือ,93492,3846,97338,239.12,18.01,257.13,47.4,6609,3132,2641.62,0.0,0.0
2019-10,2019,10,42,เลย,Loei,ภาคตะวันออกเฉียงเหนือ,108174,4690,112864,269.46,21.88,291.34,51.7,6383,3300,2581.34,0.0,0.0
2019-11,2019,11,42,เลย,Loei,ภาคตะวันออกเฉียงเหนือ,144113,6199,150312,367.95,28.53,396.48,66.8,6570,4388,2637.71,0.0,0.0
2019-12,2019,12,42,เลย,Loei,ภาคตะวันออกเฉียงเหนือ,174415,7241,181656,421.76,32.41,454.17,78.9,6410,5057,2500.17,0.0,0.0
2020-01,2020,1,42,เลย,Loei,ภาคตะวันออกเฉียงเหนือ,59826,602,60428,129.68,2.46,132.14,30.9,6463,1997,2186.73,-60.8,-66.22
2020-02,2020,2,42,เลย,Loei,ภาคตะวันออกเฉียงเหนือ,57809,570,58379,120.84,2.24,123.08,30.1,6614,1990,2108.29,-63.92,-69.73
2020-03,2020,3,42,เลย,Loei,ภาคตะวันออกเฉียงเหนือ,52685,551,53236,106.16,2.13,108.29,26.0,6384,1659,2034.15,-62.75,-70.61
2020-04,2020,4,42,เลย,Loei,ภาคตะวันออกเฉียงเหนือ,56984,586,57570,115.65,2.28,117.93,28.2,6523,1839,2048.46,-61.01,-67.96
2020-05,2020,5,42,เลย,Loei,ภาคตะวันออกเฉียงเหนือ,41355,427,41782,86.33,1.65,87.98,22.0,6625,1457,2105.69,-62.84,-70.02
2020-06,2020,6,42,เลย,Loei,ภาคตะวันออกเฉียงเหนือ,42177,439,42616,85.5,1.78,87.27,21.0,6619,1389,2047.82,-60.48,-68.16
2020-07,2020,7,42,เลย,Loei,ภาคตะวันออกเฉียงเหนือ,45096,458,45554,92.19,1.87,94.06,23.4,6582,1540,2064.8,-62.2,-68.38
2020-08,2020,8,42,เลย,Loei,ภาคตะวันออกเฉียงเหนือ,44240,451,44691,94.58,1.72,96.3,23.3,6434,1499,2154.8,-62.64,-68.09
2020-09,2020,9,42,เลย,Loei,ภาคตะวันออกเฉียงเหนือ,36429,380,36809,79.32,1.49,80.81,19.6,6513,1276,2195.39,-62.18,-68.57
2020-10,2020,10,42,เลย,Loei,ภาคตะวันออกเฉียงเหนือ,42426,437,42863,90.4,1.78,92.19,21.5,6555,1409,2150.81,-62.02,-68.36
2020-11,2020,11,42,เลย,Loei,ภาคตะวันออกเฉียงเหนือ,55943,555,56498,120.41,2.2,122.6,28.9,6411,1852,2169.99,-62.41,-69.08
2020-12,2020,12,42,เลย,Loei,ภาคตะวันออกเฉียงเหนือ,64932,652,65584,131.7,2.65,134.34,32.8,6565,2153,2048.37,-63.9,-70.42
2021-01,2021,1,42,เลย,Loei,ภาคตะวันออกเฉียงเหนือ,41830,210,42040,83.45,0.77,84.22,23.2,6382,1480,2003.33,-30.43,-36.26
2021-02,2021,2,42,เลย,Loei,ภาคตะวันออกเฉียงเหนือ,41845,210,42055,82.63,0.79,83.42,20.8,6624,1377,1983.59,-27.96,-32.22
2021-03,2021,3,42,เลย,Loei,ภาคตะวันออกเฉียงเหนือ,37013,185,37198,73.83,0.71,74.54,18.4,6558,1206,2003.87,-30.13,-31.17
2021-04,2021,4,42,เลย,Loei,ภาคตะวันออกเฉียงเหนือ,37806,189,37995,73.09,0.71,73.79,20.4,6496,1325,1942.1,-34.0,-37.43
2021-05,2021,5,42,เลย,Loei,ภาคตะวันออกเฉียงเหนือ,28504,143,28647,56.16,0.52,56.68,16.1,6517,1049,1978.57,-31.44,-35.58
2021-06,2021,6,42,เลย,Loei,ภาคตะวันออกเฉียงเหนือ,26128,131,26259,50.94,0.5,51.44,15.1,6524,985,1958.95,-38.38,-41.06
2021-07,2021,7,42,เลย,Loei,ภาคตะวันออกเฉียงเหนือ,29835,149,29984,58.94,0.56,59.5,16.5,6419,1059,1984.39,-34.18,-36.74
2021-08,2021,8,42,เลย,Loei,ภาคตะวันออกเฉียงเหนือ,31187,156,31343,60.9,0.58,61.48,17.3,6582,1138,1961.52,-29.87,-36.16
2021-09,2021,9,42,เลย,Loei,ภาคตะวันออกเฉียงเหนือ,25402,127,25529,50.21,0.47,50.68,15.0,6468,970,1985.19,-30.64,-37.28
2021-10,2021,10,42,เลย,Loei,ภาคตะวันออกเฉียงเหนือ,28486,143,28629,55.14,0.52,55.66,15.1,6464,976,1944.18,-33.21,-39.62
2021-11,2021,11,42,เลย,Loei,ภาคตะวันออกเฉียงเหนือ,37987,190,38177,72.74,0.71,73.44,20.2,6393,1291,1923.67,-32.43,-40.1
2021-12,2021,12,42,เลย,Loei,ภาคตะวันออกเฉียงเหนือ,42649,214,42863,83.44,0.77,84.21,23.2,6511,1510,1964.63,-34.64,-37.32
2022-01,2022,1,42,เลย,Loei,ภาคตะวันออกเฉียงเหนือ,93424,1855,95279,222.87,7.89,230.76,51.1,6421,3281,2421.94,126.64,174.0
2022-02,2022,2,42,เลย,Loei,ภาคตะวันออกเฉียงเหนือ,87653,1762,89415,197.21,7.92,205.13,47.8,6527,3119,2294.13,112.61,145.9
2022-03,2022,3,42,เลย,Loei,ภาคตะวันออกเฉียงเหนือ,80993,1612,82605,190.85,7.19,198.03,41.8,6494,2714,2397.31,122.07,165.67
2022-04,2022,4,42,เลย,Loei,ภาคตะวันออกเฉียงเหนือ,93423,1902,95325,211.57,8.27,219.83,45.7,6591,3012,2306.11,150.89,197.91
2022-05,2022,5,42,เลย,Loei,ภาคตะวันออกเฉียงเหนือ,68347,1379,69726,158.73,6.08,164.81,36.8,6502,2392,2363.68,143.4,190.77
2022-06,2022,6,42,เลย,Loei,ภาคตะวันออกเฉียงเหนือ,62675,1277,63952,143.56,5.69,149.25,32.9,6594,2169,2333.78,143.54,190.14
2022-07,2022,7,42,เลย,Loei,ภาคตะวันออกเฉียงเหนือ,74963,1535,76498,182.32,6.84,189.17,37.1,6418,2381,2472.88,155.13,217.93
2022-08,2022,8,42,เลย,Loei,ภาคตะวันออกเฉียงเหนือ,72574,1361,73935,172.97,6.1,179.06,38.0,6377,2423,2421.86,135.89,191.25
2022-09,2022,9,42,เลย,Loei,ภาคตะวันออกเฉียงเหนือ,64910,1293,66203,150.3,5.57,155.87,31.8,6527,2075,2354.43,159.32,207.56
2022-10,2022,10,42,เลย,Loei,ภาคตะวันออกเฉียงเหนือ,68004,1317,69321,153.99,5.96,159.95,34.9,6467,2256,2307.38,142.14,187.37
2022-11,2022,11,42,เลย,Loei,ภาคตะวันออกเฉียงเหนือ,88421,1818,90239,202.42,8.01,210.42,45.7,6380,2915,2331.81,136.37,186.52
2022-12,2022,12,42,เลย,Loei,ภาคตะวันออกเฉียงเหนือ,105382,2102,107484,243.98,9.0,252.98,55.2,6517,3597,2353.65,150.76,200.42
2023-01,2023,1,42,เลย,Loei,ภาคตะวันออกเฉียงเหนือ,132881,4510,137391,346.4,22.76,369.15,67.1,6604,4431,2686.86,44.2,59.97
2023-02,2023,2,42,เลย,Loei,ภาคตะวันออกเฉียงเหนือ,127348,4537,131885,348.37,22.93,371.29,61.4,6460,3966,2815.26,47.5,81.0
2023-03,2023,3,42,เลย,Loei,ภาคตะวันออกเฉียงเหนือ,109899,3689,113588,281.59,18.13,299.72,54.8,6406,3510,2638.66,37.51,51.35
2023-04,2023,4,42,เลย,Loei,ภาคตะวันออกเฉียงเหนือ,131698,4570,136268,340.16,22.14,362.29,62.9,6569,4131,2658.66,42.95,64.8
2023-05,2023,5,42,เลย,Loei,ภาคตะวันออกเฉียงเหนือ,95928,3354,99282,260.18,17.13,277.31,48.4,6446,3119,2793.15,42.39,68.26
2023-06,2023,6,42,เลย,Loei,ภาคตะวันออกเฉียงเหนือ,92215,3140,95355,250.46,15.38,265.85,43.3,6441,2788,2788.0,49.1,78.12
2023-07,2023,7,42,เลย,Loei,ภาคตะวันออกเฉียงเหนือ,99720,3409,103129,271.79,16.73,288.52,49.9,6447,3217,2797.66,34.81,52.52
2023-08,2023,8,42,เลย,Loei,ภาคตะวันออกเฉียงเหนือ,102644,3334,105978,274.17,16.61,290.78,50.3,6432,3235,2743.78,43.34,62.39
2023-09,2023,9,42,เลย,Loei,ภาคตะวันออกเฉียงเหนือ,81992,2643,84635,223.36,13.21,236.57,40.8,6587,2687,2795.18,27.84,51.77
2023-10,2023,10,42,เลย,Loei,ภาคตะวันออกเฉียงเหนือ,97574,3358,100932,250.58,17.39,267.97,45.0,6477,2914,2654.96,45.6,67.53
2023-11,2023,11,42,เลย,Loei,ภาคตะวันออกเฉียงเหนือ,122695,4024,126719,319.75,20.35,340.1,58.4,6383,3727,2683.89,40.43,61.63
2023-12,2023,12,42,เลย,Loei,ภาคตะวันออกเฉียงเหนือ,138560,4795,143355,377.95,24.73,402.68,71.1,6406,4554,2808.97,33.37,59.17
2024-01,2024,1,42,เลย,Loei,ภาคตะวันออกเฉียงเหนือ,161117,7216,168333,455.52,39.37,494.89,73.2,6421,4700,2939.95,22.52,34.06
2024-02,2024,2,42,เลย,Loei,ภาคตะวันออกเฉียงเหนือ,157215,6937,164152,465.78,39.06,504.84,68.2,6491,4426,3075.44,24.47,35.97
2024-03,2024,3,42,เลย,Loei,ภาคตะวันออกเฉียงเหนือ,144456,6426,150882,423.8,34.21,458.01,62.2,6393,3976,3035.55,32.83,52.81
2024-04,2024,4,42,เลย,Loei,ภาคตะวันออกเฉียงเหนือ,146354,6683,153037,422.49,37.09,459.58,65.9,6525,4299,3003.06,12.31,26.85
2024-05,2024,5,42,เลย,Loei,ภาคตะวันออกเฉียงเหนือ,112058,4980,117038,336.22,26.4,362.61,50.7,6542,3316,3098.22,17.88,30.76
2024-06,2024,6,42,เลย,Loei,ภาคตะวันออกเฉียงเหนือ,103381,4376,107757,309.16,23.99,333.15,47.3,6397,3025,3091.68,13.01,25.32
2024-07,2024,7,42,เลย,Loei,ภาคตะวันออกเฉียงเหนือ,116777,4949,121726,343.89,27.43,371.32,54.1,6576,3557,3050.46,18.03,28.7
2024-08,2024,8,42,เลย,Loei,ภาคตะวันออกเฉียงเหนือ,129936,5760,135696,378.86,30.89,409.75,56.0,6487,3632,3019.62,28.04,40.91
2024-09,2024,9,42,เลย,Loei,ภาคตะวันออกเฉียงเหนือ,107506,4472,111978,315.81,25.32,341.13,46.9,6547,3070,3046.4,32.31,44.2
2024-10,2024,10,42,เลย,Loei,ภาคตะวันออกเฉียงเหนือ,111914,4626,116540,329.99,25.05,355.04,49.7,6580,3270,3046.51,15.46,32.49
2024-11,2024,11,42,เลย,Loei,ภาคตะวันออกเฉียงเหนือ,139722,5815,145537,394.18,32.06,426.24,64.5,6570,4237,2928.74,14.85,25.33
2024-12,2024,12,42,เลย,Loei,ภาคตะวันออกเฉียงเหนือ,167575,7044,174619,492.26,38.32,530.58,78.2,6370,4981,3038.5,21.81,31.76
2019-01,2019,1,43,หนองคาย,Nong Khai,ภาคตะวันออกเฉียงเหนือ,133078,8426,141504,235.09,27.96,263.06,69.5,5398,3751,1859.03,0.0,0.0
2019-02,2019,2,43,หนองคาย,Nong Khai,ภาคตะวันออกเฉียงเหนือ,124625,7688,132313,215.31,25.16,240.47,64.3,5558,3573,1817.43,0.0,0.0
2019-03,2019,3,43,หนองคาย,Nong Khai,ภาคตะวันออกเฉียงเหนือ,105141,6719,111860,185.94,21.86,207.8,56.7,5533,3137,1857.68,0.0,0.0
2019-04,2019,4,43,หนองคาย,Nong Khai,ภาคตะวันออกเฉียงเหนือ,122462,7794,130256,226.6,25.26,251.86,63.7,5562,3542,1933.58,0.0,0.0
2019-05,2019,5,43,หนองคาย,Nong Khai,ภาคตะวันออกเฉียงเหนือ,96042,6017,102059,171.51,19.98,191.49,48.8,5582,2724,1876.27,0.0,0.0
2019-06,2019,6,43,หนองคาย,Nong Khai,ภาคตะวันออกเฉียงเหนือ,80161,4956,85117,143.21,16.44,159.65,44.6,5590,2493,1875.65,0.0,0.0
2019-07,2019,7,43,หนองคาย,Nong Khai,ภาคตะวันออกเฉียงเหนือ,99951,6316,106267,181.48,20.62,202.09,49.1,5505,2702,1901.72,0.0,0.0
2019-08,2019,8,43,หนองคาย,Nong Khai,ภาคตะวันออกเฉียงเหนือ,103751,6725,110476,182.28,23.38,205.66,52.2,5558,2901,1861.58,0.0,0.0
2019-09,2019,9,43,หนองคาย,Nong Khai,ภาคตะวันออกเฉียงเหนือ,83141,5358,88499,150.39,17.56,167.94,42.4,5522,2341,1897.65,0.0,0.0
2019-10,2019,10,43,หนองคาย,Nong Khai,ภาคตะวันออกเฉียงเหนือ,86078,5489,91567,149.74,18.16,167.9,46.5,5461,2539,1833.63,0.0,0.0
2019-11,2019,11,43,หนองคาย,Nong Khai,ภาคตะวันออกเฉียงเหนือ,115291,7670,122961,199.0,26.61,225.61,62.1,5571,3459,1834.81,0.0,0.0
2019-12,2019,12,43,หนองคาย,Nong Khai,ภาคตะวันออกเฉียงเหนือ,143574,9424,152998,258.14,31.08,289.22,72.2,5597,4041,1890.35,0.0,0.0
2020-01,2020,1,43,หนองคาย,Nong Khai,ภาคตะวันออกเฉียงเหนือ,49300,751,50051,77.2,2.14,79.34,29.1,5474,1592,1585.18,-64.63,-69.84
2020-02,2020,2,43,หนองคาย,Nong Khai,ภาคตะวันออกเฉียงเหนือ,47622,691,48313,72.51,1.97,74.48,26.2,5557,1455,1541.61,-63.49,-69.03
2020-03,2020,3,43,หนองคาย,Nong Khai,ภาคตะวันออกเฉียงเหนือ,41179,622,41801,62.56,1.74,64.3,23.5,5596,1315,1538.24,-62.63,-69.06
2020-04,2020,4,43,หนองคาย,Nong Khai,ภาคตะวันออกเฉียงเหนือ,47449,740,48189,71.55,2.12,73.66,25.9,5395,1397,1528.56,-63.0,-70.75
2020-05,2020,5,43,หนองคาย,Nong Khai,ภาคตะวันออกเฉียงเหนือ,35782,521,36303,54.68,1.44,56.12,20.1,5482,1101,1545.88,-64.43,-70.69
2020-06,2020,6,43,หนองคาย,Nong Khai,ภาคตะวันออกเฉียงเหนือ,34482,528,35010,52.08,1.56,53.64,18.7,5494,1027,1532.13,-58.87,-66.4
2020-07,2020,7,43,หนองคาย,Nong Khai,ภาคตะวันออกเฉียงเหนือ,38167,566,38733,55.77,1.59,57.36,20.6,5553,1143,1480.91,-63.55,-71.62
2020-08,2020,8,43,หนองคาย,Nong Khai,ภาคตะวันออกเฉียงเหนือ,40934,637,41571,63.7,1.76,65.46,21.5,5576,1198,1574.66,-62.37,-68.17
2020-09,2020,9,43,หนองคาย,Nong Khai,ภาคตะวันออกเฉียงเหนือ,32238,482,32720,50.46,1.33,51.79,18.0,5420,975,1582.82,-63.03,-69.16
2020-10,2020,10,43,หนองคาย,Nong Khai,ภาคตะวันออกเฉียงเหนือ,33461,503,33964,49.42,1.43,50.84,18.9,5419,1024,1496.88,-62.91,-69.72
2020-11,2020,11,43,หนองคาย,Nong Khai,ภาคตะวันออกเฉียงเหนือ,45237,677,45914,69.18,1.86,71.04,25.9,5473,1417,1547.24,-62.66,-68.51
2020-12,2020,12,43,หนองคาย,Nong Khai,ภาคตะวันออกเฉียงเหนือ,51721,773,52494,79.24,2.19,81.43,29.3,5579,1634,1551.22,-65.69,-71.84
2021-01,2021,1,43,หนองคาย,Nong Khai,ภาคตะวันออกเฉียงเหนือ,37183,225,37408,55.03,0.59,55.62,20.2,5462,1103,1486.85,-25.26,-29.9
2021-02,2021,2,43,หนองคาย,Nong Khai,ภาคตะวันออกเฉียงเหนือ,33050,191,33241,48.61,0.51,49.12,19.6,5392,1056,1477.69,-31.2,-34.05
2021-03,2021,3,43,หนองคาย,Nong Khai,ภาคตะวันออกเฉียงเหนือ,28178,178,28356,39.59,0.49,40.08,16.8,5473,919,1413.46,-32.16,-37.67
2021-04,2021,4,43,หนองคาย,Nong Khai,ภาคตะวันออกเฉียงเหนือ,33299,193,33492,46.59,0.51,47.09,19.2,5477,1051,1406.01,-30.5,-36.07
2021-05,2021,5,43,หนองคาย,Nong Khai,ภาคตะวันออกเฉียงเหนือ,26195,160,26355,37.91,0.44,38.34,15.0,5541,831,1454.75,-27.4,-31.68
2021-06,2021,6,43,หนองคาย,Nong Khai,ภาคตะวันออกเฉียงเหนือ,24168,144,24312,34.33,0.38,34.7,15.0,5511,826,1427.28,-30.56,-35.31
2021-07,2021,7,43,หนองคาย,Nong Khai,ภาคตะวันออกเฉียงเหนือ,26118,156,26274,38.08,0.43,38.51,15.0,5409,811,1465.71,-32.17,-32.86
2021-08,2021,8,43,หนองคาย,Nong Khai,ภาคตะวันออกเฉียงเหนือ,27158,156,27314,37.4,0.42,37.83,15.5,5540,858,1385.0,-34.3,-42.21
2021-09,2021,9,43,หนองคาย,Nong Khai,ภาคตะวันออกเฉียงเหนือ,23262,139,23401,34.36,0.38,34.74,15.0,5402,810,1484.55,-28.48,-32.92
2021-10,2021,10,43,หนองคาย,Nong Khai,ภาคตะวันออกเฉียงเหนือ,24092,149,24241,34.23,0.41,34.63,15.0,5401,810,1428.57,-28.63,-31.88
2021-11,2021,11,43,หนองคาย,Nong Khai,ภาคตะวันออกเฉียงเหนือ,30717,176,30893,42.41,0.47,42.88,18.1,5595,1012,1388.02,-32.72,-39.64
2021-12,2021,12,43,หนองคาย,Nong Khai,ภาคตะวันออกเฉียงเหนือ,38279,241,38520,54.84,0.66,55.5,21.9,5495,1203,1440.81,-26.62,-31.84
2022-01,2022,1,43,หนองคาย,Nong Khai,ภาคตะวันออกเฉียงเหนือ,83266,2388,85654,144.58,7.59,152.17,45.8,5422,2483,1776.57,128.97,173.59
2022-02,2022,2,43,หนองคาย,Nong Khai,ภาคตะวันออกเฉียงเหนือ,77651,2368,80019,128.03,7.51,135.54,44.6,5443,2427,1693.85,140.72,175.94
2022-03,2022,3,43,หนองคาย,Nong Khai,ภาคตะวันออกเฉียงเหนือ,68350,2024,70374,115.72,6.68,122.4,37.4,5486,2051,1739.28,148.18,205.39
2022-04,2022,4,43,หนองคาย,Nong Khai,ภาคตะวันออกเฉียงเหนือ,78231,2367,80598,131.39,7.46,138.84,43.4,5404,2345,1722.62,140.65,194.84
2022-05,2022,5,43,หนองคาย,Nong Khai,ภาคตะวันออกเฉียงเหนือ,58030,1751,59781,97.03,5.48,102.51,33.2,5539,1838,1714.76,126.83,167.37
2022-06,2022,6,43,หนองคาย,Nong Khai,ภาคตะวันออกเฉียงเหนือ,56921,1645,58566,99.11,5.22,104.32,30.6,5569,1704,1781.24,140.89,200.63
2022-07,2022,7,43,หนองคาย,Nong Khai,ภาคตะวันออกเฉียงเหนือ,60235,1780,62015,102.63,5.86,108.49,33.4,5553,1854,1749.42,136.03,181.72
2022-08,2022,8,43,หนองคาย,Nong Khai,ภาคตะวันออกเฉียงเหนือ,62216,1860,64076,108.12,6.03,114.15,35.1,5414,1900,1781.48,134.59,201.74
2022-09,2022,9,43,หนองคาย,Nong Khai,ภาคตะวันออกเฉียงเหนือ,52701,1571,54272,92.16,4.95,97.12,27.9,5492,1532,1789.5,131.92,179.56
2022-10,2022,10,43,หนองคาย,Nong Khai,ภาคตะวันออกเฉียงเหนือ,55969,1626,57595,92.43,5.07,97.5,31.8,5592,1778,1692.86,137.59,181.55
2022-11,2022,11,43,หนองคาย,Nong Khai,ภาคตะวันออกเฉียงเหนือ,77714,2380,80094,132.94,7.73,140.68,41.3,5609,2316,1756.44,159.26,228.08
2022-12,2022,12,43,หนองคาย,Nong Khai,ภาคตะวันออกเฉียงเหนือ,84556,2410,86966,143.93,7.7,151.64,48.0,5528,2653,1743.67,125.77,173.23
2023-01,2023,1,43,หนองคาย,Nong Khai,ภาคตะวันออกเฉียงเหนือ,114464,6146,120610,213.47,23.06,236.53,58.6,5494,3219,1961.11,40.81,55.44
2023-02,2023,2,43,หนองคาย,Nong Khai,ภาคตะวันออกเฉียงเหนือ,111610,5869,117479,212.69,20.78,233.46,55.9,5524,3087,1987.25,46.81,72.24
2023-03,2023,3,43,หนองคาย,Nong Khai,ภาคตะวันออกเฉียงเหนือ,92816,4956,97772,173.88,17.9,191.78,49.3,5455,2689,1961.5,38.93,56.68
2023-04,2023,4,43,หนองคาย,Nong Khai,ภาคตะวันออกเฉียงเหนือ,112287,5660,117947,211.9,20.52,232.42,55.7,5415,3016,1970.55,46.34,67.4
2023-05,2023,5,43,หนองคาย,Nong Khai,ภาคตะวันออกเฉียงเหนือ,82248,4415,86663,162.23,16.12,178.35,42.1,5519,2323,2057.97,44.97,73.98
2023-06,2023,6,43,หนองคาย,Nong Khai,ภาคตะวันออกเฉียงเหนือ,75141,3960,79101,140.7,14.86,155.56,39.2,5404,2118,1966.6,35.06,49.12
2023-07,2023,7,43,หนองคาย,Nong Khai,ภาคตะวันออกเฉียงเหนือ,86428,4568,90996,167.96,16.66,184.62,44.4,5408,2401,2028.88,46.73,70.17
2023-08,2023,8,43,หนองคาย,Nong Khai,ภาคตะวันออกเฉียงเหนือ,89297,4561,93858,175.99,16.72,192.71,46.4,5472,2539,2053.21,46.48,68.82
2023-09,2023,9,43,หนองคาย,Nong Khai,ภาคตะวันออกเฉียงเหนือ,73201,3721,76922,146.37,13.52,159.89,36.8,5499,2023,2078.6,41.73,64.63
2023-10,2023,10,43,หนองคาย,Nong Khai,ภาคตะวันออกเฉียงเหนือ,77973,4000,81973,146.1,14.17,160.28,41.4,5594,2315,1955.28,42.33,64.39
2023-11,2023,11,43,หนองคาย,Nong Khai,ภาคตะวันออกเฉียงเหนือ,97214,4994,102208,182.69,18.02,200.71,54.7,5418,2963,1963.74,27.61,42.67
2023-12,2023,12,43,หนองคาย,Nong Khai,ภาคตะวันออกเฉียงเหนือ,115664,5887,121551,231.21,21.97,253.18,62.5,5557,3473,2082.91,39.77,66.96
2024-01,2024,1,43,หนองคาย,Nong Khai,ภาคตะวันออกเฉียงเหนือ,134914,8967,143881,294.1,35.12,329.23,66.4,5575,3701,2288.21,19.29,39.19
2024-02,2024,2,43,หนองคาย,Nong Khai,ภาคตะวันออกเฉียงเหนือ,136388,9129,145517,294.48,37.46,331.94,63.1,5466,3449,2281.11,23.87,42.18
2024-03,2024,3,43,หนองคาย,Nong Khai,ภาคตะวันออกเฉียงเหนือ,114501,7426,121927,246.52,29.37,275.88,54.4,5417,2946,2262.67,24.71,43.85
2024-04,2024,4,43,หนองคาย,Nong Khai,ภาคตะวันออกเฉียงเหนือ,127592,8778,136370,279.1,34.21,313.31,60.6,5455,3305,2297.5,15.62,34.8
2024-05,2024,5,43,หนองคาย,Nong Khai,ภาคตะวันออกเฉียงเหนือ,97298,6667,103965,197.72,26.54,224.26,47.1,5474,2578,2157.07,19.96,25.74
2024-06,2024,6,43,หนองคาย,Nong Khai,ภาคตะวันออกเฉียงเหนือ,85064,5665,90729,172.61,23.15,195.76,42.6,5542,2360,2157.63,14.7,25.84
2024-07,2024,7,43,หนองคาย,Nong Khai,ภาคตะวันออกเฉียงเหนือ,100107,6933,107040,207.73,28.01,235.74,48.4,5536,2679,2202.35,17.63,27.69
2024-08,2024,8,43,หนองคาย,Nong Khai,ภาคตะวันออกเฉียงเหนือ,100043,6462,106505,202.46,25.17,227.64,51.5,5540,2853,2137.36,13.47,18.13
2024-09,2024,9,43,หนองคาย,Nong Khai,ภาคตะวันออกเฉียงเหนือ,82162,5532,87694,175.77,21.22,196.98,41.1,5423,2228,2246.22,14.0,23.2
2024-10,2024,10,43,หนองคาย,Nong Khai,ภาคตะวันออกเฉียงเหนือ,91153,5750,96903,195.47,22.81,218.29,45.1,5554,2504,2252.67,18.21,36.19
2024-11,2024,11,43,หนองคาย,Nong Khai,ภาคตะวันออกเฉียงเหนือ,125839,8681,134520,258.65,33.33,291.99,60.5,5548,3356,2170.61,31.61,45.48
2024-12,2024,12,43,หนองคาย,Nong Khai,ภาคตะวันออกเฉียงเหนือ,151272,10414,161686,315.06,42.82,357.88,70.5,5426,3825,2213.43,33.02,41.35
2019-01,2019,1,44,มหาสารคาม,Maha Sarakham,ภาคตะวันออกเฉียงเหนือ,134875,8681,143556,245.09,29.02,274.12,67.4,5582,3762,1909.5,0.0,0.0
2019-02,2019,2,44,มหาสารคาม,Maha Sarakham,ภาคตะวันออกเฉียงเหนือ,118935,7205,126140,220.25,23.4,243.64,62.9,5559,3496,1931.5,0.0,0.0
2019-03,2019,3,44,มหาสารคาม,Maha Sarakham,ภาคตะวันออกเฉียงเหนือ,114366,7378,121744,204.25,25.27,229.52,57.2,5405,3091,1885.27,0.0,0.0
2019-04,2019,4,44,มหาสารคาม,Maha Sarakham,ภาคตะวันออกเฉียงเหนือ,125885,8073,133958,217.08,28.13,245.21,61.6,5439,3350,1830.5,0.0,0.0
2019-05,2019,5,44,มหาสารคาม,Maha Sarakham,ภาคตะวันออกเฉียงเหนือ,86712,5471,92183,154.82,18.46,173.28,46.6,5578,2599,1879.74,0.0,0.0
2019-06,2019,6,44,มหาสารคาม,Maha Sarakham,ภาคตะวันออกเฉียงเหนือ,84887,5419,90306,145.89,17.55,163.44,44.4,5486,2435,1809.85,0.0,0.0
2019-07,2019,7,44,มหาสารคาม,Maha Sarakham,ภาคตะวันออกเฉียงเหนือ,97138,6464,103602,175.84,22.23,198.06,50.2,5598,2810,1911.74,0.0,0.0
2019-08,2019,8,44,มหาสารคาม,Maha Sarakham,ภาคตะวันออกเฉียงเหนือ,100191,6712,106903,173.56,22.36,195.92,51.8,5550,2874,1832.69,0.0,0.0
2019-09,2019,9,44,มหาสารคาม,Maha Sarakham,ภาคตะวันออกเฉียงเหนือ,80538,5156,85694,143.98,17.09,161.08,41.4,5567,2304,1879.71,0.0,0.0
2019-10,2019,10,44,มหาสารคาม,Maha Sarakham,ภาคตะวันออกเฉียงเหนือ,86363,5491,91854,159.43,17.91,177.34,47.5,5545,2633,1930.67,0.0,0.0
2019-11,2019,11,44,มหาสารคาม,Maha Sarakham,ภาคตะวันออกเฉียงเหนือ,120085,7421,127506,220.36,25.54,245.9,59.7,5599,3342,1928.54,0.0,0.0
2019-12,2019,12,44,มหาสารคาม,Maha Sarakham,ภาคตะวันออกเฉียงเหนือ,142725,9124,151849,256.03,31.33,287.36,71.5,5415,3871,1892.41,0.0,0.0
2020-01,2020,1,44,มหาสารคาม,Maha Sarakham,ภาคตะวันออกเฉียงเหนือ,51385,813,52198,74.87,2.38,77.25,28.0,5482,1534,1479.94,-63.64,-71.82
2020-02,2020,2,44,มหาสารคาม,Maha Sarakham,ภาคตะวันออกเฉียงเหนือ,51377,817,52194,80.29,2.28,82.57,27.1,5489,1487,1581.98,-58.62,-66.11
2020-03,2020,3,44,มหาสารคาม,Maha Sarakham,ภาคตะวันออกเฉียงเหนือ,45333,695,46028,68.13,1.96,70.09,23.7,5550,1315,1522.77,-62.19,-69.46
2020-04,2020,4,44,มหาสารคาม,Maha Sarakham,ภาคตะวันออกเฉียงเหนือ,46381,740,47121,69.41,2.18,71.59,26.2,5576,1460,1519.28,-64.82,-70.8
2020-05,2020,5,44,มหาสารคาม,Maha Sarakham,ภาคตะวันออกเฉียงเหนือ,35961,522,36483,54.58,1.49,56.08,19.5,5412,1055,1537.15,-60.42,-67.64
2020-06,2020,6,44,มหาสารคาม,Maha Sarakham,ภาคตะวันออกเฉียงเหนือ,35539,517,36056,54.73,1.48,56.2,18.9,5518,1042,1558.69,-60.07,-65.61
2020-07,2020,7,44,มหาสารคาม,Maha Sarakham,ภาคตะวันออกเฉียงเหนือ,35837,530,36367,55.6,1.54,57.14,20.8,5543,1152,1571.2,-64.9,-71.15
2020-08,2020,8,44,มหาสารคาม,Maha Sarakham,ภาคตะวันออกเฉียงเหนือ,39577,613,40190,58.76,1.82,60.58,21.7,5491,1191,1507.34,-62.41,-69.08
2020-09,2020,9,44,มหาสารคาม,Maha Sarakham,ภาคตะวันออกเฉียงเหนือ,33175,511,33686,49.34,1.45,50.79,18.1,5544,1003,1507.75,-60.69,-68.47
2020-10,2020,10,44,มหาสารคาม,Maha Sarakham,ภาคตะวันออกเฉียงเหนือ,36050,565,36615,54.02,1.68,55.7,19.6,5596,1096,1521.23,-60.14,-68.59
2020-11,2020,11,44,มหาสารคาม,Maha Sarakham,ภาคตะวันออกเฉียงเหนือ,47433,731,48164,69.9,2.07,71.97,25.7,5578,1433,1494.27,-62.23,-70.73
2020-12,2020,12,44,มหาสารคาม,Maha Sarakham,ภาคตะวันออกเฉียงเหนือ,53972,856,54828,80.42,2.44,82.85,29.3,5390,1579,1511.09,-63.89,-71.17
2021-01,2021,1,44,มหาสารคาม,Maha Sarakham,ภาคตะวันออกเฉียงเหนือ,34182,201,34383,49.26,0.55,49.81,20.8,5441,1131,1448.68,-34.13,-35.52
2021-02,2021,2,44,มหาสารคาม,Maha Sarakham,ภาคตะวันออกเฉียงเหนือ,35105,207,35312,51.52,0.54,52.06,19.5,5521,1076,1474.29,-32.34,-36.95
2021-03,2021,3,44,มหาสารคาม,Maha Sarakham,ภาคตะวันออกเฉียงเหนือ,29337,174,29511,42.3,0.46,42.76,16.7,5576,931,1448.95,-35.88,-38.99
2021-04,2021,4,44,มหาสารคาม,Maha Sarakham,ภาคตะวันออกเฉียงเหนือ,33086,194,33280,45.64,0.52,46.16,18.1,5493,994,1387.02,-29.37,-35.52
2021-05,2021,5,44,มหาสารคาม,Maha Sarakham,ภาคตะวันออกเฉียงเหนือ,23720,148,23868,33.18,0.41,33.59,15.0,5392,808,1407.32,-34.58,-40.1
2021-06,2021,6,44,มหาสารคาม,Maha Sarakham,ภาคตะวันออกเฉียงเหนือ,22202,140,22342,30.94,0.37,31.31,15.0,5508,826,1401.4,-38.04,-44.29
2021-07,2021,7,44,มหาสารคาม,Maha Sarakham,ภาคตะวันออกเฉียงเหนือ,27434,166,27600,37.79,0.46,38.25,15.0,5508,826,1385.87,-24.11,-33.06
2021-08,2021,8,44,มหาสารคาม,Maha Sarakham,ภาคตะวันออกเฉียงเหนือ,26022,162,26184,38.09,0.45,38.54,15.2,5519,838,1471.89,-34.85,-36.38
2021-09,2021,9,44,มหาสารคาม,Maha Sarakham,ภาคตะวันออกเฉียงเหนือ,21392,128,21520,30.89,0.34,31.23,15.0,5414,812,1451.21,-36.12,-38.51
2021-10,2021,10,44,มหาสารคาม,Maha Sarakham,ภาคตะวันออกเฉียงเหนือ,23509,143,23652,34.31,0.39,34.7,15.0,5548,832,1467.11,-35.4,-37.7
2021-11,2021,11,44,มหาสารคาม,Maha Sarakham,ภาคตะวันออกเฉียงเหนือ,32688,188,32876,47.33,0.49,47.82,18.6,5397,1003,1454.56,-31.74,-33.56
2021-12,2021,12,44,มหาสารคาม,Maha Sarakham,ภาคตะวันออกเฉียงเหนือ,37799,230,38029,55.44,0.61,56.05,21.0,5512,1157,1473.88,-30.64,-32.35
2022-01,2022,1,44,มหาสารคาม,Maha Sarakham,ภาคตะวันออกเฉียงเหนือ,85097,2442,87539,144.06,7.94,152.01,45.8,5577,2554,1736.48,154.6,205.18
2022-02,2022,2,44,มหาสารคาม,Maha Sarakham,ภาคตะวันออกเฉียงเหนือ,80285,2293,82578,135.51,7.22,142.73,42.5,5488,2332,1728.43,133.85,174.16
2022-03,2022,3,44,มหาสารคาม,Maha Sarakham,ภาคตะวันออกเฉียงเหนือ,72164,2201,74365,119.92,7.03,126.96,38.5,5514,2122,1707.25,151.99,196.91
2022-04,2022,4,44,มหาสารคาม,Maha Sarakham,ภาคตะวันออกเฉียงเหนือ,78718,2288,81006,136.08,7.03,143.11,41.8,5548,2319,1766.66,143.41,210.03
2022-05,2022,5,44,มหาสารคาม,Maha Sarakham,ภาคตะวันออกเฉียงเหนือ,60613,1755,62368,106.66,5.62,112.28,32.0,5425,1736,1800.28,161.3,234.27
2022-06,2022,6,44,มหาสารคาม,Maha Sarakham,ภาคตะวันออกเฉียงเหนือ,54367,1680,56047,89.66,5.29,94.95,30.5,5508,1679,1694.11,150.86,203.26
2022-07,2022,7,44,มหาสารคาม,Maha Sarakham,ภาคตะวันออกเฉียงเหนือ,61040,1747,62787,106.92,5.61,112.53,34.5,5519,1904,1792.25,127.49,194.2
2022-08,2022,8,44,มหาสารคาม,Maha Sarakham,ภาคตะวันออกเฉียงเหนือ,64210,1999,66209,112.12,6.59,118.71,34.5,5555,1916,1792.96,152.86,208.02
2022-09,2022,9,44,มหาสารคาม,Maha Sarakham,ภาคตะวันออกเฉียงเหนือ,53442,1513,54955,92.94,4.91,97.85,28.9,5392,1558,1780.55,155.37,213.32
2022-10,2022,10,44,มหาสารคาม,Maha Sarakham,ภาคตะวันออกเฉียงเหนือ,57058,1656,58714,99.31,5.14,104.45,32.5,5466,1776,1778.96,148.24,201.01
2022-11,2022,11,44,มหาสารคาม,Maha Sarakham,ภาคตะวันออกเฉียงเหนือ,72148,2201,74349,127.0,7.07,134.07,41.9,5609,2350,1803.25,126.15,180.36
2022-12,2022,12,44,มหาสารคาม,Maha Sarakham,ภาคตะวันออกเฉียงเหนือ,82993,2371,85364,135.8,7.6,143.4,49.6,5421,2688,1679.87,124.47,155.84
2023-01,2023,1,44,มหาสารคาม,Maha Sarakham,ภาคตะวันออกเฉียงเหนือ,116308,5971,122279,226.75,21.37,248.11,58.3,5602,3265,2029.05,39.69,63.22
2023-02,2023,2,44,มหาสารคาม,Maha Sarakham,ภาคตะวันออกเฉียงเหนือ,106684,5409,112093,204.17,19.17,223.34,55.7,5601,3119,1992.45,35.74,56.48
2023-03,2023,3,44,มหาสารคาม,Maha Sarakham,ภาคตะวันออกเฉียงเหนือ,100165,5109,105274,191.62,18.04,209.65,50.6,5396,2730,1991.47,41.56,65.13
2023-04,2023,4,44,มหาสารคาม,Maha Sarakham,ภาคตะวันออกเฉียงเหนือ,101333,5007,106340,195.26,18.45,213.71,55.7,5583,3109,2009.69,31.27,49.33
2023-05,2023,5,44,มหาสารคาม,Maha Sarakham,ภาคตะวันออกเฉียงเหนือ,76481,4160,80641,151.79,15.46,167.25,42.8,5430,2324,2074.01,29.3,48.96
2023-06,2023,6,44,มหาสารคาม,Maha Sarakham,ภาคตะวันออกเฉียงเหนือ,77833,4005,81838,147.91,14.77,162.69,40.2,5507,2213,1987.95,46.02,71.34
2023-07,2023,7,44,มหาสารคาม,Maha Sarakham,ภาคตะวันออกเฉียงเหนือ,86418,4457,90875,171.39,16.09,187.49,43.0,5445,2341,2063.16,44.74,66.61
2023-08,2023,8,44,มหาสารคาม,Maha Sarakham,ภาคตะวันออกเฉียงเหนือ,88171,4538,92709,175.13,16.96,192.08,45.2,5410,2445,2071.86,40.02,61.81
2023-09,2023,9,44,มหาสารคาม,Maha Sarakham,ภาคตะวันออกเฉียงเหนือ,72998,3633,76631,135.25,12.7,147.95,37.1,5406,2005,1930.68,39.44,51.2
2023-10,2023,10,44,มหาสารคาม,Maha Sarakham,ภาคตะวันออกเฉียงเหนือ,78310,3858,82168,148.44,14.23,162.67,40.7,5461,2222,1979.72,39.95,55.74
2023-11,2023,11,44,มหาสารคาม,Maha Sarakham,ภาคตะวันออกเฉียงเหนือ,108171,5648,113819,216.26,19.72,235.98,53.2,5488,2919,2073.29,53.09,76.01
2023-12,2023,12,44,มหาสารคาม,Maha Sarakham,ภาคตะวันออกเฉียงเหนือ,122863,6045,128908,242.65,22.01,264.66,62.6,5587,3497,2053.09,51.01,84.56
2024-01,2024,1,44,มหาสารคาม,Maha Sarakham,ภาคตะวันออกเฉียงเหนือ,140780,9530,150310,284.72,37.78,322.49,66.6,5468,3641,2145.5,22.92,29.98
2024-02,2024,2,44,มหาสารคาม,Maha Sarakham,ภาคตะวันออกเฉียงเหนือ,125853,8504,134357,271.42,33.53,304.95,63.4,5458,3460,2269.7,19.86,36.54
2024-03,2024,3,44,มหาสารคาม,Maha Sarakham,ภาคตะวันออกเฉียงเหนือ,111276,7764,119040,225.37,31.39,256.76,55.2,5446,3006,2156.92,13.08,22.47
2024-04,2024,4,44,มหาสารคาม,Maha Sarakham,ภาคตะวันออกเฉียงเหนือ,123420,8231,131651,264.85,33.77,298.62,61.1,5425,3314,2268.27,23.8,39.73
2024-05,2024,5,44,มหาสารคาม,Maha Sarakham,ภาคตะวันออกเฉียงเหนือ,93823,6572,100395,200.95,26.25,227.2,46.6,5559,2590,2263.06,24.5,35.84
2024-06,2024,6,44,มหาสารคาม,Maha Sarakham,ภาคตะวันออกเฉียงเหนือ,92960,6390,99350,190.0,25.91,215.92,43.1,5606,2416,2173.33,21.4,32.72
2024-07,2024,7,44,มหาสารคาม,Maha Sarakham,ภาคตะวันออกเฉียงเหนือ,105564,6785,112349,215.57,26.93,242.5,48.0,5540,2659,2158.45,23.63,29.34
2024-08,2024,8,44,มหาสารคาม,Maha Sarakham,ภาคตะวันออกเฉียงเหนือ,106170,7120,113290,232.25,28.66,260.9,49.9,5546,2767,2302.94,22.2,35.83
2024-09,2024,9,44,มหาสารคาม,Maha Sarakham,ภาคตะวันออกเฉียงเหนือ,89936,6242,96178,193.81,25.53,219.34,41.8,5534,2313,2280.56,25.51,48.25
2024-10,2024,10,44,มหาสารคาม,Maha Sarakham,ภาคตะวันออกเฉียงเหนือ,93527,6007,99534,200.31,23.04,223.35,45.2,5590,2526,2243.96,21.13,37.3
2024-11,2024,11,44,มหาสารคาม,Maha Sarakham,ภาคตะวันออกเฉียงเหนือ,126525,8861,135386,266.94,36.16,303.09,58.6,5515,3231,2238.71,18.95,28.44
2024-12,2024,12,44,มหาสารคาม,Maha Sarakham,ภาคตะวันออกเฉียงเหนือ,150136,9631,159767,316.0,37.65,353.65,70.3,5513,3875,2213.54,23.94,33.62
2019-01,2019,1,45,ร้อยเอ็ด,Roi Et,ภาคตะวันออกเฉียงเหนือ,135533,8578,144111,243.71,28.31,272.02,69.2,5436,3761,1887.57,0.0,0.0
2019-02,2019,2,45,ร้อยเอ็ด,Roi Et,ภาคตะวันออกเฉียงเหนือ,123930,7811,131741,214.51,25.63,240.14,64.2,5560,3569,1822.82,0.0,0.0
2019-03,2019,3,45,ร้อยเอ็ด,Roi Et,ภาคตะวันออกเฉียงเหนือ,105463,6632,112095,181.41,22.23,203.64,55.5,5450,3024,1816.67,0.0,0.0
2019-04,2019,4,45,ร้อยเอ็ด,Roi Et,ภาคตะวันออกเฉียงเหนือ,114832,7050,121882,209.59,23.92,233.51,62.4,5422,3383,1915.87,0.0,0.0
2019-05,2019,5,45,ร้อยเอ็ด,Roi Et,ภาคตะวันออกเฉียงเหนือ,92724,6131,98855,168.8,21.19,189.99,47.3,5524,2612,1921.91,0.0,0.0
2019-06,2019,6,45,ร้อยเอ็ด,Roi Et,ภาคตะวันออกเฉียงเหนือ,88430,5441,93871,157.2,17.59,174.79,43.6,5400,2354,1862.02,0.0,0.0
2019-07,2019,7,45,ร้อยเอ็ด,Roi Et,ภาคตะวันออกเฉียงเหนือ,93093,5627,98720,162.42,18.56,180.98,50.2,5529,2775,1833.27,0.0,0.0
2019-08,2019,8,45,ร้อยเอ็ด,Roi Et,ภาคตะวันออกเฉียงเหนือ,99301,6140,105441,174.59,20.64,195.23,51.1,5531,2826,1851.56,0.0,0.0
2019-09,2019,9,45,ร้อยเอ็ด,Roi Et,ภาคตะวันออกเฉียงเหนือ,77816,4748,82564,140.66,15.87,156.53,42.0,5450,2289,1895.86,0.0,0.0
2019-10,2019,10,45,ร้อยเอ็ด,Roi Et,ภาคตะวันออกเฉียงเหนือ,84573,5556,90129,154.2,19.13,173.32,45.4,5531,2511,1923.02,0.0,0.0
2019-11,2019,11,45,ร้อยเอ็ด,Roi Et,ภาคตะวันออกเฉียงเหนือ,109798,6747,116545,197.18,22.74,219.92,61.0,5393,3289,1887.0,0.0,0.0
2019-12,2019,12,45,ร้อยเอ็ด,Roi Et,ภาคตะวันออกเฉียงเหนือ,130340,8345,138685,223.74,27.52,251.26,72.2,5397,3896,1811.73,0.0,0.0
2020-01,2020,1,45,ร้อยเอ็ด,Roi Et,ภาคตะวันออกเฉียงเหนือ,49820,735,50555,76.46,2.02,78.48,27.9,5401,1506,1552.37,-64.92,-71.15
2020-02,2020,2,45,ร้อยเอ็ด,Roi Et,ภาคตะวันออกเฉียงเหนือ,48795,769,49564,73.28,2.19,75.48,26.8,5517,1478,1522.88,-62.38,-68.57
2020-03,2020,3,45,ร้อยเอ็ด,Roi Et,ภาคตะวันออกเฉียงเหนือ,42958,677,43635,64.32,2.0,66.32,23.9,5410,1292,1519.88,-61.07,-67.43
2020-04,2020,4,45,ร้อยเอ็ด,Roi Et,ภาคตะวันออกเฉียงเหนือ,47050,681,47731,71.45,1.88,73.32,26.8,5542,1485,1536.11,-60.84,-68.6
2020-05,2020,5,45,ร้อยเอ็ด,Roi Et,ภาคตะวันออกเฉียงเหนือ,34617,505,35122,51.25,1.45,52.7,19.7,5428,1069,1500.48,-64.47,-72.26
2020-06,2020,6,45,ร้อยเอ็ด,Roi Et,ภาคตะวันออกเฉียงเหนือ,35394,563,35957,53.28,1.55,54.83,18.1,5462,988,1524.88,-61.7,-68.63
2020-07,2020,7,45,ร้อยเอ็ด,Roi Et,ภาคตะวันออกเฉียงเหนือ,37389,549,37938,57.09,1.56,58.65,21.4,5405,1156,1545.94,-61.57,-67.59
2020-08,2020,8,45,ร้อยเอ็ด,Roi Et,ภาคตะวันออกเฉียงเหนือ,36980,535,37515,56.78,1.48,58.26,21.6,5511,1190,1552.98,-64.42,-70.16
2020-09,2020,9,45,ร้อยเอ็ด,Roi Et,ภาคตะวันออกเฉียงเหนือ,32293,497,32790,48.89,1.37,50.27,17.4,5435,945,1533.09,-60.29,-67.88
2020-10,2020,10,45,ร้อยเอ็ด,Roi Et,ภาคตะวันออกเฉียงเหนือ,33983,528,34511,49.87,1.54,51.4,19.9,5568,1108,1489.38,-61.71,-70.34
2020-11,2020,11,45,ร้อยเอ็ด,Roi Et,ภาคตะวันออกเฉียงเหนือ,47177,683,47860,69.11,1.91,71.02,25.5,5556,1416,1483.91,-58.93,-67.71
2020-12,2020,12,45,ร้อยเอ็ด,Roi Et,ภาคตะวันออกเฉียงเหนือ,54590,798,55388,83.42,2.26,85.68,29.5,5428,1601,1546.91,-60.06,-65.9
2021-01,2021,1,45,ร้อยเอ็ด,Roi Et,ภาคตะวันออกเฉียงเหนือ,33930,194,34124,50.38,0.52,50.91,20.5,5457,1118,1491.91,-32.5,-35.13
2021-02,2021,2,45,ร้อยเอ็ด,Roi Et,ภาคตะวันออกเฉียงเหนือ,33839,210,34049,49.83,0.58,50.41,19.2,5602,1075,1480.51,-31.3,-33.21
2021-03,2021,3,45,ร้อยเอ็ด,Roi Et,ภาคตะวันออกเฉียงเหนือ,30969,186,31155,43.33,0.51,43.84,16.5,5526,911,1407.16,-28.6,-33.9
2021-04,2021,4,45,ร้อยเอ็ด,Roi Et,ภาคตะวันออกเฉียงเหนือ,32303,187,32490,47.95,0.51,48.46,18.5,5527,1022,1491.54,-31.93,-33.91
2021-05,2021,5,45,ร้อยเอ็ด,Roi Et,ภาคตะวันออกเฉียงเหนือ,24175,139,24314,35.23,0.38,35.61,15.0,5390,808,1464.59,-30.77,-32.43
2021-06,2021,6,45,ร้อยเอ็ด,Roi Et,ภาคตะวันออกเฉียงเหนือ,23139,143,23282,33.33,0.38,33.72,15.0,5395,809,1448.33,-35.25,-38.5
2021-07,2021,7,45,ร้อยเอ็ด,Roi Et,ภาคตะวันออกเฉียงเหนือ,27292,158,27450,38.68,0.42,39.1,15.2,5596,850,1424.41,-27.65,-33.33
2021-08,2021,8,45,ร้อยเอ็ด,Roi Et,ภาคตะวันออกเฉียงเหนือ,28354,168,28522,38.9,0.46,39.36,15.0,5557,833,1379.99,-23.97,-32.44
2021-09,2021,9,45,ร้อยเอ็ด,Roi Et,ภาคตะวันออกเฉียงเหนือ,22051,128,22179,32.66,0.35,33.01,15.0,5412,811,1488.34,-32.36,-34.33
2021-10,2021,10,45,ร้อยเอ็ด,Roi Et,ภาคตะวันออกเฉียงเหนือ,24982,157,25139,35.82,0.41,36.23,15.0,5609,841,1441.19,-27.16,-29.51
2021-11,2021,11,45,ร้อยเอ็ด,Roi Et,ภาคตะวันออกเฉียงเหนือ,33033,200,33233,48.9,0.54,49.44,18.4,5577,1026,1487.68,-30.56,-30.39
2021-12,2021,12,45,ร้อยเอ็ด,Roi Et,ภาคตะวันออกเฉียงเหนือ,38517,241,38758,55.04,0.67,55.71,21.6,5476,1182,1437.38,-30.02,-34.98
2022-01,2022,1,45,ร้อยเอ็ด,Roi Et,ภาคตะวันออกเฉียงเหนือ,84985,2399,87384,148.39,7.53,155.92,44.6,5509,2457,1784.31,156.08,206.27
2022-02,2022,2,45,ร้อยเอ็ด,Roi Et,ภาคตะวันออกเฉียงเหนือ,74930,2235,77165,122.61,7.23,129.84,44.3,5430,2405,1682.63,126.63,157.57
2022-03,2022,3,45,ร้อยเอ็ด,Roi Et,ภาคตะวันออกเฉียงเหนือ,73688,2217,75905,124.87,7.19,132.06,38.2,5568,2126,1739.81,143.64,201.23
2022-04,2022,4,45,ร้อยเอ็ด,Roi Et,ภาคตะวันออกเฉียงเหนือ,78061,2323,80384,133.23,7.58,140.81,41.7,5551,2314,1751.72,147.41,190.57
2022-05,2022,5,45,ร้อยเอ็ด,Roi Et,ภาคตะวันออกเฉียงเหนือ,58383,1711,60094,102.08,5.31,107.39,33.3,5515,1836,1787.03,147.16,201.57
2022-06,2022,6,45,ร้อยเอ็ด,Roi Et,ภาคตะวันออกเฉียงเหนือ,56695,1608,58303,94.55,5.27,99.82,30.4,5398,1640,1712.09,150.42,196.03
2022-07,2022,7,45,ร้อยเอ็ด,Roi Et,ภาคตะวันออกเฉียงเหนือ,60112,1706,61818,103.99,5.43,109.42,33.5,5441,1822,1770.03,125.2,179.85
2022-08,2022,8,45,ร้อยเอ็ด,Roi Et,ภาคตะวันออกเฉียงเหนือ,65540,1979,67519,115.17,6.19,121.37,34.8,5418,1885,1797.57,136.73,208.36
2022-09,2022,9,45,ร้อยเอ็ด,Roi Et,ภาคตะวันออกเฉียงเหนือ,49705,1449,51154,87.41,4.53,91.93,28.9,5455,1576,1797.12,130.64,178.49
2022-10,2022,10,45,ร้อยเอ็ด,Roi Et,ภาคตะวันออกเฉียงเหนือ,55517,1663,57180,93.81,5.43,99.23,31.8,5547,1763,1735.4,127.46,173.89
2022-11,2022,11,45,ร้อยเอ็ด,Roi Et,ภาคตะวันออกเฉียงเหนือ,75036,2157,77193,129.39,6.89,136.28,41.8,5390,2253,1765.45,132.28,175.65
2022-12,2022,12,45,ร้อยเอ็ด,Roi Et,ภาคตะวันออกเฉียงเหนือ,89285,2617,91902,154.61,8.29,162.9,48.5,5549,2691,1772.54,137.12,192.41
2023-01,2023,1,45,ร้อยเอ็ด,Roi Et,ภาคตะวันออกเฉียงเหนือ,111107,6002,117109,209.7,21.1,230.8,59.1,5609,3314,1970.81,34.02,48.02
2023-02,2023,2,45,ร้อยเอ็ด,Roi Et,ภาคตะวันออกเฉียงเหนือ,103879,5609,109488,198.3,20.24,218.54,55.8,5529,3085,1996.02,41.89,68.31
2023-03,2023,3,45,ร้อยเอ็ด,Roi Et,ภาคตะวันออกเฉียงเหนือ,98173,5023,103196,191.89,17.51,209.4,51.1,5528,2824,2029.15,35.95,58.56
2023-04,2023,4,45,ร้อยเอ็ด,Roi Et,ภาคตะวันออกเฉียงเหนือ,108917,5613,114530,209.24,21.16,230.39,54.0,5608,3028,2011.61,42.48,63.62
2023-05,2023,5,45,ร้อยเอ็ด,Roi Et,ภาคตะวันออกเฉียงเหนือ,76291,4099,80390,144.3,14.75,159.05,42.4,5482,2324,1978.48,33.77,48.11
2023-06,2023,6,45,ร้อยเอ็ด,Roi Et,ภาคตะวันออกเฉียงเหนือ,79662,3939,83601,156.85,14.31,171.16,39.6,5395,2136,2047.34,43.39,71.47
2023-07,2023,7,45,ร้อยเอ็ด,Roi Et,ภาคตะวันออกเฉียงเหนือ,81022,3988,85010,162.3,14.21,176.51,43.6,5536,2413,2076.34,37.52,61.31
2023-08,2023,8,45,ร้อยเอ็ด,Roi Et,ภาคตะวันออกเฉียงเหนือ,84005,4286,88291,163.98,15.63,179.61,45.2,5536,2502,2034.3,30.76,47.99
2023-09,2023,9,45,ร้อยเอ็ด,Roi Et,ภาคตะวันออกเฉียงเหนือ,74215,4041,78256,142.3,14.15,156.45,36.4,5419,1972,1999.21,52.98,70.18
2023-10,2023,10,45,ร้อยเอ็ด,Roi Et,ภาคตะวันออกเฉียงเหนือ,81144,4339,85483,154.21,15.86,170.06,40.9,5417,2215,1989.4,49.5,71.38
2023-11,2023,11,45,ร้อยเอ็ด,Roi Et,ภาคตะวันออกเฉียงเหนือ,100295,5314,105609,187.66,19.26,206.92,52.5,5549,2913,1959.3,36.81,51.83
2023-12,2023,12,45,ร้อยเอ็ด,Roi Et,ภาคตะวันออกเฉียงเหนือ,117903,5829,123732,233.42,20.58,254.0,63.1,5565,3511,2052.82,34.63,55.92
2024-01,2024,1,45,ร้อยเอ็ด,Roi Et,ภาคตะวันออกเฉียงเหนือ,130435,8629,139064,284.88,34.86,319.74,65.7,5509,3619,2299.23,18.75,38.54
2024-02,2024,2,45,ร้อยเอ็ด,Roi Et,ภาคตะวันออกเฉียงเหนือ,132146,8789,140935,276.4,34.35,310.76,63.9,5469,3494,2204.99,28.72,42.2
2024-03,2024,3,45,ร้อยเอ็ด,Roi Et,ภาคตะวันออกเฉียงเหนือ,116725,7734,124459,240.33,31.8,272.13,55.9,5544,3099,2186.5,20.6,29.96
2024-04,2024,4,45,ร้อยเอ็ด,Roi Et,ภาคตะวันออกเฉียงเหนือ,120431,8016,128447,258.76,32.36,291.12,59.9,5412,3241,2266.46,12.15,26.36
2024-05,2024,5,45,ร้อยเอ็ด,Roi Et,ภาคตะวันออกเฉียงเหนือ,99011,6700,105711,207.88,27.62,235.5,47.1,5565,2621,2227.77,31.5,48.07
2024-06,2024,6,45,ร้อยเอ็ด,Roi Et,ภาคตะวันออกเฉียงเหนือ,94841,6380,101221,206.98,25.72,232.69,43.3,5420,2346,2298.83,21.08,35.95
2024-07,2024,7,45,ร้อยเอ็ด,Roi Et,ภาคตะวันออกเฉียงเหนือ,95379,6457,101836,208.44,26.42,234.86,47.9,5554,2660,2306.26,19.79,33.06
2024-08,2024,8,45,ร้อยเอ็ด,Roi Et,ภาคตะวันออกเฉียงเหนือ,101866,7036,108902,221.47,28.7,250.16,48.8,5455,2662,2297.11,23.34,39.28
2024-09,2024,9,45,ร้อยเอ็ด,Roi Et,ภาคตะวันออกเฉียงเหนือ,81026,5623,86649,174.05,22.97,197.02,42.3,5511,2331,2273.77,10.73,25.93
2024-10,2024,10,45,ร้อยเอ็ด,Roi Et,ภาคตะวันออกเฉียงเหนือ,94568,6192,100760,193.32,24.25,217.57,45.8,5518,2527,2159.29,17.87,27.94
2024-11,2024,11,45,ร้อยเอ็ด,Roi Et,ภาคตะวันออกเฉียงเหนือ,124616,8147,132763,253.93,33.0,286.93,60.3,5397,3254,2161.22,25.71,38.67
2024-12,2024,12,45,ร้อยเอ็ด,Roi Et,ภาคตะวันออกเฉียงเหนือ,137489,9073,146562,298.22,37.19,335.41,70.2,5515,3871,2288.52,18.45,32.05
2019-01,2019,1,46,กาฬสินธุ์,Kalasin,ภาคตะวันออกเฉียงเหนือ,131047,8481,139528,227.02,29.03,256.05,68.4,5589,3822,1835.12,0.0,0.0
2019-02,2019,2,46,กาฬสินธุ์,Kalasin,ภาคตะวันออกเฉียงเหนือ,124095,7946,132041,229.81,25.72,255.53,64.9,5454,3539,1935.23,0.0,0.0
2019-03,2019,3,46,กาฬสินธุ์,Kalasin,ภาคตะวันออกเฉียงเหนือ,114837,7198,122035,200.0,24.15,224.15,57.1,5451,3112,1836.77,0.0,0.0
2019-04,2019,4,46,กาฬสินธุ์,Kalasin,ภาคตะวันออกเฉียงเหนือ,123242,7980,131222,223.05,26.57,249.62,61.2,5465,3344,1902.27,0.0,0.0
2019-05,2019,5,46,กาฬสินธุ์,Kalasin,ภาคตะวันออกเฉียงเหนือ,87187,5667,92854,158.04,18.55,176.6,46.7,5415,2528,1901.91,0.0,0.0
2019-06,2019,6,46,กาฬสินธุ์,Kalasin,ภาคตะวันออกเฉียงเหนือ,87290,5341,92631,153.08,18.1,171.18,43.4,5473,2375,1847.98,0.0,0.0
2019-07,2019,7,46,กาฬสินธุ์,Kalasin,ภาคตะวันออกเฉียงเหนือ,96491,5843,102334,169.8,19.99,189.8,50.2,5512,2767,1854.71,0.0,0.0
2019-08,2019,8,46,กาฬสินธุ์,Kalasin,ภาคตะวันออกเฉียงเหนือ,101293,6281,107574,177.47,20.94,198.41,50.4,5562,2803,1844.4,0.0,0.0
2019-09,2019,9,46,กาฬสินธุ์,Kalasin,ภาคตะวันออกเฉียงเหนือ,81294,5104,86398,150.02,17.74,167.76,42.1,5462,2299,1941.71,0.0,0.0
2019-10,2019,10,46,กาฬสินธุ์,Kalasin,ภาคตะวันออกเฉียงเหนือ,92446,5949,98395,164.47,20.22,184.69,46.5,5397,2509,1877.03,0.0,0.0
2019-11,2019,11,46,กาฬสินธุ์,Kalasin,ภาคตะวันออกเฉียงเหนือ,122561,7445,130006,210.27,24.3,234.57,60.7,5595,3396,1804.3,0.0,0.0
2019-12,2019,12,46,กาฬสินธุ์,Kalasin,ภาคตะวันออกเฉียงเหนือ,138014,8846,146860,246.04,30.84,276.88,69.4,5511,3824,1885.33,0.0,0.0
2020-01,2020,1,46,กาฬสินธุ์,Kalasin,ภาคตะวันออกเฉียงเหนือ,49782,781,50563,75.43,2.29,77.72,28.2,5605,1580,1537.09,-63.76,-69.65
2020-02,2020,2,46,กาฬสินธุ์,Kalasin,ภาคตะวันออกเฉียงเหนือ,46743,740,47483,71.68,2.14,73.82,26.1,5522,1441,1554.66,-64.04,-71.11
2020-03,2020,3,46,กาฬสินธุ์,Kalasin,ภาคตะวันออกเฉียงเหนือ,41683,629,42312,65.15,1.75,66.9,23.3,5490,1279,1581.11,-65.33,-70.15
2020-04,2020,4,46,กาฬสินธุ์,Kalasin,ภาคตะวันออกเฉียงเหนือ,44932,662,45594,70.04,1.93,71.97,26.3,5531,1454,1578.5,-65.25,-71.17
2020-05,2020,5,46,กาฬสินธุ์,Kalasin,ภาคตะวันออกเฉียงเหนือ,38202,602,38804,57.16,1.68,58.84,19.6,5498,1077,1516.34,-58.21,-66.68
2020-06,2020,6,46,กาฬสินธุ์,Kalasin,ภาคตะวันออกเฉียงเหนือ,33890,537,34427,49.89,1.58,51.46,18.1,5519,998,1494.76,-62.83,-69.94
2020-07,2020,7,46,กาฬสินธุ์,Kalasin,ภาคตะวันออกเฉียงเหนือ,37923,567,38490,55.35,1.62,56.97,20.6,5570,1147,1480.12,-62.39,-69.98
2020-08,2020,8,46,กาฬสินธุ์,Kalasin,ภาคตะวันออกเฉียงเหนือ,36919,560,37479,55.56,1.65,57.21,21.7,5561,1206,1526.45,-65.16,-71.17
2020-09,2020,9,46,กาฬสินธุ์,Kalasin,ภาคตะวันออกเฉียงเหนือ,32716,519,33235,48.48,1.47,49.95,17.8,5581,993,1502.93,-61.53,-70.23
2020-10,2020,10,46,กาฬสินธุ์,Kalasin,ภาคตะวันออกเฉียงเหนือ,33447,488,33935,50.08,1.34,51.42,19.5,5507,1073,1515.25,-65.51,-72.16
2020-11,2020,11,46,กาฬสินธุ์,Kalasin,ภาคตะวันออกเฉียงเหนือ,43936,692,44628,67.67,1.99,69.66,26.1,5408,1411,1560.9,-65.67,-70.3
2020-12,2020,12,46,กาฬสินธุ์,Kalasin,ภาคตะวันออกเฉียงเหนือ,56101,893,56994,82.77,2.47,85.24,30.8,5398,1662,1495.6,-61.19,-69.21
2021-01,2021,1,46,กาฬสินธุ์,Kalasin,ภาคตะวันออกเฉียงเหนือ,37136,230,37366,54.37,0.59,54.97,20.0,5422,1084,1471.12,-26.1,-29.27
2021-02,2021,2,46,กาฬสินธุ์,Kalasin,ภาคตะวันออกเฉียงเหนือ,35551,206,35757,50.77,0.57,51.34,19.0,5524,1049,1435.8,-24.7,-30.45
2021-03,2021,3,46,กาฬสินธุ์,Kalasin,ภาคตะวันออกเฉียงเหนือ,29698,180,29878,44.0,0.5,44.5,17.1,5558,950,1489.39,-29.39,-33.48
2021-04,2021,4,46,กาฬสินธุ์,Kalasin,ภาคตะวันออกเฉียงเหนือ,34502,215,34717,50.2,0.58,50.78,18.2,5502,1001,1462.68,-23.86,-29.44
2021-05,2021,5,46,กาฬสินธุ์,Kalasin,ภาคตะวันออกเฉียงเหนือ,25017,154,25171,36.15,0.4,36.55,15.0,5429,814,1452.07,-35.13,-37.88
2021-06,2021,6,46,กาฬสินธุ์,Kalasin,ภาคตะวันออกเฉียงเหนือ,23503,147,23650,33.31,0.38,33.69,15.0,5467,820,1424.52,-31.3,-34.53
2021-07,2021,7,46,กาฬสินธุ์,Kalasin,ภาคตะวันออกเฉียงเหนือ,27693,174,27867,38.11,0.45,38.56,15.0,5466,819,1383.72,-27.6,-32.32
2021-08,2021,8,46,กาฬสินธุ์,Kalasin,ภาคตะวันออกเฉียงเหนือ,27850,172,28022,38.55,0.48,39.03,15.1,5588,843,1392.83,-25.23,-31.78
2021-09,2021,9,46,กาฬสินธุ์,Kalasin,ภาคตะวันออกเฉียงเหนือ,22930,141,23071,33.76,0.37,34.13,15.0,5512,826,1479.35,-30.58,-31.67
2021-10,2021,10,46,กาฬสินธุ์,Kalasin,ภาคตะวันออกเฉียงเหนือ,23572,142,23714,33.73,0.38,34.11,15.0,5400,810,1438.39,-30.12,-33.66
2021-11,2021,11,46,กาฬสินธุ์,Kalasin,ภาคตะวันออกเฉียงเหนือ,31281,189,31470,44.03,0.51,44.54,18.2,5442,990,1415.32,-29.48,-36.06
2021-12,2021,12,46,กาฬสินธุ์,Kalasin,ภาคตะวันออกเฉียงเหนือ,37373,234,37607,55.06,0.65,55.71,20.9,5577,1165,1481.37,-34.02,-34.64
2022-01,2022,1,46,กาฬสินธุ์,Kalasin,ภาคตะวันออกเฉียงเหนือ,85027,2553,87580,146.79,8.32,155.11,46.4,5570,2584,1771.07,134.38,182.17
2022-02,2022,2,46,กาฬสินธุ์,Kalasin,ภาคตะวันออกเฉียงเหนือ,75546,2277,77823,128.1,7.25,135.35,42.4,5567,2360,1739.2,117.64,163.63
2022-03,2022,3,46,กาฬสินธุ์,Kalasin,ภาคตะวันออกเฉียงเหนือ,69403,2163,71566,113.62,6.88,120.5,39.0,5400,2106,1683.76,139.53,170.79
2022-04,2022,4,46,กาฬสินธุ์,Kalasin,ภาคตะวันออกเฉียงเหนือ,77097,2171,79268,131.21,7.15,138.37,43.2,5584,2412,1745.6,128.33,172.49
2022-05,2022,5,46,กาฬสินธุ์,Kalasin,ภาคตะวันออกเฉียงเหนือ,60145,1849,61994,98.27,6.0,104.27,31.6,5405,1707,1681.94,146.29,185.28
2022-06,2022,6,46,กาฬสินธุ์,Kalasin,ภาคตะวันออกเฉียงเหนือ,54992,1667,56659,91.13,5.27,96.39,30.2,5573,1683,1701.23,139.57,186.11
2022-07,2022,7,46,กาฬสินธุ์,Kalasin,ภาคตะวันออกเฉียงเหนือ,64030,1961,65991,105.42,6.33,111.75,33.1,5412,1791,1693.41,136.81,189.81
2022-08,2022,8,46,กาฬสินธุ์,Kalasin,ภาคตะวันออกเฉียงเหนือ,59952,1804,61756,98.37,5.73,104.1,35.4,5565,1970,1685.67,120.38,166.72
2022-09,2022,9,46,กาฬสินธุ์,Kalasin,ภาคตะวันออกเฉียงเหนือ,54289,1649,55938,91.17,5.17,96.34,28.1,5603,1574,1722.26,142.46,182.27
2022-10,2022,10,46,กาฬสินธุ์,Kalasin,ภาคตะวันออกเฉียงเหนือ,60171,1722,61893,101.15,5.72,106.87,32.0,5515,1764,1726.69,161.0,213.31
2022-11,2022,11,46,กาฬสินธุ์,Kalasin,ภาคตะวันออกเฉียงเหนือ,74288,2142,76430,122.48,7.04,129.52,41.5,5448,2260,1694.62,142.87,190.79
2022-12,2022,12,46,กาฬสินธุ์,Kalasin,ภาคตะวันออกเฉียงเหนือ,87462,2618,90080,149.59,8.53,158.12,48.8,5563,2714,1755.33,139.53,183.83
2023-01,2023,1,46,กาฬสินธุ์,Kalasin,ภาคตะวันออกเฉียงเหนือ,108129,5677,113806,211.32,21.21,232.53,59.6,5600,3337,2043.21,29.95,49.91
2023-02,2023,2,46,กาฬสินธุ์,Kalasin,ภาคตะวันออกเฉียงเหนือ,111041,5726,116767,221.23,20.04,241.27,58.3,5484,3197,2066.25,50.04,78.26
2023-03,2023,3,46,กาฬสินธุ์,Kalasin,ภาคตะวันออกเฉียงเหนือ,94792,4920,99712,185.67,17.69,203.37,50.7,5407,2741,2039.57,39.33,68.77
2023-04,2023,4,46,กาฬสินธุ์,Kalasin,ภาคตะวันออกเฉียงเหนือ,99756,5189,104945,192.36,18.54,210.91,55.5,5442,3020,2009.72,32.39,52.42
2023-05,2023,5,46,กาฬสินธุ์,Kalasin,ภาคตะวันออกเฉียงเหนือ,82474,4260,86734,163.49,15.7,179.19,41.5,5462,2266,2065.97,39.91,71.85
2023-06,2023,6,46,กาฬสินธุ์,Kalasin,ภาคตะวันออกเฉียงเหนือ,79832,4043,83875,153.72,14.38,168.1,39.5,5558,2195,2004.17,48.03,74.4
2023-07,2023,7,46,กาฬสินธุ์,Kalasin,ภาคตะวันออกเฉียงเหนือ,80753,4223,84976,153.08,15.92,169.0,45.1,5609,2529,1988.8,28.77,51.23
2023-08,2023,8,46,กาฬสินธุ์,Kalasin,ภาคตะวันออกเฉียงเหนือ,91956,4834,96790,178.4,17.06,195.47,45.8,5581,2556,2019.53,56.73,87.77
2023-09,2023,9,46,กาฬสินธุ์,Kalasin,ภาคตะวันออกเฉียงเหนือ,70302,3597,73899,134.4,13.51,147.91,37.5,5444,2041,2001.52,32.11,53.53
2023-10,2023,10,46,กาฬสินธุ์,Kalasin,ภาคตะวันออกเฉียงเหนือ,83208,4368,87576,162.49,15.25,177.74,41.2,5603,2308,2029.55,41.5,66.31
2023-11,2023,11,46,กาฬสินธุ์,Kalasin,ภาคตะวันออกเฉียงเหนือ,100017,4978,104995,197.48,18.06,215.55,53.1,5450,2893,2052.95,37.37,66.42
2023-12,2023,12,46,กาฬสินธุ์,Kalasin,ภาคตะวันออกเฉียงเหนือ,121957,6297,128254,233.67,23.41,257.08,64.6,5412,3496,2004.46,42.38,62.59
2024-01,2024,1,46,กาฬสินธุ์,Kalasin,ภาคตะวันออกเฉียงเหนือ,142573,9320,151893,295.06,35.89,330.96,67.7,5425,3672,2178.9,33.47,42.33
2024-02,2024,2,46,กาฬสินธุ์,Kalasin,ภาคตะวันออกเฉียงเหนือ,125835,8242,134077,265.99,31.93,297.92,61.1,5569,3402,2222.01,14.82,23.48
2024-03,2024,3,46,กาฬสินธุ์,Kalasin,ภาคตะวันออกเฉียงเหนือ,119349,7864,127213,247.43,31.65,279.07,55.4,5587,3095,2193.72,27.58,37.22
2024-04,2024,4,46,กาฬสินธุ์,Kalasin,ภาคตะวันออกเฉียงเหนือ,123634,8596,132230,256.66,34.21,290.87,60.2,5419,3262,2199.73,26.0,37.91
2024-05,2024,5,46,กาฬสินธุ์,Kalasin,ภาคตะวันออกเฉียงเหนือ,94801,6280,101081,192.21,25.83,218.04,46.1,5496,2533,2157.08,16.54,21.68
2024-06,2024,6,46,กาฬสินธุ์,Kalasin,ภาคตะวันออกเฉียงเหนือ,91183,6367,97550,196.72,25.64,222.36,43.2,5411,2337,2279.45,16.3,32.28
2024-07,2024,7,46,กาฬสินธุ์,Kalasin,ภาคตะวันออกเฉียงเหนือ,106012,6748,112760,230.79,26.57,257.36,47.8,5595,2674,2282.37,32.7,52.28
2024-08,2024,8,46,กาฬสินธุ์,Kalasin,ภาคตะวันออกเฉียงเหนือ,99326,6577,105903,205.12,26.07,231.19,50.9,5449,2773,2183.04,9.42,18.27
2024-09,2024,9,46,กาฬสินธุ์,Kalasin,ภาคตะวันออกเฉียงเหนือ,84473,5903,90376,179.94,23.34,203.27,41.0,5529,2266,2249.16,22.3,37.43
2024-10,2024,10,46,กาฬสินธุ์,Kalasin,ภาคตะวันออกเฉียงเหนือ,97597,6288,103885,198.94,24.51,223.46,45.0,5484,2467,2151.03,18.62,25.72
2024-11,2024,11,46,กาฬสินธุ์,Kalasin,ภาคตะวันออกเฉียงเหนือ,122119,8441,130560,257.58,32.36,289.94,58.1,5586,3245,2220.74,24.35,34.51
2024-12,2024,12,46,กาฬสินธุ์,Kalasin,ภาคตะวันออกเฉียงเหนือ,137857,8882,146739,290.09,34.52,324.61,70.8,5491,3887,2212.16,14.41,26.27
2019-01,2019,1,47,สกลนคร,Sakon Nakhon,ภาคตะวันออกเฉียงเหนือ,124490,7724,132214,216.54,26.93,243.47,68.9,5498,3788,1841.48,0.0,0.0
2019-02,2019,2,47,สกลนคร,Sakon Nakhon,ภาคตะวันออกเฉียงเหนือ,128956,8320,137276,234.75,28.14,262.89,64.9,5534,3591,1915.05,0.0,0.0
2019-03,2019,3,47,สกลนคร,Sakon Nakhon,ภาคตะวันออกเฉียงเหนือ,104741,6697,111438,179.6,21.61,201.21,55.7,5398,3006,1805.58,0.0,0.0
2019-04,2019,4,47,สกลนคร,Sakon Nakhon,ภาคตะวันออกเฉียงเหนือ,125034,7803,132837,230.15,26.16,256.31,62.9,5403,3398,1929.51,0.0,0.0
2019-05,2019,5,47,สกลนคร,Sakon Nakhon,ภาคตะวันออกเฉียงเหนือ,87614,5297,92911,159.3,18.11,177.41,47.6,5425,2582,1909.46,0.0,0.0
2019-06,2019,6,47,สกลนคร,Sakon Nakhon,ภาคตะวันออกเฉียงเหนือ,87915,5547,93462,152.23,19.01,171.24,45.0,5442,2448,1832.19,0.0,0.0
2019-07,2019,7,47,สกลนคร,Sakon Nakhon,ภาคตะวันออกเฉียงเหนือ,93551,5739,99290,171.42,18.66,190.07,50.9,5532,2815,1914.29,0.0,0.0
2019-08,2019,8,47,สกลนคร,Sakon Nakhon,ภาคตะวันออกเฉียงเหนือ,103140,6492,109632,189.95,22.25,212.2,52.4,5430,2845,1935.57,0.0,0.0
2019-09,2019,9,47,สกลนคร,Sakon Nakhon,ภาคตะวันออกเฉียงเหนือ,83192,5049,88241,146.55,16.93,163.48,43.2,5392,2329,1852.65,0.0,0.0
2019-10,2019,10,47,สกลนคร,Sakon Nakhon,ภาคตะวันออกเฉียงเหนือ,90648,5529,96177,159.12,18.48,177.6,46.6,5419,2525,1846.6,0.0,0.0
2019-11,2019,11,47,สกลนคร,Sakon Nakhon,ภาคตะวันออกเฉียงเหนือ,117871,7782,125653,211.11,25.13,236.24,60.3,5499,3315,1880.1,0.0,0.0
2019-12,2019,12,47,สกลนคร,Sakon Nakhon,ภาคตะวันออกเฉียงเหนือ,141624,9519,151143,249.16,31.81,280.97,73.0,5432,3965,1858.97,0.0,0.0
2020-01,2020,1,47,สกลนคร,Sakon Nakhon,ภาคตะวันออกเฉียงเหนือ,49638,734,50372,73.34,2.06,75.4,28.1,5590,1570,1496.86,-61.9,-69.03
2020-02,2020,2,47,สกลนคร,Sakon Nakhon,ภาคตะวันออกเฉียงเหนือ,46404,676,47080,69.86,1.93,71.79,26.9,5409,1455,1524.85,-65.7,-72.69
2020-03,2020,3,47,สกลนคร,Sakon Nakhon,ภาคตะวันออกเฉียงเหนือ,43767,679,44446,68.37,1.92,70.29,23.9,5486,1311,1581.47,-60.12,-65.07
2020-04,2020,4,47,สกลนคร,Sakon Nakhon,ภาคตะวันออกเฉียงเหนือ,44647,702,45349,66.43,2.05,68.49,26.4,5437,1435,1510.29,-65.86,-73.28
2020-05,2020,5,47,สกลนคร,Sakon Nakhon,ภาคตะวันออกเฉียงเหนือ,34135,528,34663,53.44,1.51,54.95,19.6,5566,1090,1585.26,-62.69,-69.03
2020-06,2020,6,47,สกลนคร,Sakon Nakhon,ภาคตะวันออกเฉียงเหนือ,33904,504,34408,53.2,1.49,54.68,18.5,5585,1033,1589.17,-63.19,-68.07
2020-07,2020,7,47,สกลนคร,Sakon Nakhon,ภาคตะวันออกเฉียงเหนือ,38127,577,38704,56.91,1.62,58.53,20.7,5573,1153,1512.25,-61.02,-69.21
2020-08,2020,8,47,สกลนคร,Sakon Nakhon,ภาคตะวันออกเฉียงเหนือ,40445,617,41062,60.83,1.81,62.64,22.0,5442,1197,1525.5,-62.55,-70.48
2020-09,2020,9,47,สกลนคร,Sakon Nakhon,ภาคตะวันออกเฉียงเหนือ,33053,522,33575,51.16,1.5,52.66,17.3,5466,945,1568.43,-61.95,-67.79
2020-10,2020,10,47,สกลนคร,Sakon Nakhon,ภาคตะวันออกเฉียงเหนือ,34400,545,34945,50.3,1.54,51.84,19.3,5506,1062,1483.47,-63.67,-70.81
2020-11,2020,11,47,สกลนคร,Sakon Nakhon,ภาคตะวันออกเฉียงเหนือ,48362,708,49070,75.44,2.0,77.44,26.0,5501,1430,1578.15,-60.95,-67.22
2020-12,2020,12,47,สกลนคร,Sakon Nakhon,ภาคตะวันออกเฉียงเหนือ,57507,831,58338,85.91,2.44,88.35,30.7,5459,1675,1514.45,-61.4,-68.56
2021-01,2021,1,47,สกลนคร,Sakon Nakhon,ภาคตะวันออกเฉียงเหนือ,34369,206,34575,48.25,0.55,48.8,19.9,5557,1105,1411.42,-31.36,-35.28
2021-02,2021,2,47,สกลนคร,Sakon Nakhon,ภาคตะวันออกเฉียงเหนือ,31758,191,31949,44.31,0.53,44.84,19.0,5596,1063,1403.49,-32.14,-37.54
2021-03,2021,3,47,สกลนคร,Sakon Nakhon,ภาคตะวันออกเฉียงเหนือ,28365,165,28530,40.28,0.45,40.73,17.0,5457,927,1427.62,-35.81,-42.05
2021-04,2021,4,47,สกลนคร,Sakon Nakhon,ภาคตะวันออกเฉียงเหนือ,31832,185,32017,44.11,0.49,44.61,18.9,5490,1037,1393.32,-29.4,-34.87
2021-05,2021,5,47,สกลนคร,Sakon Nakhon,ภาคตะวันออกเฉียงเหนือ,24942,152,25094,34.72,0.4,35.12,15.0,5442,816,1399.54,-27.61,-36.09
2021-06,2021,6,47,สกลนคร,Sakon Nakhon,ภาคตะวันออกเฉียงเหนือ,23189,146,23335,31.96,0.38,32.35,15.0,5581,837,1386.33,-32.18,-40.84
2021-07,2021,7,47,สกลนคร,Sakon Nakhon,ภาคตะวันออกเฉียงเหนือ,27183,170,27353,39.19,0.45,39.63,15.3,5492,840,1448.84,-29.33,-32.29
2021-08,2021,8,47,สกลนคร,Sakon Nakhon,ภาคตะวันออกเฉียงเหนือ,25958,159,26117,35.83,0.43,36.26,15.2,5504,836,1388.37,-36.4,-42.11
2021-09,2021,9,47,สกลนคร,Sakon Nakhon,ภาคตะวันออกเฉียงเหนือ,22351,132,22483,31.76,0.36,32.12,15.0,5404,810,1428.63,-33.04,-39.0
2021-10,2021,10,47,สกลนคร,Sakon Nakhon,ภาคตะวันออกเฉียงเหนือ,24664,146,24810,34.72,0.38,35.11,15.0,5599,839,1415.16,-29.0,-32.27
2021-11,2021,11,47,สกลนคร,Sakon Nakhon,ภาคตะวันออกเฉียงเหนือ,30480,181,30661,44.97,0.5,45.47,18.1,5531,1001,1482.99,-37.52,-41.28
2021-12,2021,12,47,สกลนคร,Sakon Nakhon,ภาคตะวันออกเฉียงเหนือ,39548,235,39783,57.74,0.63,58.37,21.5,5608,1205,1467.21,-31.81,-33.93
2022-01,2022,1,47,สกลนคร,Sakon Nakhon,ภาคตะวันออกเฉียงเหนือ,84267,2473,86740,145.37,7.88,153.25,46.9,5449,2555,1766.77,150.87,214.04
2022-02,2022,2,47,สกลนคร,Sakon Nakhon,ภาคตะวันออกเฉียงเหนือ,79342,2264,81606,137.89,7.15,145.04,43.5,5413,2354,1777.32,155.43,223.46
2022-03,2022,3,47,สกลนคร,Sakon Nakhon,ภาคตะวันออกเฉียงเหนือ,67495,1971,69466,114.4,6.41,120.81,37.5,5525,2071,1739.12,143.48,196.61
2022-04,2022,4,47,สกลนคร,Sakon Nakhon,ภาคตะวันออกเฉียงเหนือ,75667,2245,77912,127.79,7.12,134.91,43.2,5563,2403,1731.57,143.35,202.42
2022-05,2022,5,47,สกลนคร,Sakon Nakhon,ภาคตะวันออกเฉียงเหนือ,54891,1595,56486,91.15,5.05,96.2,31.5,5506,1734,1703.08,125.1,173.92
2022-06,2022,6,47,สกลนคร,Sakon Nakhon,ภาคตะวันออกเฉียงเหนือ,53202,1537,54739,93.46,4.82,98.28,29.9,5390,1611,1795.43,134.58,203.8
2022-07,2022,7,47,สกลนคร,Sakon Nakhon,ภาคตะวันออกเฉียงเหนือ,61858,1761,63619,109.03,5.78,114.81,33.5,5489,1838,1804.65,132.59,189.7
2022-08,2022,8,47,สกลนคร,Sakon Nakhon,ภาคตะวันออกเฉียงเหนือ,64683,1859,66542,105.39,6.02,111.42,34.5,5477,1889,1674.43,154.78,207.28
2022-09,2022,9,47,สกลนคร,Sakon Nakhon,ภาคตะวันออกเฉียงเหนือ,51710,1596,53306,90.22,5.03,95.25,27.9,5606,1564,1786.85,137.09,196.54
2022-10,2022,10,47,สกลนคร,Sakon Nakhon,ภาคตะวันออกเฉียงเหนือ,56839,1719,58558,93.5,5.44,98.94,31.6,5504,1739,1689.61,136.03,181.8
2022-11,2022,11,47,สกลนคร,Sakon Nakhon,ภาคตะวันออกเฉียงเหนือ,72812,2257,75069,119.47,7.05,126.53,40.1,5501,2205,1685.52,144.84,178.27
2022-12,2022,12,47,สกลนคร,Sakon Nakhon,ภาคตะวันออกเฉียงเหนือ,92177,2698,94875,151.14,8.67,159.8,48.1,5480,2635,1684.32,138.48,173.77
2023-01,2023,1,47,สกลนคร,Sakon Nakhon,ภาคตะวันออกเฉียงเหนือ,120520,6193,126713,241.03,22.6,263.63,61.8,5488,3391,2080.53,46.08,72.03
2023-02,2023,2,47,สกลนคร,Sakon Nakhon,ภาคตะวันออกเฉียงเหนือ,110113,5668,115781,205.1,20.27,225.37,56.6,5570,3152,1946.52,41.88,55.38
2023-03,2023,3,47,สกลนคร,Sakon Nakhon,ภาคตะวันออกเฉียงเหนือ,98204,5181,103385,195.01,18.61,213.62,51.5,5428,2795,2066.26,48.83,76.82
2023-04,2023,4,47,สกลนคร,Sakon Nakhon,ภาคตะวันออกเฉียงเหนือ,106424,5655,112079,203.25,20.14,223.39,54.5,5570,3035,1993.15,43.85,65.58
2023-05,2023,5,47,สกลนคร,Sakon Nakhon,ภาคตะวันออกเฉียงเหนือ,80187,4351,84538,153.11,15.62,168.73,42.7,5482,2340,1995.91,49.66,75.4
2023-06,2023,6,47,สกลนคร,Sakon Nakhon,ภาคตะวันออกเฉียงเหนือ,74527,3832,78359,142.46,13.94,156.4,40.4,5577,2253,1995.94,43.15,59.14
2023-07,2023,7,47,สกลนคร,Sakon Nakhon,ภาคตะวันออกเฉียงเหนือ,85659,4343,90002,169.69,15.98,185.67,43.3,5489,2376,2062.95,41.47,61.72
2023-08,2023,8,47,สกลนคร,Sakon Nakhon,ภาคตะวันออกเฉียงเหนือ,85900,4408,90308,165.92,16.12,182.04,46.3,5398,2499,2015.77,35.72,63.38
2023-09,2023,9,47,สกลนคร,Sakon Nakhon,ภาคตะวันออกเฉียงเหนือ,67343,3631,70974,134.65,12.74,147.38,36.7,5523,2026,2076.54,33.14,54.73
2023-10,2023,10,47,สกลนคร,Sakon Nakhon,ภาคตะวันออกเฉียงเหนือ,82323,4112,86435,158.52,15.18,173.7,40.6,5543,2250,2009.6,47.61,75.56
2023-11,2023,11,47,สกลนคร,Sakon Nakhon,ภาคตะวันออกเฉียงเหนือ,107407,5352,112759,214.6,19.6,234.2,54.9,5403,2966,2077.0,50.21,85.09
2023-12,2023,12,47,สกลนคร,Sakon Nakhon,ภาคตะวันออกเฉียงเหนือ,123348,6518,129866,232.55,24.41,256.95,63.8,5485,3499,1978.58,36.88,60.79
2024-01,2024,1,47,สกลนคร,Sakon Nakhon,ภาคตะวันออกเฉียงเหนือ,133887,8876,142763,291.88,36.17,328.05,65.9,5595,3687,2297.86,12.67,24.44
2024-02,2024,2,47,สกลนคร,Sakon Nakhon,ภาคตะวันออกเฉียงเหนือ,124673,8384,133057,272.65,32.24,304.89,62.3,5570,3470,2291.42,14.92,35.28
2024-03,2024,3,47,สกลนคร,Sakon Nakhon,ภาคตะวันออกเฉียงเหนือ,120811,8228,129039,260.98,32.29,293.27,54.0,5412,2922,2272.72,24.81,37.29
2024-04,2024,4,47,สกลนคร,Sakon Nakhon,ภาคตะวันออกเฉียงเหนือ,125076,8583,133659,263.48,35.31,298.79,59.6,5540,3301,2235.46,19.25,33.75
2024-05,2024,5,47,สกลนคร,Sakon Nakhon,ภาคตะวันออกเฉียงเหนือ,90210,6259,96469,186.33,24.39,210.72,47.5,5451,2589,2184.33,14.11,24.89
2024-06,2024,6,47,สกลนคร,Sakon Nakhon,ภาคตะวันออกเฉียงเหนือ,85807,6005,91812,173.68,23.8,197.48,44.6,5499,2452,2150.92,17.17,26.27
2024-07,2024,7,47,สกลนคร,Sakon Nakhon,ภาคตะวันออกเฉียงเหนือ,101176,6446,107622,210.15,25.45,235.6,48.1,5509,2649,2189.14,19.58,26.89
2024-08,2024,8,47,สกลนคร,Sakon Nakhon,ภาคตะวันออกเฉียงเหนือ,108501,6973,115474,230.77,27.35,258.12,50.6,5407,2735,2235.31,27.87,41.79
2024-09,2024,9,47,สกลนคร,Sakon Nakhon,ภาคตะวันออกเฉียงเหนือ,87453,5897,93350,181.26,23.41,204.66,41.6,5589,2325,2192.39,31.53,38.87
2024-10,2024,10,47,สกลนคร,Sakon Nakhon,ภาคตะวันออกเฉียงเหนือ,99153,6706,105859,205.93,27.19,233.12,44.5,5446,2423,2202.17,22.47,34.21
2024-11,2024,11,47,สกลนคร,Sakon Nakhon,ภาคตะวันออกเฉียงเหนือ,126959,8841,135800,272.47,36.1,308.58,58.1,5456,3169,2272.31,20.43,31.76
2024-12,2024,12,47,สกลนคร,Sakon Nakhon,ภาคตะวันออกเฉียงเหนือ,137888,9117,147005,296.27,35.17,331.44,68.5,5496,3764,2254.62,13.2,28.99
2019-01,2019,1,48,นครพนม,Nakhon Phanom,ภาคตะวันออกเฉียงเหนือ,125033,8296,133329,223.45,27.75,251.2,66.9,5520,3692,1884.06,0.0,0.0
2019-02,2019,2,48,นครพนม,Nakhon Phanom,ภาคตะวันออกเฉียงเหนือ,116687,7320,124007,203.7,25.44,229.14,63.2,5485,3466,1847.8,0.0,0.0
2019-03,2019,3,48,นครพนม,Nakhon Phanom,ภาคตะวันออกเฉียงเหนือ,103570,6497,110067,185.94,22.36,208.3,56.7,5454,3092,1892.48,0.0,0.0
2019-04,2019,4,48,นครพนม,Nakhon Phanom,ภาคตะวันออกเฉียงเหนือ,114235,6911,121146,203.06,23.46,226.52,60.7,5600,3399,1869.81,0.0,0.0
2019-05,2019,5,48,นครพนม,Nakhon Phanom,ภาคตะวันออกเฉียงเหนือ,86710,5252,91962,159.62,17.17,176.79,46.8,5467,2558,1922.42,0.0,0.0
2019-06,2019,6,48,นครพนม,Nakhon Phanom,ภาคตะวันออกเฉียงเหนือ,86557,5563,92120,153.11,19.33,172.44,43.1,5394,2324,1871.91,0.0,0.0
2019-07,2019,7,48,นครพนม,Nakhon Phanom,ภาคตะวันออกเฉียงเหนือ,90658,5726,96384,165.45,19.59,185.04,48.5,5390,2614,1919.82,0.0,0.0
2019-08,2019,8,48,นครพนม,Nakhon Phanom,ภาคตะวันออกเฉียงเหนือ,103690,6531,110221,178.61,21.66,200.27,51.3,5413,2776,1816.99,0.0,0.0
2019-09,2019,9,48,นครพนม,Nakhon Phanom,ภาคตะวันออกเฉียงเหนือ,81038,5305,86343,139.86,17.8,157.66,43.3,5503,2382,1825.97,0.0,0.0
2019-10,2019,10,48,นครพนม,Nakhon Phanom,ภาคตะวันออกเฉียงเหนือ,90798,5977,96775,156.94,19.54,176.49,45.5,5582,2539,1823.71,0.0,0.0
2019-11,2019,11,48,นครพนม,Nakhon Phanom,ภาคตะวันออกเฉียงเหนือ,109734,7141,116875,200.03,24.0,224.03,60.4,5422,3274,1916.83,0.0,0.0
2019-12,2019,12,48,นครพนม,Nakhon Phanom,ภาคตะวันออกเฉียงเหนือ,138462,8749,147211,244.14,28.32,272.45,70.3,5540,3894,1850.74,0.0,0.0
2020-01,2020,1,48,นครพนม,Nakhon Phanom,ภาคตะวันออกเฉียงเหนือ,52186,787,52973,76.32,2.33,78.64,27.9,5514,1538,1484.53,-60.27,-68.69
2020-02,2020,2,48,นครพนม,Nakhon Phanom,ภาคตะวันออกเฉียงเหนือ,48206,709,48915,73.5,2.1,75.6,27.1,5461,1479,1545.54,-60.55,-67.01
2020-03,2020,3,48,นครพนม,Nakhon Phanom,ภาคตะวันออกเฉียงเหนือ,40989,621,41610,62.76,1.82,64.58,24.3,5498,1336,1552.03,-62.2,-69.0
2020-04,2020,4,48,นครพนม,Nakhon Phanom,ภาคตะวันออกเฉียงเหนือ,44758,660,45418,67.03,1.84,68.86,26.0,5501,1430,1516.14,-62.51,-69.6
2020-05,2020,5,48,นครพนม,Nakhon Phanom,ภาคตะวันออกเฉียงเหนือ,37523,549,38072,55.43,1.56,56.98,19.7,5447,1073,1496.64,-58.6,-67.77
2020-06,2020,6,48,นครพนม,Nakhon Phanom,ภาคตะวันออกเฉียงเหนือ,33280,518,33798,48.97,1.48,50.45,19.1,5489,1048,1492.69,-63.31,-70.74
2020-07,2020,7,48,นครพนม,Nakhon Phanom,ภาคตะวันออกเฉียงเหนือ,40007,605,40612,62.38,1.71,64.1,20.8,5511,1146,1578.35,-57.86,-65.36
2020-08,2020,8,48,นครพนม,Nakhon Phanom,ภาคตะวันออกเฉียงเหนือ,38108,554,38662,57.44,1.62,59.06,21.2,5440,1153,1527.6,-64.92,-70.51
2020-09,2020,9,48,นครพนม,Nakhon Phanom,ภาคตะวันออกเฉียงเหนือ,31688,483,32171,49.52,1.43,50.95,17.3,5428,939,1583.72,-62.74,-67.68
2020-10,2020,10,48,นครพนม,Nakhon Phanom,ภาคตะวันออกเฉียงเหนือ,35031,521,35552,54.51,1.44,55.95,20.1,5462,1097,1573.75,-63.26,-68.3
2020-11,2020,11,48,นครพนม,Nakhon Phanom,ภาคตะวันออกเฉียงเหนือ,46620,724,47344,68.59,2.12,70.72,25.9,5495,1423,1493.75,-59.49,-68.43
2020-12,2020,12,48,นครพนม,Nakhon Phanom,ภาคตะวันออกเฉียงเหนือ,55390,807,56197,85.88,2.26,88.14,30.0,5594,1678,1568.41,-61.83,-67.65
2021-01,2021,1,48,นครพนม,Nakhon Phanom,ภาคตะวันออกเฉียงเหนือ,37619,233,37852,52.62,0.62,53.24,19.9,5420,1078,1406.53,-28.54,-32.3
2021-02,2021,2,48,นครพนม,Nakhon Phanom,ภาคตะวันออกเฉียงเหนือ,33261,197,33458,47.57,0.53,48.1,19.3,5566,1074,1437.62,-31.6,-36.38
2021-03,2021,3,48,นครพนม,Nakhon Phanom,ภาคตะวันออกเฉียงเหนือ,30240,176,30416,42.06,0.48,42.53,16.6,5462,906,1398.28,-26.9,-34.14
2021-04,2021,4,48,นครพนม,Nakhon Phanom,ภาคตะวันออกเฉียงเหนือ,32821,191,33012,47.18,0.5,47.68,19.2,5411,1038,1444.32,-27.32,-30.76
2021-05,2021,5,48,นครพนม,Nakhon Phanom,ภาคตะวันออกเฉียงเหนือ,24198,144,24342,34.38,0.39,34.78,15.0,5548,832,1428.81,-36.06,-38.96
2021-06,2021,6,48,นครพนม,Nakhon Phanom,ภาคตะวันออกเฉียงเหนือ,23233,140,23373,33.81,0.39,34.2,15.0,5393,808,1463.23,-30.85,-32.21
2021-07,2021,7,48,นครพนม,Nakhon Phanom,ภาคตะวันออกเฉียงเหนือ,24911,149,25060,35.79,0.4,36.19,15.0,5393,808,1444.13,-38.29,-43.54
2021-08,2021,8,48,นครพนม,Nakhon Phanom,ภาคตะวันออกเฉียงเหนือ,28145,173,28318,40.18,0.47,40.65,15.2,5416,823,1435.48,-26.75,-31.17
2021-09,2021,9,48,นครพนม,Nakhon Phanom,ภาคตะวันออกเฉียงเหนือ,21521,125,21646,30.98,0.34,31.32,15.0,5475,821,1446.92,-32.72,-38.53
2021-10,2021,10,48,นครพนม,Nakhon Phanom,ภาคตะวันออกเฉียงเหนือ,24682,153,24835,36.38,0.41,36.79,15.0,5516,827,1481.38,-30.14,-34.24
2021-11,2021,11,48,นครพนม,Nakhon Phanom,ภาคตะวันออกเฉียงเหนือ,30316,190,30506,44.26,0.51,44.78,18.5,5446,1007,1467.91,-35.57,-36.68
2021-12,2021,12,48,นครพนม,Nakhon Phanom,ภาคตะวันออกเฉียงเหนือ,37321,230,37551,53.27,0.63,53.9,21.8,5510,1201,1435.38,-33.18,-38.85
2022-01,2022,1,48,นครพนม,Nakhon Phanom,ภาคตะวันออกเฉียงเหนือ,81122,2512,83634,134.03,8.07,142.1,46.4,5607,2601,1699.07,120.95,166.9
2022-02,2022,2,48,นครพนม,Nakhon Phanom,ภาคตะวันออกเฉียงเหนือ,77024,2223,79247,134.2,7.11,141.31,43.2,5485,2369,1783.16,136.86,193.78
2022-03,2022,3,48,นครพนม,Nakhon Phanom,ภาคตะวันออกเฉียงเหนือ,68722,2126,70848,118.48,6.79,125.27,37.9,5557,2106,1768.15,132.93,194.55
2022-04,2022,4,48,นครพนม,Nakhon Phanom,ภาคตะวันออกเฉียงเหนือ,72734,2181,74915,124.28,7.24,131.52,43.0,5559,2390,1755.59,126.93,175.84
2022-05,2022,5,48,นครพนม,Nakhon Phanom,ภาคตะวันออกเฉียงเหนือ,56652,1731,58383,98.7,5.31,104.01,33.2,5547,1841,1781.51,139.84,199.05
2022-06,2022,6,48,นครพนม,Nakhon Phanom,ภาคตะวันออกเฉียงเหนือ,56116,1698,57814,98.85,5.26,104.11,30.3,5500,1666,1800.77,147.35,204.42
2022-07,2022,7,48,นครพนม,Nakhon Phanom,ภาคตะวันออกเฉียงเหนือ,62404,1933,64337,102.08,6.36,108.44,33.1,5556,1839,1685.5,156.73,199.64
2022-08,2022,8,48,นครพนม,Nakhon Phanom,ภาคตะวันออกเฉียงเหนือ,65477,1919,67396,109.72,5.89,115.61,34.9,5598,1953,1715.38,138.0,184.4
2022-09,2022,9,48,นครพนม,Nakhon Phanom,ภาคตะวันออกเฉียงเหนือ,54241,1585,55826,93.84,5.17,99.01,29.3,5457,1598,1773.55,157.9,216.12
2022-10,2022,10,48,นครพนม,Nakhon Phanom,ภาคตะวันออกเฉียงเหนือ,54854,1699,56553,92.34,5.3,97.65,30.9,5507,1701,1726.7,127.71,165.43
2022-11,2022,11,48,นครพนม,Nakhon Phanom,ภาคตะวันออกเฉียงเหนือ,75484,2198,77682,123.51,7.12,130.63,42.0,5569,2338,1681.6,154.64,191.72
2022-12,2022,12,48,นครพนม,Nakhon Phanom,ภาคตะวันออกเฉียงเหนือ,90945,2700,93645,148.29,8.78,157.06,48.4,5588,2704,1677.19,149.38,191.39
2023-01,2023,1,48,นครพนม,Nakhon Phanom,ภาคตะวันออกเฉียงเหนือ,119965,6078,126043,225.07,21.83,246.9,59.0,5534,3265,1958.86,50.71,73.75
2023-02,2023,2,48,นครพนม,Nakhon Phanom,ภาคตะวันออกเฉียงเหนือ,102267,5337,107604,192.7,19.96,212.65,55.6,5559,3090,1976.23,35.78,50.48
2023-03,2023,3,48,นครพนม,Nakhon Phanom,ภาคตะวันออกเฉียงเหนือ,101358,5212,106570,200.31,19.25,219.56,50.5,5477,2765,2060.24,50.42,75.27
2023-04,2023,4,48,นครพนม,Nakhon Phanom,ภาคตะวันออกเฉียงเหนือ,108492,5833,114325,202.02,20.61,222.62,54.0,5425,2929,1947.26,52.61,69.27
2023-05,2023,5,48,นครพนม,Nakhon Phanom,ภาคตะวันออกเฉียงเหนือ,85204,4592,89796,166.16,16.68,182.84,41.2,5543,2283,2036.17,53.81,75.79
2023-06,2023,6,48,นครพนม,Nakhon Phanom,ภาคตะวันออกเฉียงเหนือ,75257,3690,78947,140.72,13.82,154.54,38.8,5423,2104,1957.52,36.55,48.44
2023-07,2023,7,48,นครพนม,Nakhon Phanom,ภาคตะวันออกเฉียงเหนือ,82930,4193,87123,158.87,15.65,174.53,43.8,5522,2418,2003.26,35.42,60.95
2023-08,2023,8,48,นครพนม,Nakhon Phanom,ภาคตะวันออกเฉียงเหนือ,88274,4386,92660,172.38,15.68,188.06,44.7,5457,2439,2029.57,37.49,62.67
2023-09,2023,9,48,นครพนม,Nakhon Phanom,ภาคตะวันออกเฉียงเหนือ,76233,3795,80028,150.26,13.69,163.95,36.4,5541,2016,2048.66,43.35,65.59
2023-10,2023,10,48,นครพนม,Nakhon Phanom,ภาคตะวันออกเฉียงเหนือ,79796,3925,83721,155.49,14.41,169.9,40.4,5466,2208,2029.36,48.04,73.99
2023-11,2023,11,48,นครพนม,Nakhon Phanom,ภาคตะวันออกเฉียงเหนือ,101041,5032,106073,202.36,18.92,221.28,53.0,5537,2934,2086.11,36.55,69.39
2023-12,2023,12,48,นครพนม,Nakhon Phanom,ภาคตะวันออกเฉียงเหนือ,120024,5954,125978,237.62,20.97,258.59,64.4,5474,3525,2052.66,34.53,64.64
2024-01,2024,1,48,นครพนม,Nakhon Phanom,ภาคตะวันออกเฉียงเหนือ,131403,8425,139828,276.99,34.6,311.59,64.9,5497,3567,2228.38,10.94,26.2
2024-02,2024,2,48,นครพนม,Nakhon Phanom,ภาคตะวันออกเฉียงเหนือ,132972,9051,142023,271.13,36.83,307.95,63.1,5448,3437,2168.31,31.99,44.82
2024-03,2024,3,48,นครพนม,Nakhon Phanom,ภาคตะวันออกเฉียงเหนือ,117176,7624,124800,245.55,31.32,276.86,55.3,5539,3063,2218.43,17.11,26.1
2024-04,2024,4,48,นครพนม,Nakhon Phanom,ภาคตะวันออกเฉียงเหนือ,129966,8255,138221,280.96,33.65,314.61,60.8,5513,3351,2276.14,20.9,41.32
2024-05,2024,5,48,นครพนม,Nakhon Phanom,ภาคตะวันออกเฉียงเหนือ,97815,6733,104548,210.67,27.32,237.99,45.4,5407,2454,2276.37,16.43,30.16
2024-06,2024,6,48,นครพนม,Nakhon Phanom,ภาคตะวันออกเฉียงเหนือ,93233,6237,99470,198.19,23.94,222.13,44.7,5397,2412,2233.14,26.0,43.74
2024-07,2024,7,48,นครพนม,Nakhon Phanom,ภาคตะวันออกเฉียงเหนือ,100392,6668,107060,216.57,25.57,242.14,48.6,5570,2707,2261.72,22.88,38.74
2024-08,2024,8,48,นครพนม,Nakhon Phanom,ภาคตะวันออกเฉียงเหนือ,108103,7269,115372,234.39,29.67,264.07,50.4,5590,2817,2288.86,24.51,40.42
2024-09,2024,9,48,นครพนม,Nakhon Phanom,ภาคตะวันออกเฉียงเหนือ,80423,5143,85566,175.13,19.77,194.9,41.7,5599,2334,2277.77,6.92,18.88
2024-10,2024,10,48,นครพนม,Nakhon Phanom,ภาคตะวันออกเฉียงเหนือ,91221,6124,97345,197.63,23.97,221.6,46.8,5465,2557,2276.44,16.27,30.43
2024-11,2024,11,48,นครพนม,Nakhon Phanom,ภาคตะวันออกเฉียงเหนือ,122324,8218,130542,252.02,33.32,285.34,57.9,5496,3182,2185.81,23.07,28.95
2024-12,2024,12,48,นครพนม,Nakhon Phanom,ภาคตะวันออกเฉียงเหนือ,147925,9559,157484,313.15,36.61,349.77,68.0,5519,3752,2220.99,25.01,35.26
2019-01,2019,1,49,มุกดาหาร,Mukdahan,ภาคตะวันออกเฉียงเหนือ,124118,7830,131948,217.26,27.3,244.56,68.1,5461,3718,1853.46,0.0,0.0
2019-02,2019,2,49,มุกดาหาร,Mukdahan,ภาคตะวันออกเฉียงเหนือ,121038,7818,128856,211.57,27.2,238.77,62.3,5433,3384,1853.0,0.0,0.0
2019-03,2019,3,49,มุกดาหาร,Mukdahan,ภาคตะวันออกเฉียงเหนือ,114271,7213,121484,205.88,23.44,229.32,55.4,5465,3027,1887.66,0.0,0.0
2019-04,2019,4,49,มุกดาหาร,Mukdahan,ภาคตะวันออกเฉียงเหนือ,119530,7420,126950,216.43,24.93,241.36,60.5,5450,3297,1901.22,0.0,0.0
2019-05,2019,5,49,มุกดาหาร,Mukdahan,ภาคตะวันออกเฉียงเหนือ,86836,5379,92215,156.34,18.1,174.44,46.8,5402,2528,1891.67,0.0,0.0
2019-06,2019,6,49,มุกดาหาร,Mukdahan,ภาคตะวันออกเฉียงเหนือ,88099,5638,93737,153.92,19.36,173.28,43.9,5396,2368,1848.58,0.0,0.0
2019-07,2019,7,49,มุกดาหาร,Mukdahan,ภาคตะวันออกเฉียงเหนือ,97639,6137,103776,167.49,20.22,187.71,49.8,5577,2777,1808.8,0.0,0.0
2019-08,2019,8,49,มุกดาหาร,Mukdahan,ภาคตะวันออกเฉียงเหนือ,95377,5969,101346,175.36,20.55,195.91,50.7,5578,2828,1933.08,0.0,0.0
2019-09,2019,9,49,มุกดาหาร,Mukdahan,ภาคตะวันออกเฉียงเหนือ,81894,5081,86975,145.35,17.05,162.4,41.0,5413,2219,1867.2,0.0,0.0
2019-10,2019,10,49,มุกดาหาร,Mukdahan,ภาคตะวันออกเฉียงเหนือ,89244,5676,94920,161.21,18.47,179.68,47.5,5572,2646,1892.96,0.0,0.0
2019-11,2019,11,49,มุกดาหาร,Mukdahan,ภาคตะวันออกเฉียงเหนือ,118115,7276,125391,212.74,25.18,237.92,59.2,5601,3315,1897.42,0.0,0.0
2019-12,2019,12,49,มุกดาหาร,Mukdahan,ภาคตะวันออกเฉียงเหนือ,144051,8968,153019,247.98,30.88,278.87,71.4,5405,3859,1822.45,0.0,0.0
2020-01,2020,1,49,มุกดาหาร,Mukdahan,ภาคตะวันออกเฉียงเหนือ,52216,758,52974,80.17,2.15,82.32,28.7,5530,1587,1553.97,-59.85,-66.34
2020-02,2020,2,49,มุกดาหาร,Mukdahan,ภาคตะวันออกเฉียงเหนือ,46188,737,46925,69.65,2.07,71.72,27.0,5395,1456,1528.4,-63.58,-69.96
2020-03,2020,3,49,มุกดาหาร,Mukdahan,ภาคตะวันออกเฉียงเหนือ,41283,597,41880,63.63,1.68,65.31,24.2,5455,1320,1559.46,-65.53,-71.52
2020-04,2020,4,49,มุกดาหาร,Mukdahan,ภาคตะวันออกเฉียงเหนือ,47233,702,47935,72.27,1.93,74.2,25.9,5455,1412,1547.93,-62.24,-69.26
2020-05,2020,5,49,มุกดาหาร,Mukdahan,ภาคตะวันออกเฉียงเหนือ,36482,550,37032,53.7,1.63,55.32,20.5,5440,1115,1493.84,-59.84,-68.29
2020-06,2020,6,49,มุกดาหาร,Mukdahan,ภาคตะวันออกเฉียงเหนือ,34719,521,35240,50.99,1.43,52.42,18.6,5541,1030,1487.51,-62.41,-69.75
2020-07,2020,7,49,มุกดาหาร,Mukdahan,ภาคตะวันออกเฉียงเหนือ,36643,571,37214,56.97,1.63,58.61,21.2,5437,1152,1574.94,-64.14,-68.78
2020-08,2020,8,49,มุกดาหาร,Mukdahan,ภาคตะวันออกเฉียงเหนือ,40977,645,41622,62.75,1.85,64.6,21.5,5476,1177,1552.06,-58.93,-67.03
2020-09,2020,9,49,มุกดาหาร,Mukdahan,ภาคตะวันออกเฉียงเหนือ,31577,470,32047,49.45,1.35,50.81,18.2,5533,1007,1585.48,-63.15,-68.71
2020-10,2020,10,49,มุกดาหาร,Mukdahan,ภาคตะวันออกเฉียงเหนือ,34900,537,35437,52.49,1.56,54.06,20.0,5513,1102,1525.52,-62.67,-69.91
2020-11,2020,11,49,มุกดาหาร,Mukdahan,ภาคตะวันออกเฉียงเหนือ,45846,692,46538,72.04,1.98,74.01,25.5,5599,1427,1590.31,-62.89,-68.89
2020-12,2020,12,49,มุกดาหาร,Mukdahan,ภาคตะวันออกเฉียงเหนือ,53854,850,54704,84.84,2.42,87.26,30.8,5462,1682,1595.13,-64.25,-68.71
2021-01,2021,1,49,มุกดาหาร,Mukdahan,ภาคตะวันออกเฉียงเหนือ,35752,218,35970,51.79,0.6,52.39,20.0,5462,1092,1456.49,-32.1,-36.36
2021-02,2021,2,49,มุกดาหาร,Mukdahan,ภาคตะวันออกเฉียงเหนือ,33347,207,33554,47.0,0.56,47.56,19.3,5547,1070,1417.42,-28.49,-33.69
2021-03,2021,3,49,มุกดาหาร,Mukdahan,ภาคตะวันออกเฉียงเหนือ,28880,181,29061,40.17,0.47,40.64,17.1,5495,939,1398.44,-30.61,-37.77
2021-04,2021,4,49,มุกดาหาร,Mukdahan,ภาคตะวันออกเฉียงเหนือ,31845,199,32044,46.84,0.52,47.36,18.7,5479,1024,1477.97,-33.15,-36.17
2021-05,2021,5,49,มุกดาหาร,Mukdahan,ภาคตะวันออกเฉียงเหนือ,23903,137,24040,32.99,0.38,33.37,15.0,5394,809,1388.1,-35.08,-39.68
2021-06,2021,6,49,มุกดาหาร,Mukdahan,ภาคตะวันออกเฉียงเหนือ,23249,145,23394,34.41,0.4,34.81,15.0,5517,827,1487.99,-33.62,-33.59
2021-07,2021,7,49,มุกดาหาร,Mukdahan,ภาคตะวันออกเฉียงเหนือ,27704,167,27871,41.0,0.45,41.45,15.0,5431,814,1487.21,-25.11,-29.28
2021-08,2021,8,49,มุกดาหาร,Mukdahan,ภาคตะวันออกเฉียงเหนือ,26720,153,26873,37.95,0.4,38.35,15.3,5399,826,1427.08,-35.44,-40.63
2021-09,2021,9,49,มุกดาหาร,Mukdahan,ภาคตะวันออกเฉียงเหนือ,21960,137,22097,32.58,0.37,32.95,15.0,5532,829,1491.15,-31.05,-35.15
2021-10,2021,10,49,มุกดาหาร,Mukdahan,ภาคตะวันออกเฉียงเหนือ,24421,150,24571,34.24,0.41,34.64,15.0,5523,828,1409.79,-30.66,-35.92
2021-11,2021,11,49,มุกดาหาร,Mukdahan,ภาคตะวันออกเฉียงเหนือ,31943,201,32144,46.28,0.52,46.81,18.6,5456,1014,1456.26,-30.93,-36.75
2021-12,2021,12,49,มุกดาหาร,Mukdahan,ภาคตะวันออกเฉียงเหนือ,37136,215,37351,54.02,0.57,54.6,21.9,5445,1192,1461.81,-31.72,-37.43
2022-01,2022,1,49,มุกดาหาร,Mukdahan,ภาคตะวันออกเฉียงเหนือ,85945,2613,88558,150.13,8.15,158.27,46.0,5585,2569,1787.19,146.2,202.1
2022-02,2022,2,49,มุกดาหาร,Mukdahan,ภาคตะวันออกเฉียงเหนือ,81942,2448,84390,136.31,7.86,144.16,43.6,5516,2404,1708.26,151.51,203.11
2022-03,2022,3,49,มุกดาหาร,Mukdahan,ภาคตะวันออกเฉียงเหนือ,71306,2202,73508,120.41,6.77,127.18,39.0,5410,2109,1730.15,152.94,212.94
2022-04,2022,4,49,มุกดาหาร,Mukdahan,ภาคตะวันออกเฉียงเหนือ,74832,2189,77021,126.9,7.11,134.01,42.4,5546,2351,1739.92,140.36,182.96
2022-05,2022,5,49,มุกดาหาร,Mukdahan,ภาคตะวันออกเฉียงเหนือ,59845,1853,61698,105.5,5.78,111.27,32.8,5549,1820,1803.46,156.65,233.44
2022-06,2022,6,49,มุกดาหาร,Mukdahan,ภาคตะวันออกเฉียงเหนือ,53482,1651,55133,89.14,5.16,94.3,29.4,5557,1633,1710.41,135.67,170.9
2022-07,2022,7,49,มุกดาหาร,Mukdahan,ภาคตะวันออกเฉียงเหนือ,62386,1780,64166,108.17,5.68,113.85,33.2,5581,1852,1774.3,130.22,174.67
2022-08,2022,8,49,มุกดาหาร,Mukdahan,ภาคตะวันออกเฉียงเหนือ,66317,1901,68218,109.43,5.92,115.34,35.5,5391,1913,1690.76,153.85,200.76
2022-09,2022,9,49,มุกดาหาร,Mukdahan,ภาคตะวันออกเฉียงเหนือ,51394,1581,52975,86.41,5.16,91.57,29.2,5400,1576,1728.55,139.74,177.91
2022-10,2022,10,49,มุกดาหาร,Mukdahan,ภาคตะวันออกเฉียงเหนือ,55650,1648,57298,91.0,5.14,96.14,32.1,5531,1775,1677.89,133.19,177.54
2022-11,2022,11,49,มุกดาหาร,Mukdahan,ภาคตะวันออกเฉียงเหนือ,78405,2429,80834,131.88,7.66,139.55,41.7,5419,2259,1726.38,151.47,198.12
2022-12,2022,12,49,มุกดาหาร,Mukdahan,ภาคตะวันออกเฉียงเหนือ,84656,2389,87045,145.9,7.59,153.49,48.3,5491,2652,1763.34,133.05,181.12
2023-01,2023,1,49,มุกดาหาร,Mukdahan,ภาคตะวันออกเฉียงเหนือ,115356,5800,121156,220.13,20.88,241.01,61.8,5577,3446,1989.25,36.81,52.28
2023-02,2023,2,49,มุกดาหาร,Mukdahan,ภาคตะวันออกเฉียงเหนือ,105580,5286,110866,201.79,18.99,220.78,58.0,5526,3205,1991.41,31.37,53.15
2023-03,2023,3,49,มุกดาหาร,Mukdahan,ภาคตะวันออกเฉียงเหนือ,101599,5108,106707,193.69,18.18,211.87,51.6,5596,2887,1985.53,45.16,66.59
2023-04,2023,4,49,มุกดาหาร,Mukdahan,ภาคตะวันออกเฉียงเหนือ,106004,5757,111761,211.85,20.65,232.5,53.7,5593,3003,2080.33,45.1,73.49
2023-05,2023,5,49,มุกดาหาร,Mukdahan,ภาคตะวันออกเฉียงเหนือ,83068,4234,87302,165.46,15.02,180.48,42.1,5533,2329,2067.31,41.5,62.2
2023-06,2023,6,49,มุกดาหาร,Mukdahan,ภาคตะวันออกเฉียงเหนือ,72458,3868,76326,144.78,14.13,158.91,38.8,5496,2132,2081.99,38.44,68.52
2023-07,2023,7,49,มุกดาหาร,Mukdahan,ภาคตะวันออกเฉียงเหนือ,81938,4119,86057,156.81,14.97,171.78,43.7,5401,2360,1996.12,34.12,50.88
2023-08,2023,8,49,มุกดาหาร,Mukdahan,ภาคตะวันออกเฉียงเหนือ,89496,4704,94200,173.6,16.51,190.11,44.7,5445,2433,2018.15,38.09,64.83
2023-09,2023,9,49,มุกดาหาร,Mukdahan,ภาคตะวันออกเฉียงเหนือ,68267,3434,71701,135.89,12.12,148.02,36.8,5398,1986,2064.41,35.35,61.65
2023-10,2023,10,49,มุกดาหาร,Mukdahan,ภาคตะวันออกเฉียงเหนือ,80118,3988,84106,148.61,14.88,163.49,40.3,5415,2182,1943.86,46.79,70.05
2023-11,2023,11,49,มุกดาหาร,Mukdahan,ภาคตะวันออกเฉียงเหนือ,107456,5404,112860,199.05,19.12,218.17,53.5,5587,2989,1933.1,39.62,56.34
2023-12,2023,12,49,มุกดาหาร,Mukdahan,ภาคตะวันออกเฉียงเหนือ,126552,6260,132812,251.15,22.94,274.1,64.7,5472,3540,2063.82,52.58,78.58
2024-01,2024,1,49,มุกดาหาร,Mukdahan,ภาคตะวันออกเฉียงเหนือ,140992,9711,150703,298.62,39.62,338.25,67.6,5502,3719,2244.48,24.39,40.35
2024-02,2024,2,49,มุกดาหาร,Mukdahan,ภาคตะวันออกเฉียงเหนือ,133022,9285,142307,271.55,38.0,309.55,62.0,5470,3391,2175.23,28.36,40.21
2024-03,2024,3,49,มุกดาหาร,Mukdahan,ภาคตะวันออกเฉียงเหนือ,118496,7865,126361,255.05,30.47,285.51,55.0,5428,2985,2259.48,18.42,34.76
2024-04,2024,4,49,มุกดาหาร,Mukdahan,ภาคตะวันออกเฉียงเหนือ,128790,8733,137523,263.08,33.29,296.36,59.6,5556,3311,2154.98,23.05,27.47
2024-05,2024,5,49,มุกดาหาร,Mukdahan,ภาคตะวันออกเฉียงเหนือ,94265,5963,100228,196.88,23.64,220.52,46.7,5455,2547,2200.18,14.81,22.19
2024-06,2024,6,49,มุกดาหาร,Mukdahan,ภาคตะวันออกเฉียงเหนือ,93487,6046,99533,194.91,23.77,218.67,44.4,5500,2442,2196.96,30.41,37.61
2024-07,2024,7,49,มุกดาหาร,Mukdahan,ภาคตะวันออกเฉียงเหนือ,104623,6827,111450,227.62,25.99,253.61,49.4,5413,2674,2275.55,29.51,47.64
2024-08,2024,8,49,มุกดาหาร,Mukdahan,ภาคตะวันออกเฉียงเหนือ,107871,7530,115401,233.05,30.69,263.74,50.2,5436,2728,2285.42,22.51,38.73
2024-09,2024,9,49,มุกดาหาร,Mukdahan,ภาคตะวันออกเฉียงเหนือ,86142,5709,91851,176.52,23.16,199.68,41.0,5492,2251,2173.96,28.1,34.9
2024-10,2024,10,49,มุกดาหาร,Mukdahan,ภาคตะวันออกเฉียงเหนือ,96231,6512,102743,209.47,25.19,234.66,44.7,5552,2481,2283.95,22.16,43.53
2024-11,2024,11,49,มุกดาหาร,Mukdahan,ภาคตะวันออกเฉียงเหนือ,117265,7965,125230,251.76,31.77,283.53,57.7,5602,3232,2264.07,10.96,29.96
2024-12,2024,12,49,มุกดาหาร,Mukdahan,ภาคตะวันออกเฉียงเหนือ,148866,9727,158593,324.31,38.53,362.84,69.7,5609,3909,2287.87,19.41,32.38
2019-01,2019,1,50,เชียงใหม่,Chiang Mai,ภาคเหนือ,773641,324506,1098147,3274.91,2404.05,5678.96,96.5,34581,33370,5171.4,0.0,0.0
2019-02,2019,2,50,เชียงใหม่,Chiang Mai,ภาคเหนือ,558023,230263,788286,2235.72,1808.11,4043.82,86.0,33896,29150,5129.89,0.0,0.0
2019-03,2019,3,50,เชียงใหม่,Chiang Mai,ภาคเหนือ,536092,215334,751426,2145.29,1643.02,3788.31,76.1,34654,26371,5041.49,0.0,0.0
2019-04,2019,4,50,เชียงใหม่,Chiang Mai,ภาคเหนือ,533715,244782,778497,2240.89,1877.43,4118.32,82.7,33830,27977,5290.09,0.0,0.0
2019-05,2019,5,50,เชียงใหม่,Chiang Mai,ภาคเหนือ,419416,179978,599394,1770.48,1367.78,3138.26,64.2,34268,22000,5235.72,0.0,0.0
2019-06,2019,6,50,เชียงใหม่,Chiang Mai,ภาคเหนือ,385663,154640,540303,1526.94,1179.2,2706.14,56.9,33810,19237,5008.56,0.0,0.0
2019-07,2019,7,50,เชียงใหม่,Chiang Mai,ภาคเหนือ,438313,179423,617736,1835.14,1340.14,3175.28,64.0,33890,21689,5140.19,0.0,0.0
2019-08,2019,8,50,เชียงใหม่,Chiang Mai,ภาคเหนือ,446167,195170,641337,1755.49,1484.63,3240.12,68.3,34547,23595,5052.13,0.0,0.0
2019-09,2019,9,50,เชียงใหม่,Chiang Mai,ภาคเหนือ,365072,152475,517547,1523.24,1139.56,2662.79,54.5,34183,18629,5145.02,0.0,0.0
2019-10,2019,10,50,เชียงใหม่,Chiang Mai,ภาคเหนือ,387349,167187,554536,1628.14,1275.49,2903.63,60.4,34443,20803,5236.14,0.0,0.0
2019-11,2019,11,50,เชียงใหม่,Chiang Mai,ภาคเหนือ,643529,261977,905506,2609.41,1948.35,4557.76,96.5,33512,32339,5033.38,0.0,0.0
2019-12,2019,12,50,เชียงใหม่,Chiang Mai,ภาคเหนือ,804079,330509,1134588,3404.03,2460.4,5864.42,96.5,34411,33206,5168.77,0.0,0.0
2020-01,2020,1,50,เชียงใหม่,Chiang Mai,ภาคเหนือ,372032,31456,403488,1280.98,201.53,1482.51,48.0,34538,16578,3674.24,-63.26,-73.89
2020-02,2020,2,50,เชียงใหม่,Chiang Mai,ภาคเหนือ,274939,21252,296191,934.02,133.5,1067.51,36.2,33885,12266,3604.13,-62.43,-73.6
2020-03,2020,3,50,เชียงใหม่,Chiang Mai,ภาคเหนือ,264567,20423,284990,883.58,136.74,1020.33,31.3,34057,10659,3580.23,-62.07,-73.07
2020-04,2020,4,50,เชียงใหม่,Chiang Mai,ภาคเหนือ,274995,23036,298031,964.53,148.62,1113.15,34.0,33468,11379,3735.01,-61.72,-72.97
2020-05,2020,5,50,เชียงใหม่,Chiang Mai,ภาคเหนือ,218816,17043,235859,785.48,110.98,896.46,25.9,34650,8974,3800.83,-60.65,-71.43
2020-06,2020,6,50,เชียงใหม่,Chiang Mai,ภาคเหนือ,184265,15045,199310,629.97,96.95,726.92,24.8,34478,8550,3647.18,-63.11,-73.14
2020-07,2020,7,50,เชียงใหม่,Chiang Mai,ภาคเหนือ,219811,16998,236809,747.94,111.83,859.77,27.7,34023,9424,3630.65,-61.67,-72.92
2020-08,2020,8,50,เชียงใหม่,Chiang Mai,ภาคเหนือ,215252,17212,232464,749.77,114.34,864.11,28.4,34089,9681,3717.18,-63.75,-73.33
2020-09,2020,9,50,เชียงใหม่,Chiang Mai,ภาคเหนือ,182558,15377,197935,636.44,97.38,733.82,22.9,34278,7849,3707.38,-61.76,-72.44
2020-10,2020,10,50,เชียงใหม่,Chiang Mai,ภาคเหนือ,201335,16921,218256,722.94,106.63,829.57,26.6,33440,8895,3800.9,-60.64,-71.43
2020-11,2020,11,50,เชียงใหม่,Chiang Mai,ภาคเหนือ,339307,27328,366635,1213.89,181.63,1395.53,42.5,33598,14279,3806.32,-59.51,-69.38
2020-12,2020,12,50,เชียงใหม่,Chiang Mai,ภาคเหนือ,397958,31954,429912,1407.18,203.46,1610.65,48.4,33461,16195,3746.46,-62.11,-72.54
2021-01,2021,1,50,เชียงใหม่,Chiang Mai,ภาคเหนือ,274388,8586,282974,890.86,52.8,943.65,33.7,33637,11335,3334.76,-29.87,-36.35
2021-02,2021,2,50,เชียงใหม่,Chiang Mai,ภาคเหนือ,206794,6671,213465,657.69,40.64,698.33,25.0,33938,8484,3271.4,-27.93,-34.58
2021-03,2021,3,50,เชียงใหม่,Chiang Mai,ภาคเหนือ,174072,5397,179469,565.28,32.07,597.36,22.6,34030,7690,3328.49,-37.03,-41.45
2021-04,2021,4,50,เชียงใหม่,Chiang Mai,ภาคเหนือ,207463,6434,213897,692.37,39.65,732.02,24.4,33975,8289,3422.3,-28.23,-34.24
2021-05,2021,5,50,เชียงใหม่,Chiang Mai,ภาคเหนือ,152137,4835,156972,492.96,29.2,522.16,18.9,33503,6332,3326.45,-33.45,-41.75
2021-06,2021,6,50,เชียงใหม่,Chiang Mai,ภาคเหนือ,145142,4463,149605,471.89,27.08,498.98,17.9,34547,6183,3335.32,-24.94,-31.36
2021-07,2021,7,50,เชียงใหม่,Chiang Mai,ภาคเหนือ,159883,4887,164770,533.08,30.03,563.11,20.2,33461,6759,3417.55,-30.42,-34.5
2021-08,2021,8,50,เชียงใหม่,Chiang Mai,ภาคเหนือ,159351,5023,164374,528.83,30.16,558.99,20.9,34088,7124,3400.72,-29.29,-35.31
2021-09,2021,9,50,เชียงใหม่,Chiang Mai,ภาคเหนือ,130912,3915,134827,417.19,24.53,441.73,16.9,33795,5711,3276.27,-31.88,-39.8
2021-10,2021,10,50,เชียงใหม่,Chiang Mai,ภาคเหนือ,144734,4486,149220,454.12,27.25,481.37,18.5,33488,6195,3225.91,-31.63,-41.97
2021-11,2021,11,50,เชียงใหม่,Chiang Mai,ภาคเหนือ,238007,7703,245710,750.17,48.17,798.35,30.4,34253,10412,3249.16,-32.98,-42.79
2021-12,2021,12,50,เชียงใหม่,Chiang Mai,ภาคเหนือ,276895,8496,285391,929.55,52.17,981.72,35.4,33812,11969,3439.91,-33.62,-39.05
2022-01,2022,1,50,เชียงใหม่,Chiang Mai,ภาคเหนือ,561612,95570,657182,2173.26,679.45,2852.71,76.7,33908,26007,4340.82,132.24,202.31
2022-02,2022,2,50,เชียงใหม่,Chiang Mai,ภาคเหนือ,413616,67478,481094,1610.95,495.26,2106.22,58.3,34350,20026,4377.98,125.37,201.61
2022-03,2022,3,50,เชียงใหม่,Chiang Mai,ภาคเหนือ,391172,66757,457929,1547.62,500.27,2047.89,51.4,34627,17798,4472.07,155.16,242.82
2022-04,2022,4,50,เชียงใหม่,Chiang Mai,ภาคเหนือ,406040,65766,471806,1616.97,482.0,2098.97,54.7,33364,18250,4448.8,120.58,186.74
2022-05,2022,5,50,เชียงใหม่,Chiang Mai,ภาคเหนือ,313231,51013,364244,1213.12,378.71,1591.83,43.4,34020,14764,4370.23,132.04,204.85
2022-06,2022,6,50,เชียงใหม่,Chiang Mai,ภาคเหนือ,284131,49210,333341,1082.73,365.05,1447.78,38.8,34486,13380,4343.24,122.81,190.15
2022-07,2022,7,50,เชียงใหม่,Chiang Mai,ภาคเหนือ,314742,52860,367602,1240.68,383.39,1624.08,45.1,33571,15140,4418.04,123.1,188.41
2022-08,2022,8,50,เชียงใหม่,Chiang Mai,ภาคเหนือ,361378,59636,421014,1398.78,442.62,1841.4,46.5,34005,15812,4373.73,156.13,229.42
2022-09,2022,9,50,เชียงใหม่,Chiang Mai,ภาคเหนือ,276051,44878,320929,1062.3,328.96,1391.25,38.9,34516,13426,4335.07,138.03,214.95
2022-10,2022,10,50,เชียงใหม่,Chiang Mai,ภาคเหนือ,325629,52744,378373,1217.62,398.72,1616.35,43.0,34486,14828,4271.84,153.57,235.78
2022-11,2022,11,50,เชียงใหม่,Chiang Mai,ภาคเหนือ,478019,84363,562382,1913.39,634.98,2548.37,69.0,33465,23090,4531.39,128.88,219.2
2022-12,2022,12,50,เชียงใหม่,Chiang Mai,ภาคเหนือ,566753,95039,661792,2223.7,691.46,2915.16,80.1,33515,26845,4404.95,131.89,196.94
2023-01,2023,1,50,เชียงใหม่,Chiang Mai,ภาคเหนือ,683265,210462,893727,3070.01,1702.06,4772.07,96.5,34055,32863,5339.52,35.99,67.28
2023-02,2023,2,50,เชียงใหม่,Chiang Mai,ภาคเหนือ,555986,188575,744561,2512.91,1552.56,4065.47,75.1,33697,25306,5460.22,54.76,93.02
2023-03,2023,3,50,เชียงใหม่,Chiang Mai,ภาคเหนือ,441813,152930,594743,1892.15,1298.15,3190.3,68.7,34322,23579,5364.17,29.88,55.78
2023-04,2023,4,50,เชียงใหม่,Chiang Mai,ภาคเหนือ,515904,179183,695087,2354.94,1494.77,3849.71,72.9,33912,24721,5538.46,47.32,83.41
2023-05,2023,5,50,เชียงใหม่,Chiang Mai,ภาคเหนือ,412675,141394,554069,1874.3,1174.88,3049.18,57.4,33876,19444,5503.25,52.11,91.55
2023-06,2023,6,50,เชียงใหม่,Chiang Mai,ภาคเหนือ,371390,127727,499117,1612.33,1026.7,2639.03,50.9,33874,17241,5287.4,49.73,82.28
2023-07,2023,7,50,เชียงใหม่,Chiang Mai,ภาคเหนือ,416239,136687,552926,1837.28,1110.93,2948.21,56.9,33907,19293,5332.02,50.41,81.53
2023-08,2023,8,50,เชียงใหม่,Chiang Mai,ภาคเหนือ,418413,139138,557551,1857.53,1110.42,2967.95,59.7,34230,20435,5323.19,32.43,61.18
2023-09,2023,9,50,เชียงใหม่,Chiang Mai,ภาคเหนือ,366462,114982,481444,1640.59,960.69,2601.28,50.1,34280,17174,5403.08,50.02,86.97
2023-10,2023,10,50,เชียงใหม่,Chiang Mai,ภาคเหนือ,368961,123229,492190,1604.32,986.05,2590.37,55.9,34373,19214,5262.95,30.08,60.26
2023-11,2023,11,50,เชียงใหม่,Chiang Mai,ภาคเหนือ,623562,192902,816464,2703.55,1582.4,4285.95,89.8,34521,30999,5249.4,45.18,68.18
2023-12,2023,12,50,เชียงใหม่,Chiang Mai,ภาคเหนือ,729238,228294,957532,3329.85,1841.78,5171.62,96.5,34187,32990,5400.99,44.69,77.4
2024-01,2024,1,50,เชียงใหม่,Chiang Mai,ภาคเหนือ,759470,341945,1101415,3777.39,3069.7,6847.08,96.5,34105,32911,6216.62,23.24,43.48
2024-02,2024,2,50,เชียงใหม่,Chiang Mai,ภาคเหนือ,574817,251940,826757,2659.54,2349.49,5009.03,81.1,34149,27694,6058.65,11.04,23.21
2024-03,2024,3,50,เชียงใหม่,Chiang Mai,ภาคเหนือ,529513,244202,773715,2630.98,2275.66,4906.64,73.1,33555,24528,6341.66,30.09,53.8
2024-04,2024,4,50,เชียงใหม่,Chiang Mai,ภาคเหนือ,608063,257665,865728,3008.95,2364.55,5373.5,79.0,34220,27033,6206.91,24.55,39.58
2024-05,2024,5,50,เชียงใหม่,Chiang Mai,ภาคเหนือ,423636,183206,606842,1997.92,1627.37,3625.28,61.0,34102,20802,5974.01,9.52,18.89
2024-06,2024,6,50,เชียงใหม่,Chiang Mai,ภาคเหนือ,389123,187160,576283,1942.43,1685.78,3628.21,56.5,34676,19591,6295.88,15.46,37.48
2024-07,2024,7,50,เชียงใหม่,Chiang Mai,ภาคเหนือ,472428,222145,694573,2359.02,2048.12,4407.14,65.9,34428,22688,6345.11,25.62,49.49
2024-08,2024,8,50,เชียงใหม่,Chiang Mai,ภาคเหนือ,484708,212147,696855,2279.35,1912.52,4191.88,64.7,34120,22075,6015.43,24.98,41.24
2024-09,2024,9,50,เชียงใหม่,Chiang Mai,ภาคเหนือ,394439,182225,576664,1943.48,1671.38,3614.86,55.1,33889,18672,6268.57,19.78,38.96
2024-10,2024,10,50,เชียงใหม่,Chiang Mai,ภาคเหนือ,405486,195398,600884,1956.31,1778.89,3735.2,60.0,33398,20038,6216.17,22.08,44.2
2024-11,2024,11,50,เชียงใหม่,Chiang Mai,ภาคเหนือ,711757,319220,1030977,3432.63,2933.94,6366.57,95.8,34402,32957,6175.28,26.27,48.55
2024-12,2024,12,50,เชียงใหม่,Chiang Mai,ภาคเหนือ,766553,357582,1124135,3771.31,3355.86,7127.17,96.5,34061,32868,6340.14,17.4,37.81
2019-01,2019,1,51,ลำพูน,Lamphun,ภาคเหนือ,171514,10568,182082,312.48,35.21,347.69,85.4,5423,4631,1909.52,0.0,0.0
2019-02,2019,2,51,ลำพูน,Lamphun,ภาคเหนือ,124786,7623,132409,221.88,25.87,247.75,64.1,5426,3478,1871.1,0.0,0.0
2019-03,2019,3,51,ลำพูน,Lamphun,ภาคเหนือ,105294,6831,112125,188.93,22.4,211.33,56.6,5603,3171,1884.77,0.0,0.0
2019-04,2019,4,51,ลำพูน,Lamphun,ภาคเหนือ,116073,7175,123248,205.31,24.61,229.92,62.1,5498,3414,1865.51,0.0,0.0
2019-05,2019,5,51,ลำพูน,Lamphun,ภาคเหนือ,93355,5934,99289,169.23,20.61,189.84,48.2,5579,2689,1911.99,0.0,0.0
2019-06,2019,6,51,ลำพูน,Lamphun,ภาคเหนือ,87638,5633,93271,158.37,18.64,177.01,43.6,5393,2351,1897.8,0.0,0.0
2019-07,2019,7,51,ลำพูน,Lamphun,ภาคเหนือ,91119,6051,97170,159.15,20.42,179.58,49.7,5550,2758,1848.1,0.0,0.0
2019-08,2019,8,51,ลำพูน,Lamphun,ภาคเหนือ,97029,6006,103035,166.94,20.09,187.03,52.3,5571,2913,1815.21,0.0,0.0
2019-09,2019,9,51,ลำพูน,Lamphun,ภาคเหนือ,77223,4704,81927,134.43,16.32,150.75,42.9,5509,2363,1840.05,0.0,0.0
2019-10,2019,10,51,ลำพูน,Lamphun,ภาคเหนือ,89794,5460,95254,160.44,19.04,179.48,45.9,5493,2521,1884.23,0.0,0.0
2019-11,2019,11,51,ลำพูน,Lamphun,ภาคเหนือ,138212,8956,147168,238.77,29.36,268.13,74.1,5593,4144,1821.93,0.0,0.0
2019-12,2019,12,51,ลำพูน,Lamphun,ภาคเหนือ,176736,11037,187773,306.53,36.0,342.53,90.2,5531,4988,1824.17,0.0,0.0
2020-01,2020,1,51,ลำพูน,Lamphun,ภาคเหนือ,65731,1037,66768,102.64,2.86,105.51,35.1,5429,1905,1580.25,-63.33,-69.65
2020-02,2020,2,51,ลำพูน,Lamphun,ภาคเหนือ,49837,791,50628,73.75,2.24,75.99,26.8,5589,1497,1500.95,-61.76,-69.33
2020-03,2020,3,51,ลำพูน,Lamphun,ภาคเหนือ,41390,646,42036,61.13,1.77,62.91,23.9,5547,1325,1496.57,-62.51,-70.23
2020-04,2020,4,51,ลำพูน,Lamphun,ภาคเหนือ,49052,716,49768,76.54,2.01,78.55,25.8,5604,1445,1578.32,-59.62,-65.84
2020-05,2020,5,51,ลำพูน,Lamphun,ภาคเหนือ,38378,587,38965,57.37,1.63,59.0,19.9,5458,1086,1514.18,-60.76,-68.92
2020-06,2020,6,51,ลำพูน,Lamphun,ภาคเหนือ,34186,539,34725,51.95,1.51,53.46,18.5,5392,997,1539.52,-62.77,-69.8
2020-07,2020,7,51,ลำพูน,Lamphun,ภาคเหนือ,39805,609,40414,59.92,1.75,61.67,21.4,5560,1189,1525.96,-58.41,-65.66
2020-08,2020,8,51,ลำพูน,Lamphun,ภาคเหนือ,38457,611,39068,59.16,1.68,60.84,22.1,5566,1230,1557.28,-62.08,-67.47
2020-09,2020,9,51,ลำพูน,Lamphun,ภาคเหนือ,33679,509,34188,52.85,1.45,54.3,17.7,5497,972,1588.28,-58.27,-63.98
2020-10,2020,10,51,ลำพูน,Lamphun,ภาคเหนือ,34529,518,35047,52.79,1.51,54.3,19.7,5556,1094,1549.35,-63.21,-69.75
2020-11,2020,11,51,ลำพูน,Lamphun,ภาคเหนือ,60657,901,61558,89.01,2.5,91.51,31.9,5415,1727,1486.57,-58.17,-65.87
2020-12,2020,12,51,ลำพูน,Lamphun,ภาคเหนือ,69680,1029,70709,105.51,2.89,108.41,37.3,5545,2068,1533.19,-62.34,-68.35
2021-01,2021,1,51,ลำพูน,Lamphun,ภาคเหนือ,46769,284,47053,66.52,0.75,67.27,25.8,5425,1399,1429.66,-29.53,-36.24
2021-02,2021,2,51,ลำพูน,Lamphun,ภาคเหนือ,32708,192,32900,44.87,0.53,45.39,19.2,5564,1068,1379.64,-35.02,-40.27
2021-03,2021,3,51,ลำพูน,Lamphun,ภาคเหนือ,29243,177,29420,40.78,0.49,41.27,17.2,5399,928,1402.79,-30.01,-34.4
2021-04,2021,4,51,ลำพูน,Lamphun,ภาคเหนือ,34527,212,34739,47.86,0.55,48.41,18.3,5558,1017,1393.53,-30.2,-38.37
2021-05,2021,5,51,ลำพูน,Lamphun,ภาคเหนือ,23599,137,23736,32.55,0.37,32.92,15.0,5464,819,1386.92,-39.08,-44.2
2021-06,2021,6,51,ลำพูน,Lamphun,ภาคเหนือ,22051,133,22184,31.41,0.34,31.75,15.0,5469,820,1431.21,-36.12,-40.61
2021-07,2021,7,51,ลำพูน,Lamphun,ภาคเหนือ,25789,159,25948,36.33,0.43,36.76,15.0,5522,828,1416.68,-35.79,-40.39
2021-08,2021,8,51,ลำพูน,Lamphun,ภาคเหนือ,27375,158,27533,38.42,0.44,38.86,15.5,5605,868,1411.4,-29.53,-36.13
2021-09,2021,9,51,ลำพูน,Lamphun,ภาคเหนือ,22200,139,22339,31.7,0.36,32.06,15.0,5519,827,1435.16,-34.66,-40.96
2021-10,2021,10,51,ลำพูน,Lamphun,ภาคเหนือ,23213,143,23356,34.37,0.37,34.73,15.0,5606,840,1486.98,-33.36,-36.04
2021-11,2021,11,51,ลำพูน,Lamphun,ภาคเหนือ,41742,248,41990,57.28,0.67,57.95,22.5,5403,1215,1380.09,-31.79,-36.67
2021-12,2021,12,51,ลำพูน,Lamphun,ภาคเหนือ,45489,272,45761,66.24,0.73,66.97,26.1,5438,1419,1463.47,-35.28,-38.23
2022-01,2022,1,51,ลำพูน,Lamphun,ภาคเหนือ,105738,3119,108857,176.49,9.82,186.31,57.1,5395,3080,1711.51,131.35,176.96
2022-02,2022,2,51,ลำพูน,Lamphun,ภาคเหนือ,79771,2353,82124,136.6,7.75,144.34,44.6,5570,2484,1757.59,149.62,218.0
2022-03,2022,3,51,ลำพูน,Lamphun,ภาคเหนือ,66885,2074,68959,113.68,6.57,120.25,37.7,5508,2076,1743.79,134.39,191.37
2022-04,2022,4,51,ลำพูน,Lamphun,ภาคเหนือ,73752,2295,76047,126.02,7.52,133.54,43.3,5487,2375,1756.02,118.91,175.85
2022-05,2022,5,51,ลำพูน,Lamphun,ภาคเหนือ,55356,1681,57037,96.9,5.51,102.41,32.5,5555,1805,1795.5,140.3,211.09
2022-06,2022,6,51,ลำพูน,Lamphun,ภาคเหนือ,53147,1526,54673,93.08,4.88,97.96,29.3,5558,1628,1791.74,146.45,208.54
2022-07,2022,7,51,ลำพูน,Lamphun,ภาคเหนือ,58832,1699,60531,101.02,5.28,106.3,34.8,5533,1925,1756.12,133.28,189.17
2022-08,2022,8,51,ลำพูน,Lamphun,ภาคเหนือ,66413,2008,68421,116.31,6.28,122.59,34.5,5471,1887,1791.7,148.51,215.47
2022-09,2022,9,51,ลำพูน,Lamphun,ภาคเหนือ,51582,1507,53089,85.84,4.74,90.59,28.7,5567,1597,1706.38,137.65,182.56
2022-10,2022,10,51,ลำพูน,Lamphun,ภาคเหนือ,58018,1762,59780,94.78,5.43,100.21,30.8,5409,1665,1676.31,155.95,188.54
2022-11,2022,11,51,ลำพูน,Lamphun,ภาคเหนือ,92143,2628,94771,154.16,8.72,162.88,51.7,5561,2875,1718.67,125.7,181.07
2022-12,2022,12,51,ลำพูน,Lamphun,ภาคเหนือ,109260,3375,112635,188.09,10.48,198.57,60.9,5554,3382,1762.95,146.14,196.51
2023-01,2023,1,51,ลำพูน,Lamphun,ภาคเหนือ,139607,7096,146703,263.55,26.71,290.26,76.9,5517,4242,1978.56,34.77,55.79
2023-02,2023,2,51,ลำพูน,Lamphun,ภาคเหนือ,106187,5335,111522,199.54,18.81,218.35,55.2,5585,3082,1957.91,35.8,51.27
2023-03,2023,3,51,ลำพูน,Lamphun,ภาคเหนือ,96263,5039,101302,186.47,17.71,204.18,49.2,5509,2710,2015.56,46.9,69.8
2023-04,2023,4,51,ลำพูน,Lamphun,ภาคเหนือ,105735,5585,111320,209.77,20.05,229.82,53.7,5486,2945,2064.5,46.38,72.1
2023-05,2023,5,51,ลำพูน,Lamphun,ภาคเหนือ,79052,3918,82970,157.84,14.19,172.03,42.4,5536,2347,2073.4,45.47,67.98
2023-06,2023,6,51,ลำพูน,Lamphun,ภาคเหนือ,79083,4213,83296,152.86,15.56,168.42,40.3,5488,2211,2021.95,52.35,71.93
2023-07,2023,7,51,ลำพูน,Lamphun,ภาคเหนือ,85553,4279,89832,161.23,15.23,176.45,43.1,5466,2355,1964.22,48.41,65.99
2023-08,2023,8,51,ลำพูน,Lamphun,ภาคเหนือ,83573,4431,88004,167.19,16.27,183.45,46.8,5452,2551,2084.56,28.62,49.65
2023-09,2023,9,51,ลำพูน,Lamphun,ภาคเหนือ,73393,3983,77376,145.77,14.28,160.05,36.4,5453,1984,2068.47,45.75,76.68
2023-10,2023,10,51,ลำพูน,Lamphun,ภาคเหนือ,80373,4321,84694,155.18,15.94,171.13,42.5,5542,2355,2020.57,41.68,70.77
2023-11,2023,11,51,ลำพูน,Lamphun,ภาคเหนือ,127991,6794,134785,254.54,23.96,278.49,65.9,5432,3579,2066.18,42.22,70.98
2023-12,2023,12,51,ลำพูน,Lamphun,ภาคเหนือ,160364,8063,168427,311.6,28.1,339.7,79.3,5495,4357,2016.9,49.53,71.07
2024-01,2024,1,51,ลำพูน,Lamphun,ภาคเหนือ,167787,11361,179148,365.4,45.28,410.67,80.7,5438,4388,2292.35,22.12,41.48
2024-02,2024,2,51,ลำพูน,Lamphun,ภาคเหนือ,134037,8785,142822,283.61,35.26,318.87,60.8,5526,3359,2232.64,28.07,46.04
2024-03,2024,3,51,ลำพูน,Lamphun,ภาคเหนือ,119396,7703,127099,241.88,31.59,273.47,57.0,5519,3145,2151.63,25.47,33.94
2024-04,2024,4,51,ลำพูน,Lamphun,ภาคเหนือ,130809,8509,139318,277.06,33.48,310.54,60.9,5398,3287,2229.0,25.15,35.12
2024-05,2024,5,51,ลำพูน,Lamphun,ภาคเหนือ,90829,5969,96798,192.95,23.19,216.13,47.9,5503,2635,2232.79,16.67,25.64
2024-06,2024,6,51,ลำพูน,Lamphun,ภาคเหนือ,91602,6276,97878,199.22,24.68,223.9,43.5,5539,2409,2287.54,17.51,32.94
2024-07,2024,7,51,ลำพูน,Lamphun,ภาคเหนือ,95752,6195,101947,205.06,24.67,229.74,48.1,5410,2602,2253.52,13.49,30.2
2024-08,2024,8,51,ลำพูน,Lamphun,ภาคเหนือ,108742,6872,115614,228.31,26.58,254.9,50.8,5427,2756,2204.75,31.37,38.95
2024-09,2024,9,51,ลำพูน,Lamphun,ภาคเหนือ,84359,5387,89746,181.4,21.84,203.23,40.6,5579,2265,2264.5,15.99,26.98
2024-10,2024,10,51,ลำพูน,Lamphun,ภาคเหนือ,98453,6424,104877,209.15,25.76,234.91,45.7,5505,2515,2239.86,23.83,37.27
2024-11,2024,11,51,ลำพูน,Lamphun,ภาคเหนือ,153933,10568,164501,325.22,40.74,365.97,75.3,5607,4222,2224.73,22.05,31.41
2024-12,2024,12,51,ลำพูน,Lamphun,ภาคเหนือ,175947,11931,187878,375.8,48.11,423.9,89.7,5470,4906,2256.25,11.55,24.79
2019-01,2019,1,52,ลำปาง,Lampang,ภาคเหนือ,167981,10408,178389,300.73,34.2,334.93,84.8,5517,4678,1877.53,0.0,0.0
2019-02,2019,2,52,ลำปาง,Lampang,ภาคเหนือ,125190,8299,133489,216.24,27.25,243.49,61.9,5531,3423,1824.05,0.0,0.0
2019-03,2019,3,52,ลำปาง,Lampang,ภาคเหนือ,110090,6914,117004,191.03,22.51,213.54,55.8,5445,3038,1825.07,0.0,0.0
2019-04,2019,4,52,ลำปาง,Lampang,ภาคเหนือ,119733,7940,127673,212.14,27.7,239.85,63.3,5558,3518,1878.63,0.0,0.0
2019-05,2019,5,52,ลำปาง,Lampang,ภาคเหนือ,88351,5824,94175,155.76,19.09,174.85,47.1,5605,2639,1856.65,0.0,0.0
2019-06,2019,6,52,ลำปาง,Lampang,ภาคเหนือ,87409,5652,93061,150.27,19.39,169.66,45.2,5526,2497,1823.11,0.0,0.0
2019-07,2019,7,52,ลำปาง,Lampang,ภาคเหนือ,100537,6226,106763,185.69,21.57,207.26,50.9,5529,2814,1941.31,0.0,0.0
2019-08,2019,8,52,ลำปาง,Lampang,ภาคเหนือ,99360,6243,105603,178.13,21.48,199.61,52.3,5528,2891,1890.19,0.0,0.0
2019-09,2019,9,52,ลำปาง,Lampang,ภาคเหนือ,76344,5109,81453,140.19,16.82,157.01,41.3,5577,2303,1927.61,0.0,0.0
2019-10,2019,10,52,ลำปาง,Lampang,ภาคเหนือ,92858,5804,98662,160.83,19.02,179.85,45.9,5561,2552,1822.89,0.0,0.0
2019-11,2019,11,52,ลำปาง,Lampang,ภาคเหนือ,150484,9456,159940,269.41,32.17,301.58,76.4,5540,4232,1885.58,0.0,0.0
2019-12,2019,12,52,ลำปาง,Lampang,ภาคเหนือ,175906,11752,187658,305.35,40.09,345.44,87.7,5575,4889,1840.8,0.0,0.0
2020-01,2020,1,52,ลำปาง,Lampang,ภาคเหนือ,62328,941,63269,93.21,2.63,95.84,34.7,5455,1892,1514.8,-64.53,-71.39
2020-02,2020,2,52,ลำปาง,Lampang,ภาคเหนือ,50392,733,51125,76.9,2.13,79.02,27.4,5416,1483,1545.62,-61.7,-67.55
2020-03,2020,3,52,ลำปาง,Lampang,ภาคเหนือ,45379,705,46084,68.27,2.04,70.31,23.1,5416,1251,1525.69,-60.61,-67.07
2020-04,2020,4,52,ลำปาง,Lampang,ภาคเหนือ,50093,744,50837,77.25,2.05,79.3,26.0,5412,1407,1559.89,-60.18,-66.94
2020-05,2020,5,52,ลำปาง,Lampang,ภาคเหนือ,35253,562,35815,54.49,1.56,56.05,19.4,5521,1071,1564.99,-61.97,-67.94
2020-06,2020,6,52,ลำปาง,Lampang,ภาคเหนือ,33984,525,34509,52.54,1.51,54.05,18.7,5404,1010,1566.26,-62.92,-68.14
2020-07,2020,7,52,ลำปาง,Lampang,ภาคเหนือ,36884,581,37465,57.43,1.65,59.08,21.3,5431,1156,1576.94,-64.91,-71.49
2020-08,2020,8,52,ลำปาง,Lampang,ภาคเหนือ,37643,561,38204,55.21,1.63,56.84,21.9,5548,1215,1487.8,-63.82,-71.52
2020-09,2020,9,52,ลำปาง,Lampang,ภาคเหนือ,32408,502,32910,50.43,1.39,51.82,17.6,5405,951,1574.6,-59.6,-67.0
2020-10,2020,10,52,ลำปาง,Lampang,ภาคเหนือ,33769,531,34300,51.55,1.54,53.09,20.0,5544,1108,1547.81,-65.23,-70.48
2020-11,2020,11,52,ลำปาง,Lampang,ภาคเหนือ,55161,822,55983,84.39,2.31,86.7,32.4,5557,1800,1548.68,-65.0,-71.25
2020-12,2020,12,52,ลำปาง,Lampang,ภาคเหนือ,68926,1065,69991,102.84,3.09,105.94,37.0,5486,2029,1513.62,-62.7,-69.33
2021-01,2021,1,52,ลำปาง,Lampang,ภาคเหนือ,43310,266,43576,63.29,0.7,64.0,24.8,5557,1378,1468.7,-31.13,-33.22
2021-02,2021,2,52,ลำปาง,Lampang,ภาคเหนือ,32603,198,32801,47.13,0.54,47.67,19.1,5466,1044,1453.31,-35.84,-39.67
2021-03,2021,3,52,ลำปาง,Lampang,ภาคเหนือ,28296,171,28467,38.86,0.45,39.31,16.7,5514,920,1380.9,-38.23,-44.09
2021-04,2021,4,52,ลำปาง,Lampang,ภาคเหนือ,31899,183,32082,44.35,0.51,44.86,18.1,5442,985,1398.29,-36.89,-43.43
2021-05,2021,5,52,ลำปาง,Lampang,ภาคเหนือ,23755,138,23893,32.62,0.38,33.0,15.0,5474,821,1381.16,-33.29,-41.12
2021-06,2021,6,52,ลำปาง,Lampang,ภาคเหนือ,24520,149,24669,35.73,0.41,36.15,15.0,5440,816,1465.4,-28.51,-33.12
2021-07,2021,7,52,ลำปาง,Lampang,ภาคเหนือ,27723,167,27890,38.52,0.44,38.96,15.0,5512,826,1396.92,-25.56,-34.06
2021-08,2021,8,52,ลำปาง,Lampang,ภาคเหนือ,27313,168,27481,37.63,0.45,38.08,15.7,5397,847,1385.68,-28.07,-33.0
2021-09,2021,9,52,ลำปาง,Lampang,ภาคเหนือ,21582,128,21710,31.78,0.35,32.13,15.0,5405,810,1479.96,-34.03,-38.0
2021-10,2021,10,52,ลำปาง,Lampang,ภาคเหนือ,23151,140,23291,33.97,0.37,34.34,15.0,5447,817,1474.39,-32.1,-35.32
2021-11,2021,11,52,ลำปาง,Lampang,ภาคเหนือ,39897,248,40145,57.1,0.65,57.75,22.3,5416,1207,1438.54,-28.29,-33.39
2021-12,2021,12,52,ลำปาง,Lampang,ภาคเหนือ,46233,275,46508,67.57,0.73,68.3,26.4,5500,1452,1468.56,-33.55,-35.53
2022-01,2022,1,52,ลำปาง,Lampang,ภาคเหนือ,105478,3239,108717,172.37,10.22,182.59,59.1,5448,3219,1679.5,149.49,185.3
2022-02,2022,2,52,ลำปาง,Lampang,ภาคเหนือ,73924,2151,76075,127.58,6.91,134.48,43.5,5562,2419,1767.73,131.93,182.11
2022-03,2022,3,52,ลำปาง,Lampang,ภาคเหนือ,70372,2193,72565,123.79,7.27,131.05,38.2,5608,2142,1805.97,154.91,233.38
2022-04,2022,4,52,ลำปาง,Lampang,ภาคเหนือ,80637,2341,82978,138.25,7.32,145.57,41.9,5527,2315,1754.32,158.64,224.5
2022-05,2022,5,52,ลำปาง,Lampang,ภาคเหนือ,60112,1719,61831,98.44,5.34,103.78,32.0,5494,1758,1678.45,158.78,214.48
2022-06,2022,6,52,ลำปาง,Lampang,ภาคเหนือ,54798,1612,56410,96.39,5.25,101.63,29.6,5421,1604,1801.63,128.67,181.13
2022-07,2022,7,52,ลำปาง,Lampang,ภาคเหนือ,61734,1813,63547,108.13,5.7,113.83,34.7,5499,1908,1791.27,127.85,192.17
2022-08,2022,8,52,ลำปาง,Lampang,ภาคเหนือ,59849,1847,61696,99.53,5.79,105.33,35.8,5567,1992,1707.24,124.5,176.6
2022-09,2022,9,52,ลำปาง,Lampang,ภาคเหนือ,50537,1450,51987,82.74,4.62,87.36,29.0,5504,1596,1680.42,139.46,171.9
2022-10,2022,10,52,ลำปาง,Lampang,ภาคเหนือ,57335,1650,58985,96.8,5.42,102.22,31.9,5533,1765,1732.98,153.25,197.67
2022-11,2022,11,52,ลำปาง,Lampang,ภาคเหนือ,97337,2962,100299,164.61,9.59,174.2,51.7,5410,2796,1736.81,149.84,201.65
2022-12,2022,12,52,ลำปาง,Lampang,ภาคเหนือ,104569,3242,107811,182.25,10.45,192.69,59.7,5552,3314,1787.29,131.81,182.12
2023-01,2023,1,52,ลำปาง,Lampang,ภาคเหนือ,137331,7081,144412,263.02,26.62,289.64,76.7,5446,4177,2005.65,32.83,58.63
2023-02,2023,2,52,ลำปาง,Lampang,ภาคเหนือ,114170,5961,120131,214.53,22.22,236.75,58.1,5501,3196,1970.77,57.91,76.05
2023-03,2023,3,52,ลำปาง,Lampang,ภาคเหนือ,97062,5220,102282,183.37,19.28,202.65,51.6,5516,2846,1981.29,40.95,54.64
2023-04,2023,4,52,ลำปาง,Lampang,ภาคเหนือ,105924,5542,111466,203.02,19.75,222.77,55.2,5541,3058,1998.55,34.33,53.03
2023-05,2023,5,52,ลำปาง,Lampang,ภาคเหนือ,77373,3853,81226,154.54,13.94,168.49,41.9,5583,2339,2074.34,31.37,62.35
2023-06,2023,6,52,ลำปาง,Lampang,ภาคเหนือ,72172,3867,76039,134.16,13.79,147.95,38.5,5523,2126,1945.71,34.8,45.58
2023-07,2023,7,52,ลำปาง,Lampang,ภาคเหนือ,89609,4565,94174,174.86,16.51,191.38,44.6,5598,2496,2032.2,48.2,68.13
2023-08,2023,8,52,ลำปาง,Lampang,ภาคเหนือ,82409,4334,86743,152.86,15.86,168.72,44.6,5518,2461,1945.06,40.6,60.18
2023-09,2023,9,52,ลำปาง,Lampang,ภาคเหนือ,67848,3566,71414,134.41,12.53,146.94,37.8,5396,2039,2057.58,37.37,68.2
2023-10,2023,10,52,ลำปาง,Lampang,ภาคเหนือ,80153,4107,84260,151.99,15.38,167.38,40.1,5433,2178,1986.47,42.85,63.74
2023-11,2023,11,52,ลำปาง,Lampang,ภาคเหนือ,122889,6231,129120,246.15,22.71,268.86,68.5,5473,3749,2082.25,28.74,54.34
2023-12,2023,12,52,ลำปาง,Lampang,ภาคเหนือ,143911,7411,151322,272.43,26.44,298.86,78.0,5463,4261,1974.99,40.36,55.1
2024-01,2024,1,52,ลำปาง,Lampang,ภาคเหนือ,176433,11577,188010,371.72,44.67,416.39,83.4,5399,4502,2214.72,30.19,43.76
2024-02,2024,2,52,ลำปาง,Lampang,ภาคเหนือ,133423,9347,142770,284.63,35.66,320.29,62.1,5392,3348,2243.4,18.85,35.29
2024-03,2024,3,52,ลำปาง,Lampang,ภาคเหนือ,118655,7811,126466,244.48,32.19,276.66,54.8,5401,2959,2187.62,23.64,36.52
2024-04,2024,4,52,ลำปาง,Lampang,ภาคเหนือ,119986,7646,127632,247.59,29.74,277.33,61.7,5516,3403,2172.89,14.5,24.49
2024-05,2024,5,52,ลำปาง,Lampang,ภาคเหนือ,95431,6261,101692,194.12,25.39,219.51,47.9,5481,2625,2158.58,25.2,30.28
2024-06,2024,6,52,ลำปาง,Lampang,ภาคเหนือ,85213,5750,90963,174.86,23.49,198.35,44.0,5395,2373,2180.56,19.63,34.07
2024-07,2024,7,52,ลำปาง,Lampang,ภาคเหนือ,98121,6719,104840,213.5,27.44,240.94,48.3,5471,2642,2298.17,11.33,25.9
2024-08,2024,8,52,ลำปาง,Lampang,ภาคเหนือ,98321,6556,104877,199.39,26.66,226.05,49.8,5535,2756,2155.38,20.91,33.98
2024-09,2024,9,52,ลำปาง,Lampang,ภาคเหนือ,86196,5723,91919,179.85,21.81,201.67,41.6,5409,2250,2194.0,28.71,37.25
2024-10,2024,10,52,ลำปาง,Lampang,ภาคเหนือ,90557,5885,96442,195.16,23.38,218.53,45.3,5434,2461,2265.92,14.46,30.56
2024-11,2024,11,52,ลำปาง,Lampang,ภาคเหนือ,159725,11044,170769,345.53,42.9,388.43,72.6,5433,3944,2274.59,32.26,44.47
2024-12,2024,12,52,ลำปาง,Lampang,ภาคเหนือ,169957,11805,181762,363.63,45.53,409.16,89.3,5458,4873,2251.08,20.12,36.91
2019-01,2019,1,53,อุตรดิตถ์,Uttaradit,ภาคเหนือ,153272,10177,163449,265.48,33.55,299.04,86.3,5600,4832,1829.56,0.0,0.0
2019-02,2019,2,53,อุตรดิตถ์,Uttaradit,ภาคเหนือ,123544,7924,131468,218.6,26.05,244.66,64.1,5499,3524,1860.99,0.0,0.0
2019-03,2019,3,53,อุตรดิตถ์,Uttaradit,ภาคเหนือ,113094,7265,120359,195.65,24.46,220.11,57.9,5549,3212,1828.78,0.0,0.0
2019-04,2019,4,53,อุตรดิตถ์,Uttaradit,ภาคเหนือ,119610,8006,127616,206.83,26.26,233.09,63.4,5486,3478,1826.5,0.0,0.0
2019-05,2019,5,53,อุตรดิตถ์,Uttaradit,ภาคเหนือ,94763,6178,100941,169.99,21.14,191.13,48.8,5499,2683,1893.48,0.0,0.0
2019-06,2019,6,53,อุตรดิตถ์,Uttaradit,ภาคเหนือ,85365,5521,90886,153.44,19.09,172.53,44.5,5607,2495,1898.31,0.0,0.0
2019-07,2019,7,53,อุตรดิตถ์,Uttaradit,ภาคเหนือ,96670,6106,102776,172.99,20.93,193.92,50.2,5484,2752,1886.82,0.0,0.0
2019-08,2019,8,53,อุตรดิตถ์,Uttaradit,ภาคเหนือ,101519,6547,108066,187.85,21.85,209.7,51.4,5523,2838,1940.48,0.0,0.0
2019-09,2019,9,53,อุตรดิตถ์,Uttaradit,ภาคเหนือ,75936,4852,80788,140.26,16.65,156.91,43.2,5570,2406,1942.24,0.0,0.0
2019-10,2019,10,53,อุตรดิตถ์,Uttaradit,ภาคเหนือ,88775,5502,94277,156.34,17.99,174.34,47.7,5465,2606,1849.23,0.0,0.0
2019-11,2019,11,53,อุตรดิตถ์,Uttaradit,ภาคเหนือ,147216,9163,156379,261.85,29.65,291.5,77.4,5515,4268,1864.06,0.0,0.0
2019-12,2019,12,53,อุตรดิตถ์,Uttaradit,ภาคเหนือ,165108,10060,175168,292.42,34.35,326.77,91.3,5533,5051,1865.47,0.0,0.0
2020-01,2020,1,53,อุตรดิตถ์,Uttaradit,ภาคเหนือ,64897,982,65879,100.41,2.77,103.18,36.3,5556,2016,1566.2,-59.69,-65.5
2020-02,2020,2,53,อุตรดิตถ์,Uttaradit,ภาคเหนือ,48754,771,49525,73.87,2.19,76.05,26.1,5451,1422,1535.59,-62.33,-68.92
2020-03,2020,3,53,อุตรดิตถ์,Uttaradit,ภาคเหนือ,43399,672,44071,67.06,1.91,68.97,23.8,5406,1286,1564.97,-63.38,-68.67
2020-04,2020,4,53,อุตรดิตถ์,Uttaradit,ภาคเหนือ,48563,704,49267,71.55,2.07,73.62,25.5,5428,1384,1494.31,-61.39,-68.42
2020-05,2020,5,53,อุตรดิตถ์,Uttaradit,ภาคเหนือ,38053,567,38620,58.44,1.58,60.02,20.2,5541,1119,1554.12,-61.74,-68.6
2020-06,2020,6,53,อุตรดิตถ์,Uttaradit,ภาคเหนือ,32203,495,32698,47.22,1.39,48.61,18.5,5511,1019,1486.64,-64.02,-71.83
2020-07,2020,7,53,อุตรดิตถ์,Uttaradit,ภาคเหนือ,38806,578,39384,57.92,1.62,59.54,21.1,5440,1147,1511.78,-61.68,-69.3
2020-08,2020,8,53,อุตรดิตถ์,Uttaradit,ภาคเหนือ,40217,587,40804,61.9,1.71,63.6,22.0,5399,1187,1558.67,-62.24,-69.67
2020-09,2020,9,53,อุตรดิตถ์,Uttaradit,ภาคเหนือ,33224,499,33723,50.95,1.38,52.33,18.1,5585,1010,1551.76,-58.26,-66.65
2020-10,2020,10,53,อุตรดิตถ์,Uttaradit,ภาคเหนือ,34145,516,34661,49.96,1.47,51.44,20.0,5418,1083,1484.09,-63.23,-70.49
2020-11,2020,11,53,อุตรดิตถ์,Uttaradit,ภาคเหนือ,56021,831,56852,81.65,2.46,84.12,32.5,5433,1765,1479.63,-63.64,-71.14
2020-12,2020,12,53,อุตรดิตถ์,Uttaradit,ภาคเหนือ,66317,1059,67376,97.92,3.1,101.02,36.3,5399,1959,1499.35,-61.54,-69.09
2021-01,2021,1,53,อุตรดิตถ์,Uttaradit,ภาคเหนือ,42131,241,42372,60.55,0.67,61.22,25.1,5441,1365,1444.82,-35.68,-40.67
2021-02,2021,2,53,อุตรดิตถ์,Uttaradit,ภาคเหนือ,34892,216,35108,48.24,0.57,48.82,18.6,5410,1006,1390.57,-29.11,-35.81
2021-03,2021,3,53,อุตรดิตถ์,Uttaradit,ภาคเหนือ,30583,179,30762,42.56,0.49,43.05,17.1,5480,937,1399.45,-30.2,-37.58
2021-04,2021,4,53,อุตรดิตถ์,Uttaradit,ภาคเหนือ,31655,189,31844,46.57,0.53,47.1,18.6,5480,1019,1479.09,-35.36,-36.02
2021-05,2021,5,53,อุตรดิตถ์,Uttaradit,ภาคเหนือ,25534,155,25689,37.48,0.41,37.88,15.0,5570,835,1474.56,-33.48,-36.89
2021-06,2021,6,53,อุตรดิตถ์,Uttaradit,ภาคเหนือ,23020,134,23154,32.8,0.36,33.16,15.0,5485,822,1432.15,-29.19,-31.78
2021-07,2021,7,53,อุตรดิตถ์,Uttaradit,ภาคเหนือ,26298,154,26452,38.28,0.42,38.7,15.0,5465,819,1463.03,-32.84,-35.0
2021-08,2021,8,53,อุตรดิตถ์,Uttaradit,ภาคเหนือ,27666,158,27824,38.42,0.44,38.86,15.4,5521,850,1396.64,-31.81,-38.9
2021-09,2021,9,53,อุตรดิตถ์,Uttaradit,ภาคเหนือ,21712,127,21839,30.31,0.33,30.65,15.0,5418,812,1403.45,-35.24,-41.43
2021-10,2021,10,53,อุตรดิตถ์,Uttaradit,ภาคเหนือ,25500,151,25651,36.09,0.39,36.48,15.0,5445,816,1422.17,-25.99,-29.08
2021-11,2021,11,53,อุตรดิตถ์,Uttaradit,ภาคเหนือ,39862,230,40092,54.79,0.62,55.41,22.1,5510,1217,1382.07,-29.48,-34.13
2021-12,2021,12,53,อุตรดิตถ์,Uttaradit,ภาคเหนือ,47612,279,47891,68.25,0.76,69.01,26.6,5568,1481,1440.98,-28.92,-31.69
2022-01,2022,1,53,อุตรดิตถ์,Uttaradit,ภาคเหนือ,98894,2893,101787,164.93,9.41,174.35,57.6,5481,3157,1712.89,140.22,184.79
2022-02,2022,2,53,อุตรดิตถ์,Uttaradit,ภาคเหนือ,76192,2185,78377,129.96,6.73,136.69,43.8,5461,2391,1744.01,123.25,179.99
2022-03,2022,3,53,อุตรดิตถ์,Uttaradit,ภาคเหนือ,69104,2123,71227,117.24,6.62,123.86,39.6,5598,2216,1738.95,131.54,187.71
2022-04,2022,4,53,อุตรดิตถ์,Uttaradit,ภาคเหนือ,74363,2231,76594,121.57,6.99,128.56,43.3,5584,2417,1678.46,140.53,172.95
2022-05,2022,5,53,อุตรดิตถ์,Uttaradit,ภาคเหนือ,61782,1819,63601,106.39,5.91,112.3,31.7,5402,1712,1765.7,147.58,196.46
2022-06,2022,6,53,อุตรดิตถ์,Uttaradit,ภาคเหนือ,56976,1718,58694,97.18,5.46,102.64,30.6,5560,1701,1748.73,153.49,209.53
2022-07,2022,7,53,อุตรดิตถ์,Uttaradit,ภาคเหนือ,59355,1809,61164,102.79,5.6,108.39,34.4,5417,1863,1772.12,131.23,180.08
2022-08,2022,8,53,อุตรดิตถ์,Uttaradit,ภาคเหนือ,60166,1833,61999,98.59,6.04,104.63,35.6,5510,1961,1687.61,122.83,169.25
2022-09,2022,9,53,อุตรดิตถ์,Uttaradit,ภาคเหนือ,51672,1500,53172,84.75,4.94,89.7,29.3,5472,1603,1686.98,143.47,192.66
2022-10,2022,10,53,อุตรดิตถ์,Uttaradit,ภาคเหนือ,55774,1610,57384,96.82,5.07,101.9,31.7,5445,1726,1775.76,123.71,179.33
2022-11,2022,11,53,อุตรดิตถ์,Uttaradit,ภาคเหนือ,96989,2889,99878,169.99,8.88,178.88,51.4,5581,2868,1790.99,149.12,222.83
2022-12,2022,12,53,อุตรดิตถ์,Uttaradit,ภาคเหนือ,113009,3315,116324,194.05,10.48,204.54,59.1,5551,3280,1758.36,142.89,196.39
2023-01,2023,1,53,อุตรดิตถ์,Uttaradit,ภาคเหนือ,144775,7762,152537,278.78,29.11,307.9,75.7,5390,4080,2018.53,49.86,76.6
2023-02,2023,2,53,อุตรดิตถ์,Uttaradit,ภาคเหนือ,103155,5136,108291,191.6,18.35,209.95,56.1,5403,3031,1938.76,38.17,53.6
2023-03,2023,3,53,อุตรดิตถ์,Uttaradit,ภาคเหนือ,98041,4896,102937,195.52,18.28,213.79,51.3,5596,2870,2076.9,44.52,72.61
2023-04,2023,4,53,อุตรดิตถ์,Uttaradit,ภาคเหนือ,109183,5791,114974,218.89,20.75,239.64,56.4,5447,3072,2084.3,50.11,86.4
2023-05,2023,5,53,อุตรดิตถ์,Uttaradit,ภาคเหนือ,77256,4046,81302,153.22,14.8,168.02,41.0,5431,2226,2066.62,27.83,49.62
2023-06,2023,6,53,อุตรดิตถ์,Uttaradit,ภาคเหนือ,76535,3860,80395,150.77,14.26,165.04,40.4,5518,2229,2052.86,36.97,60.8
2023-07,2023,7,53,อุตรดิตถ์,Uttaradit,ภาคเหนือ,88174,4703,92877,166.32,17.68,184.0,44.5,5585,2485,1981.11,51.85,69.76
2023-08,2023,8,53,อุตรดิตถ์,Uttaradit,ภาคเหนือ,91563,4941,96504,174.89,17.43,192.32,44.4,5493,2438,1992.87,55.65,83.81
2023-09,2023,9,53,อุตรดิตถ์,Uttaradit,ภาคเหนือ,73501,3948,77449,136.37,14.51,150.88,38.3,5551,2126,1948.12,45.66,68.21
2023-10,2023,10,53,อุตรดิตถ์,Uttaradit,ภาคเหนือ,75514,3833,79347,147.34,14.27,161.61,40.5,5563,2253,2036.75,38.27,58.6
2023-11,2023,11,53,อุตรดิตถ์,Uttaradit,ภาคเหนือ,129942,6811,136753,255.24,25.35,280.59,67.6,5537,3743,2051.8,36.92,56.86
2023-12,2023,12,53,อุตรดิตถ์,Uttaradit,ภาคเหนือ,149333,7572,156905,297.85,28.53,326.38,79.7,5605,4467,2080.11,34.89,59.57
2024-01,2024,1,53,อุตรดิตถ์,Uttaradit,ภาคเหนือ,166204,11427,177631,337.06,45.38,382.44,81.6,5530,4512,2153.0,16.45,24.21
2024-02,2024,2,53,อุตรดิตถ์,Uttaradit,ภาคเหนือ,131102,8374,139476,270.87,32.88,303.75,61.9,5498,3403,2177.79,28.8,44.68
2024-03,2024,3,53,อุตรดิตถ์,Uttaradit,ภาคเหนือ,120893,8008,128901,258.46,32.19,290.65,56.8,5536,3144,2254.83,25.22,35.95
2024-04,2024,4,53,อุตรดิตถ์,Uttaradit,ภาคเหนือ,130077,8260,138337,270.12,32.71,302.83,62.1,5545,3443,2189.07,20.32,26.37
2024-05,2024,5,53,อุตรดิตถ์,Uttaradit,ภาคเหนือ,93758,6556,100314,199.72,26.9,226.62,45.2,5554,2510,2259.11,23.38,34.88
2024-06,2024,6,53,อุตรดิตถ์,Uttaradit,ภาคเหนือ,93928,6574,100502,191.62,25.76,217.38,43.8,5396,2363,2162.94,25.01,31.71
2024-07,2024,7,53,อุตรดิตถ์,Uttaradit,ภาคเหนือ,99535,6536,106071,207.27,26.26,233.53,47.3,5486,2594,2201.64,14.21,26.92
2024-08,2024,8,53,อุตรดิตถ์,Uttaradit,ภาคเหนือ,99430,6431,105861,217.02,25.57,242.59,49.6,5497,2726,2291.59,9.7,26.14
2024-09,2024,9,53,อุตรดิตถ์,Uttaradit,ภาคเหนือ,84580,5926,90506,178.82,23.9,202.72,41.4,5399,2235,2239.85,16.86,34.36
2024-10,2024,10,53,อุตรดิตถ์,Uttaradit,ภาคเหนือ,89273,6044,95317,182.4,23.82,206.22,46.0,5435,2500,2163.52,20.13,27.6
2024-11,2024,11,53,อุตรดิตถ์,Uttaradit,ภาคเหนือ,145546,10056,155602,297.69,38.62,336.31,73.0,5515,4025,2161.35,13.78,19.86
2024-12,2024,12,53,อุตรดิตถ์,Uttaradit,ภาคเหนือ,187747,12271,200018,381.84,49.8,431.64,88.1,5538,4878,2158.01,27.48,32.25
2019-01,2019,1,54,แพร่,Phrae,ภาคเหนือ,168250,11093,179343,301.55,37.74,339.28,82.3,5479,4509,1891.79,0.0,0.0
2019-02,2019,2,54,แพร่,Phrae,ภาคเหนือ,129453,7944,137397,229.3,27.11,256.41,63.4,5547,3516,1866.2,0.0,0.0
2019-03,2019,3,54,แพร่,Phrae,ภาคเหนือ,102801,6706,109507,177.36,22.61,199.97,56.6,5496,3110,1826.09,0.0,0.0
2019-04,2019,4,54,แพร่,Phrae,ภาคเหนือ,123550,8216,131766,227.3,26.64,253.94,61.9,5502,3405,1927.2,0.0,0.0
2019-05,2019,5,54,แพร่,Phrae,ภาคเหนือ,89881,5531,95412,163.45,19.01,182.46,47.2,5395,2546,1912.34,0.0,0.0
2019-06,2019,6,54,แพร่,Phrae,ภาคเหนือ,87432,5546,92978,154.68,18.94,173.63,43.6,5521,2407,1867.43,0.0,0.0
2019-07,2019,7,54,แพร่,Phrae,ภาคเหนือ,97568,6443,104011,178.8,21.04,199.83,49.8,5575,2776,1921.24,0.0,0.0
2019-08,2019,8,54,แพร่,Phrae,ภาคเหนือ,94859,6135,100994,165.05,20.73,185.79,49.9,5522,2755,1839.61,0.0,0.0
2019-09,2019,9,54,แพร่,Phrae,ภาคเหนือ,84571,5225,89796,148.41,17.25,165.66,41.8,5476,2288,1844.85,0.0,0.0
2019-10,2019,10,54,แพร่,Phrae,ภาคเหนือ,94142,5999,100141,173.3,19.64,192.94,46.3,5546,2567,1926.68,0.0,0.0
2019-11,2019,11,54,แพร่,Phrae,ภาคเหนือ,150062,10080,160142,271.97,32.96,304.93,76.4,5605,4282,1904.12,0.0,0.0
2019-12,2019,12,54,แพร่,Phrae,ภาคเหนือ,161761,10818,172579,284.98,35.65,320.63,88.6,5401,4785,1857.87,0.0,0.0
2020-01,2020,1,54,แพร่,Phrae,ภาคเหนือ,63012,983,63995,92.78,2.73,95.51,35.1,5567,1954,1492.46,-64.32,-71.85
2020-02,2020,2,54,แพร่,Phrae,ภาคเหนือ,47529,756,48285,71.89,2.12,74.01,27.0,5425,1464,1532.77,-64.86,-71.14
2020-03,2020,3,54,แพร่,Phrae,ภาคเหนือ,41612,655,42267,65.13,1.9,67.03,23.3,5607,1306,1585.87,-61.4,-66.48
2020-04,2020,4,54,แพร่,Phrae,ภาคเหนือ,49950,775,50725,75.17,2.27,77.43,25.8,5441,1403,1526.47,-61.5,-69.51
2020-05,2020,5,54,แพร่,Phrae,ภาคเหนือ,35460,526,35986,55.62,1.56,57.18,19.9,5576,1109,1588.95,-62.28,-68.66
2020-06,2020,6,54,แพร่,Phrae,ภาคเหนือ,33057,514,33571,49.48,1.48,50.97,18.9,5532,1045,1518.27,-63.89,-70.64
2020-07,2020,7,54,แพร่,Phrae,ภาคเหนือ,35599,553,36152,52.3,1.54,53.84,20.5,5473,1121,1489.27,-65.24,-73.06
2020-08,2020,8,54,แพร่,Phrae,ภาคเหนือ,36883,554,37437,56.22,1.54,57.76,22.1,5476,1210,1542.86,-62.93,-68.91
2020-09,2020,9,54,แพร่,Phrae,ภาคเหนือ,33860,534,34394,50.88,1.46,52.35,18.0,5470,984,1522.07,-61.7,-68.4
2020-10,2020,10,54,แพร่,Phrae,ภาคเหนือ,36247,552,36799,56.86,1.52,58.38,19.9,5505,1095,1586.46,-63.25,-69.74
2020-11,2020,11,54,แพร่,Phrae,ภาคเหนือ,60751,910,61661,93.7,2.59,96.29,31.9,5459,1741,1561.6,-61.5,-68.42
2020-12,2020,12,54,แพร่,Phrae,ภาคเหนือ,65887,964,66851,102.83,2.76,105.59,38.0,5437,2066,1579.48,-61.26,-67.07
2021-01,2021,1,54,แพร่,Phrae,ภาคเหนือ,45042,272,45314,66.81,0.76,67.57,25.5,5487,1399,1491.15,-29.19,-29.25
2021-02,2021,2,54,แพร่,Phrae,ภาคเหนือ,33888,195,34083,49.37,0.52,49.89,18.9,5557,1050,1463.78,-29.41,-32.59
2021-03,2021,3,54,แพร่,Phrae,ภาคเหนือ,30392,192,30584,41.68,0.53,42.21,17.4,5404,940,1380.13,-27.64,-37.03
2021-04,2021,4,54,แพร่,Phrae,ภาคเหนือ,32914,193,33107,48.65,0.5,49.15,18.3,5433,994,1484.58,-34.73,-36.52
2021-05,2021,5,54,แพร่,Phrae,ภาคเหนือ,24728,156,24884,36.63,0.43,37.06,15.0,5494,824,1489.31,-30.85,-35.19
2021-06,2021,6,54,แพร่,Phrae,ภาคเหนือ,24104,151,24255,33.62,0.42,34.04,15.0,5466,819,1403.42,-27.75,-33.22
2021-07,2021,7,54,แพร่,Phrae,ภาคเหนือ,27695,165,27860,39.4,0.45,39.85,15.2,5559,844,1430.37,-22.94,-25.98
2021-08,2021,8,54,แพร่,Phrae,ภาคเหนือ,26872,159,27031,37.79,0.43,38.22,15.3,5468,836,1413.93,-27.8,-33.83
2021-09,2021,9,54,แพร่,Phrae,ภาคเหนือ,23334,135,23469,32.64,0.35,33.0,15.0,5556,833,1406.11,-31.76,-36.96
2021-10,2021,10,54,แพร่,Phrae,ภาคเหนือ,24256,139,24395,35.35,0.38,35.72,15.0,5482,822,1464.23,-33.71,-38.81
2021-11,2021,11,54,แพร่,Phrae,ภาคเหนือ,40248,231,40479,59.03,0.62,59.66,23.0,5418,1246,1473.85,-34.35,-38.04
2021-12,2021,12,54,แพร่,Phrae,ภาคเหนือ,45453,284,45737,65.47,0.77,66.24,27.3,5569,1520,1448.28,-31.58,-37.27
2022-01,2022,1,54,แพร่,Phrae,ภาคเหนือ,98796,2878,101674,169.03,9.35,178.39,56.1,5425,3043,1754.53,124.38,164.01
2022-02,2022,2,54,แพร่,Phrae,ภาคเหนือ,79328,2244,81572,136.69,6.93,143.62,43.0,5537,2380,1760.65,139.33,187.87
2022-03,2022,3,54,แพร่,Phrae,ภาคเหนือ,71018,2170,73188,122.56,6.75,129.31,38.8,5410,2099,1766.82,139.3,206.35
2022-04,2022,4,54,แพร่,Phrae,ภาคเหนือ,80422,2438,82860,137.02,7.9,144.92,41.3,5431,2243,1748.97,150.28,194.85
2022-05,2022,5,54,แพร่,Phrae,ภาคเหนือ,58575,1772,60347,98.21,5.88,104.09,33.1,5474,1811,1724.86,142.51,180.87
2022-06,2022,6,54,แพร่,Phrae,ภาคเหนือ,57062,1679,58741,97.84,5.27,103.11,30.0,5520,1656,1755.33,142.18,202.91
2022-07,2022,7,54,แพร่,Phrae,ภาคเหนือ,64331,2003,66334,109.05,6.62,115.67,33.3,5518,1837,1743.75,138.1,190.26
2022-08,2022,8,54,แพร่,Phrae,ภาคเหนือ,64203,1902,66105,104.81,6.17,110.98,35.4,5397,1910,1678.84,144.55,190.37
2022-09,2022,9,54,แพร่,Phrae,ภาคเหนือ,53987,1638,55625,93.98,5.06,99.04,29.0,5397,1565,1780.49,137.01,200.12
2022-10,2022,10,54,แพร่,Phrae,ภาคเหนือ,59214,1675,60889,99.92,5.43,105.35,32.0,5594,1790,1730.2,149.6,194.93
2022-11,2022,11,54,แพร่,Phrae,ภาคเหนือ,96611,2958,99569,160.51,9.11,169.62,52.6,5587,2938,1703.54,145.98,184.31
2022-12,2022,12,54,แพร่,Phrae,ภาคเหนือ,103389,2968,106357,169.69,9.6,179.29,62.3,5581,3476,1685.74,132.54,170.67
2023-01,2023,1,54,แพร่,Phrae,ภาคเหนือ,139710,7061,146771,264.59,24.79,289.38,74.3,5603,4163,1971.64,44.35,62.22
2023-02,2023,2,54,แพร่,Phrae,ภาคเหนือ,105291,5314,110605,198.69,20.05,218.73,55.8,5541,3091,1977.58,35.59,52.3
2023-03,2023,3,54,แพร่,Phrae,ภาคเหนือ,94170,5058,99228,176.66,18.34,195.0,51.0,5540,2825,1965.17,35.58,50.8
2023-04,2023,4,54,แพร่,Phrae,ภาคเหนือ,102069,5178,107247,202.29,18.72,221.01,56.2,5577,3134,2060.76,29.43,52.5
2023-05,2023,5,54,แพร่,Phrae,ภาคเหนือ,78086,4232,82318,144.96,14.93,159.89,42.4,5506,2334,1942.35,36.41,53.61
2023-06,2023,6,54,แพร่,Phrae,ภาคเหนือ,77899,4138,82037,147.89,14.73,162.62,39.4,5394,2125,1982.28,39.66,57.72
2023-07,2023,7,54,แพร่,Phrae,ภาคเหนือ,85723,4659,90382,164.45,16.37,180.82,45.5,5473,2490,2000.62,36.25,56.32
2023-08,2023,8,54,แพร่,Phrae,ภาคเหนือ,89956,4796,94752,167.81,17.4,185.21,45.3,5595,2534,1954.68,43.34,66.89
2023-09,2023,9,54,แพร่,Phrae,ภาคเหนือ,70805,3597,74402,140.51,13.03,153.54,36.9,5412,1997,2063.65,33.76,55.03
2023-10,2023,10,54,แพร่,Phrae,ภาคเหนือ,79187,4103,83290,157.11,14.72,171.83,40.9,5410,2212,2063.03,36.79,63.1
2023-11,2023,11,54,แพร่,Phrae,ภาคเหนือ,132907,6612,139519,260.08,23.42,283.5,68.7,5480,3764,2031.98,40.12,67.14
2023-12,2023,12,54,แพร่,Phrae,ภาคเหนือ,160933,8201,169134,321.64,29.63,351.27,79.8,5436,4337,2076.87,59.02,95.92
2024-01,2024,1,54,แพร่,Phrae,ภาคเหนือ,164297,11317,175614,345.27,45.5,390.77,84.7,5476,4638,2225.16,19.65,35.04
2024-02,2024,2,54,แพร่,Phrae,ภาคเหนือ,126779,8484,135263,269.93,32.93,302.86,63.8,5439,3470,2239.05,22.29,38.46
2024-03,2024,3,54,แพร่,Phrae,ภาคเหนือ,115483,7858,123341,237.13,31.78,268.91,54.3,5406,2935,2180.22,24.3,37.9
2024-04,2024,4,54,แพร่,Phrae,ภาคเหนือ,131690,8341,140031,278.27,33.65,311.92,62.0,5501,3410,2227.51,30.57,41.13
2024-05,2024,5,54,แพร่,Phrae,ภาคเหนือ,94377,6206,100583,199.16,23.93,223.09,47.3,5450,2577,2217.97,22.19,39.53
2024-06,2024,6,54,แพร่,Phrae,ภาคเหนือ,89594,5817,95411,181.44,23.01,204.45,42.2,5393,2275,2142.83,16.3,25.72
2024-07,2024,7,54,แพร่,Phrae,ภาคเหนือ,97554,6167,103721,200.64,24.39,225.04,48.5,5451,2643,2169.67,14.76,24.46
2024-08,2024,8,54,แพร่,Phrae,ภาคเหนือ,102339,7100,109439,216.7,27.19,243.88,51.3,5607,2876,2228.46,15.5,31.68
2024-09,2024,9,54,แพร่,Phrae,ภาคเหนือ,89697,6242,95939,182.87,25.11,207.98,40.6,5430,2204,2167.84,28.95,35.46
2024-10,2024,10,54,แพร่,Phrae,ภาคเหนือ,94242,6142,100384,194.19,25.19,219.38,45.3,5601,2537,2185.41,20.52,27.67
2024-11,2024,11,54,แพร่,Phrae,ภาคเหนือ,160124,10563,170687,328.27,42.04,370.31,73.0,5419,3955,2169.53,22.34,30.62
2024-12,2024,12,54,แพร่,Phrae,ภาคเหนือ,179975,12217,192192,386.17,50.08,436.25,89.7,5488,4922,2269.87,13.63,24.19
2019-01,2019,1,55,น่าน,Nan,ภาคเหนือ,160990,8259,169249,492.47,48.42,540.89,96.0,5438,5220,3195.82,0.0,0.0
2019-02,2019,2,55,น่าน,Nan,ภาคเหนือ,125831,6966,132797,372.85,38.93,411.78,75.3,5517,4154,3100.82,0.0,0.0
2019-03,2019,3,55,น่าน,Nan,ภาคเหนือ,105077,5790,110867,325.88,34.28,360.17,66.0,5480,3616,3248.67,0.0,0.0
2019-04,2019,4,55,น่าน,Nan,ภาคเหนือ,121727,6694,128421,371.79,37.07,408.87,73.3,5548,4066,3183.83,0.0,0.0
2019-05,2019,5,55,น่าน,Nan,ภาคเหนือ,95947,4790,100737,304.64,28.04,332.68,55.2,5441,3003,3302.46,0.0,0.0
2019-06,2019,6,55,น่าน,Nan,ภาคเหนือ,89889,4945,94834,275.67,28.12,303.79,50.8,5609,2849,3203.39,0.0,0.0
2019-07,2019,7,55,น่าน,Nan,ภาคเหนือ,95408,4957,100365,286.14,29.5,315.64,59.2,5496,3253,3144.92,0.0,0.0
2019-08,2019,8,55,น่าน,Nan,ภาคเหนือ,102404,5402,107806,317.53,30.44,347.97,58.3,5487,3198,3227.74,0.0,0.0
2019-09,2019,9,55,น่าน,Nan,ภาคเหนือ,82092,4166,86258,244.52,24.36,268.88,48.6,5500,2673,3117.16,0.0,0.0
2019-10,2019,10,55,น่าน,Nan,ภาคเหนือ,95312,4779,100091,296.8,26.64,323.44,53.5,5430,2905,3231.46,0.0,0.0
2019-11,2019,11,55,น่าน,Nan,ภาคเหนือ,154673,8300,162973,484.6,46.83,531.43,86.1,5561,4788,3260.85,0.0,0.0
2019-12,2019,12,55,น่าน,Nan,ภาคเหนือ,172695,8729,181424,522.14,49.88,572.02,96.5,5566,5371,3152.95,0.0,0.0
2020-01,2020,1,55,น่าน,Nan,ภาคเหนือ,62568,756,63324,167.41,3.59,171.0,41.7,5445,2270,2700.4,-62.59,-68.39
2020-02,2020,2,55,น่าน,Nan,ภาคเหนือ,48613,630,49243,127.72,3.18,130.89,31.5,5417,1706,2658.04,-62.92,-68.21
2020-03,2020,3,55,น่าน,Nan,ภาคเหนือ,41856,503,42359,106.96,2.56,109.52,28.1,5428,1525,2585.52,-61.79,-69.59
2020-04,2020,4,55,น่าน,Nan,ภาคเหนือ,47356,602,47958,120.78,2.98,123.76,31.2,5427,1693,2580.59,-62.66,-69.73
2020-05,2020,5,55,น่าน,Nan,ภาคเหนือ,36120,453,36573,93.39,2.16,95.55,23.3,5394,1256,2612.58,-63.69,-71.28
2020-06,2020,6,55,น่าน,Nan,ภาคเหนือ,34404,437,34841,90.89,2.06,92.95,21.5,5597,1203,2667.83,-63.26,-69.4
2020-07,2020,7,55,น่าน,Nan,ภาคเหนือ,37887,457,38344,100.25,2.32,102.57,24.1,5460,1315,2674.99,-61.8,-67.5
2020-08,2020,8,55,น่าน,Nan,ภาคเหนือ,40862,491,41353,102.29,2.34,104.63,24.9,5589,1391,2530.17,-61.64,-69.93
2020-09,2020,9,55,น่าน,Nan,ภาคเหนือ,32585,416,33001,87.5,2.01,89.51,20.6,5492,1131,2712.34,-61.74,-66.71
2020-10,2020,10,55,น่าน,Nan,ภาคเหนือ,34360,418,34778,87.62,2.02,89.65,22.8,5602,1277,2577.78,-65.25,-72.28
2020-11,2020,11,55,น่าน,Nan,ภาคเหนือ,58145,753,58898,145.32,3.55,148.87,37.0,5419,2005,2527.59,-63.86,-71.99
2020-12,2020,12,55,น่าน,Nan,ภาคเหนือ,67284,852,68136,179.75,4.27,184.03,44.7,5502,2459,2700.92,-62.44,-67.83
2021-01,2021,1,55,น่าน,Nan,ภาคเหนือ,44412,227,44639,107.23,1.01,108.24,28.8,5406,1556,2424.79,-29.51,-36.7
2021-02,2021,2,55,น่าน,Nan,ภาคเหนือ,34569,173,34742,86.3,0.81,87.11,22.2,5436,1206,2507.34,-29.45,-33.45
2021-03,2021,3,55,น่าน,Nan,ภาคเหนือ,31504,158,31662,74.6,0.72,75.32,19.4,5549,1076,2378.88,-25.25,-31.23
2021-04,2021,4,55,น่าน,Nan,ภาคเหนือ,32618,163,32781,77.6,0.72,78.32,21.6,5540,1196,2389.19,-31.65,-36.72
2021-05,2021,5,55,น่าน,Nan,ภาคเหนือ,25805,134,25939,62.28,0.64,62.92,16.9,5436,918,2425.69,-29.08,-34.15
2021-06,2021,6,55,น่าน,Nan,ภาคเหนือ,23055,115,23170,56.22,0.54,56.77,15.5,5606,868,2450.15,-33.5,-38.92
2021-07,2021,7,55,น่าน,Nan,ภาคเหนือ,26703,138,26841,65.79,0.66,66.45,17.1,5477,936,2475.69,-30.0,-35.21
2021-08,2021,8,55,น่าน,Nan,ภาคเหนือ,27249,136,27385,66.71,0.65,67.36,17.6,5494,966,2459.74,-33.78,-35.62
2021-09,2021,9,55,น่าน,Nan,ภาคเหนือ,22968,115,23083,55.81,0.54,56.36,15.0,5516,827,2441.62,-30.05,-37.03
2021-10,2021,10,55,น่าน,Nan,ภาคเหนือ,23264,116,23380,56.87,0.52,57.39,16.3,5598,912,2454.66,-32.77,-35.98
2021-11,2021,11,55,น่าน,Nan,ภาคเหนือ,40279,205,40484,101.41,0.91,102.32,27.1,5577,1511,2527.42,-31.26,-31.27
2021-12,2021,12,55,น่าน,Nan,ภาคเหนือ,47521,244,47765,116.77,1.12,117.89,30.4,5409,1644,2468.13,-29.9,-35.94
2022-01,2022,1,55,น่าน,Nan,ภาคเหนือ,105680,2682,108362,309.55,14.5,324.05,65.6,5458,3580,2990.44,142.75,199.38
2022-02,2022,2,55,น่าน,Nan,ภาคเหนือ,81600,2079,83679,236.95,11.08,248.03,51.3,5560,2852,2964.07,140.86,184.73
2022-03,2022,3,55,น่าน,Nan,ภาคเหนือ,66711,1574,68285,188.37,8.77,197.14,44.9,5468,2455,2887.02,115.67,161.74
2022-04,2022,4,55,น่าน,Nan,ภาคเหนือ,74542,1906,76448,224.02,10.16,234.18,49.3,5547,2734,3063.26,133.21,199.0
2022-05,2022,5,55,น่าน,Nan,ภาคเหนือ,59893,1487,61380,168.24,7.85,176.08,36.6,5471,2002,2868.69,136.63,179.85
2022-06,2022,6,55,น่าน,Nan,ภาคเหนือ,54104,1283,55387,159.68,7.0,166.69,35.8,5498,1968,3009.55,139.05,193.62
2022-07,2022,7,55,น่าน,Nan,ภาคเหนือ,60694,1447,62141,178.75,7.87,186.62,38.4,5463,2097,3003.17,131.52,180.84
2022-08,2022,8,55,น่าน,Nan,ภาคเหนือ,62950,1492,64442,180.27,8.38,188.64,40.6,5484,2226,2927.28,135.32,180.05
2022-09,2022,9,55,น่าน,Nan,ภาคเหนือ,49620,1237,50857,147.09,6.86,153.95,33.9,5535,1876,3027.12,120.32,173.15
2022-10,2022,10,55,น่าน,Nan,ภาคเหนือ,58970,1441,60411,175.63,7.66,183.29,36.8,5406,1989,3034.05,158.39,219.38
2022-11,2022,11,55,น่าน,Nan,ภาคเหนือ,92733,2266,94999,279.68,12.08,291.75,58.9,5432,3199,3071.08,134.66,185.13
2022-12,2022,12,55,น่าน,Nan,ภาคเหนือ,111406,2829,114235,317.63,15.96,333.59,72.2,5432,3921,2920.21,139.16,182.97
2023-01,2023,1,55,น่าน,Nan,ภาคเหนือ,148031,6279,154310,475.64,40.59,516.23,87.5,5532,4840,3345.41,42.4,59.31
2023-02,2023,2,55,น่าน,Nan,ภาคเหนือ,114320,4829,119149,372.97,30.94,403.92,65.0,5462,3550,3390.04,42.39,62.85
2023-03,2023,3,55,น่าน,Nan,ภาคเหนือ,95173,3868,99041,312.01,23.48,335.49,57.7,5432,3134,3387.39,45.04,70.18
2023-04,2023,4,55,น่าน,Nan,ภาคเหนือ,103793,4480,108273,332.29,27.39,359.67,65.2,5421,3534,3321.88,41.63,53.59
2023-05,2023,5,55,น่าน,Nan,ภาคเหนือ,84901,3799,88700,290.23,23.71,313.94,50.0,5448,2724,3539.35,44.51,78.29
2023-06,2023,6,55,น่าน,Nan,ภาคเหนือ,74280,3166,77446,238.14,19.08,257.22,45.9,5550,2547,3321.28,39.83,54.31
2023-07,2023,7,55,น่าน,Nan,ภาคเหนือ,88037,3579,91616,301.06,22.61,323.67,51.2,5394,2761,3532.9,47.43,73.44
2023-08,2023,8,55,น่าน,Nan,ภาคเหนือ,85394,3582,88976,287.48,22.72,310.21,54.6,5475,2989,3486.45,38.07,64.45
2023-09,2023,9,55,น่าน,Nan,ภาคเหนือ,75729,3078,78807,246.38,19.78,266.16,43.8,5419,2373,3377.36,54.96,72.89
2023-10,2023,10,55,น่าน,Nan,ภาคเหนือ,77873,3404,81277,250.93,21.44,272.37,47.1,5535,2606,3351.13,34.54,48.6
2023-11,2023,11,55,น่าน,Nan,ภาคเหนือ,137615,5709,143324,450.37,35.28,485.65,80.5,5452,4388,3388.48,50.87,66.46
2023-12,2023,12,55,น่าน,Nan,ภาคเหนือ,156849,6500,163349,507.06,39.92,546.97,91.1,5391,4911,3348.47,42.99,63.96
2024-01,2024,1,55,น่าน,Nan,ภาคเหนือ,167075,9320,176395,595.32,63.72,659.04,95.6,5477,5236,3736.16,14.31,27.66
2024-02,2024,2,55,น่าน,Nan,ภาคเหนือ,130451,7267,137718,465.97,49.65,515.62,73.5,5396,3966,3744.03,15.58,27.65
2024-03,2024,3,55,น่าน,Nan,ภาคเหนือ,114311,6268,120579,427.88,43.0,470.88,64.2,5557,3567,3905.16,21.75,40.36
2024-04,2024,4,55,น่าน,Nan,ภาคเหนือ,128044,6692,134736,453.95,46.1,500.05,69.0,5404,3728,3711.33,24.44,39.03
2024-05,2024,5,55,น่าน,Nan,ภาคเหนือ,102565,5445,108010,374.62,35.72,410.34,55.5,5599,3107,3799.09,21.77,30.71
2024-06,2024,6,55,น่าน,Nan,ภาคเหนือ,91905,5073,96978,335.74,33.74,369.49,51.8,5451,2823,3810.04,25.22,43.65
2024-07,2024,7,55,น่าน,Nan,ภาคเหนือ,102683,5924,108607,375.12,40.42,415.54,58.2,5472,3184,3826.09,18.55,28.38
2024-08,2024,8,55,น่าน,Nan,ภาคเหนือ,107585,5826,113411,383.86,39.32,423.18,59.0,5552,3275,3731.38,27.46,36.42
2024-09,2024,9,55,น่าน,Nan,ภาคเหนือ,86560,4601,91161,313.68,31.76,345.44,46.8,5553,2598,3789.34,15.68,29.79
2024-10,2024,10,55,น่าน,Nan,ภาคเหนือ,92920,5174,98094,325.07,34.65,359.72,53.5,5591,2991,3667.09,20.69,32.07
2024-11,2024,11,55,น่าน,Nan,ภาคเหนือ,153003,8472,161475,567.76,56.59,624.34,88.9,5416,4814,3866.48,12.66,28.56
2024-12,2024,12,55,น่าน,Nan,ภาคเหนือ,183242,9801,193043,638.1,69.2,707.31,96.5,5455,5264,3664.0,18.18,29.31
2019-01,2019,1,56,พะเยา,Phayao,ภาคเหนือ,165562,10092,175654,295.41,34.86,330.28,84.3,5520,4653,1880.29,0.0,0.0
2019-02,2019,2,56,พะเยา,Phayao,ภาคเหนือ,119024,7258,126282,219.16,23.58,242.74,62.5,5461,3413,1922.21,0.0,0.0
2019-03,2019,3,56,พะเยา,Phayao,ภาคเหนือ,110505,7087,117592,197.45,22.98,220.43,57.7,5491,3168,1874.53,0.0,0.0
2019-04,2019,4,56,พะเยา,Phayao,ภาคเหนือ,121941,7481,129422,215.2,24.73,239.94,63.2,5451,3445,1853.94,0.0,0.0
2019-05,2019,5,56,พะเยา,Phayao,ภาคเหนือ,93040,6139,99179,172.28,20.7,192.99,46.2,5501,2541,1945.88,0.0,0.0
2019-06,2019,6,56,พะเยา,Phayao,ภาคเหนือ,89597,5810,95407,162.68,20.0,182.68,44.5,5401,2403,1914.74,0.0,0.0
2019-07,2019,7,56,พะเยา,Phayao,ภาคเหนือ,95406,5965,101371,167.92,20.16,188.08,48.3,5449,2631,1855.36,0.0,0.0
2019-08,2019,8,56,พะเยา,Phayao,ภาคเหนือ,94452,5826,100278,167.07,19.11,186.18,49.9,5477,2733,1856.64,0.0,0.0
2019-09,2019,9,56,พะเยา,Phayao,ภาคเหนือ,83394,5458,88852,144.76,18.55,163.31,42.2,5409,2282,1838.0,0.0,0.0
2019-10,2019,10,56,พะเยา,Phayao,ภาคเหนือ,84265,5105,89370,146.01,17.53,163.54,46.4,5523,2562,1829.92,0.0,0.0
2019-11,2019,11,56,พะเยา,Phayao,ภาคเหนือ,151999,9581,161580,269.8,32.53,302.33,75.3,5458,4109,1871.09,0.0,0.0
2019-12,2019,12,56,พะเยา,Phayao,ภาคเหนือ,163654,10297,173951,283.98,34.25,318.22,90.7,5545,5029,1829.37,0.0,0.0
2020-01,2020,1,56,พะเยา,Phayao,ภาคเหนือ,64757,988,65745,96.16,2.86,99.01,36.2,5458,1975,1505.97,-62.57,-70.02
2020-02,2020,2,56,พะเยา,Phayao,ภาคเหนือ,51212,750,51962,76.24,2.19,78.43,27.5,5548,1525,1509.37,-58.85,-67.69
2020-03,2020,3,56,พะเยา,Phayao,ภาคเหนือ,43621,691,44312,67.09,1.95,69.03,23.4,5527,1293,1557.82,-62.32,-68.68
2020-04,2020,4,56,พะเยา,Phayao,ภาคเหนือ,50032,724,50756,74.9,2.06,76.96,26.0,5515,1433,1516.27,-60.78,-67.93
2020-05,2020,5,56,พะเยา,Phayao,ภาคเหนือ,35974,563,36537,55.17,1.63,56.8,20.4,5393,1100,1554.59,-63.16,-70.57
2020-06,2020,6,56,พะเยา,Phayao,ภาคเหนือ,35045,538,35583,51.91,1.51,53.42,18.4,5494,1010,1501.28,-62.7,-70.76
2020-07,2020,7,56,พะเยา,Phayao,ภาคเหนือ,37638,580,38218,55.69,1.61,57.29,21.3,5446,1159,1499.03,-62.3,-69.54
2020-08,2020,8,56,พะเยา,Phayao,ภาคเหนือ,37217,572,37789,58.45,1.63,60.08,21.1,5436,1146,1589.88,-62.32,-67.73
2020-09,2020,9,56,พะเยา,Phayao,ภาคเหนือ,34033,517,34550,51.69,1.44,53.13,18.0,5560,1000,1537.77,-61.12,-67.47
2020-10,2020,10,56,พะเยา,Phayao,ภาคเหนือ,35706,565,36271,54.07,1.63,55.7,19.9,5493,1093,1535.66,-59.41,-65.94
2020-11,2020,11,56,พะเยา,Phayao,ภาคเหนือ,58805,869,59674,87.06,2.47,89.53,31.8,5415,1721,1500.32,-63.07,-70.39
2020-12,2020,12,56,พะเยา,Phayao,ภาคเหนือ,69560,1017,70577,103.42,2.92,106.34,37.3,5529,2062,1506.72,-59.43,-66.58
2021-01,2021,1,56,พะเยา,Phayao,ภาคเหนือ,42799,257,43056,61.05,0.71,61.75,25.1,5408,1357,1434.18,-34.51,-37.63
2021-02,2021,2,56,พะเยา,Phayao,ภาคเหนือ,33623,211,33834,46.76,0.57,47.33,19.3,5483,1058,1398.89,-34.89,-39.65
2021-03,2021,3,56,พะเยา,Phayao,ภาคเหนือ,31440,191,31631,45.84,0.52,46.36,16.8,5399,907,1465.65,-28.62,-32.84
2021-04,2021,4,56,พะเยา,Phayao,ภาคเหนือ,31629,189,31818,46.57,0.51,47.08,18.4,5419,997,1479.67,-37.31,-38.83
2021-05,2021,5,56,พะเยา,Phayao,ภาคเหนือ,25159,146,25305,37.17,0.39,37.55,15.0,5529,829,1483.9,-30.74,-33.89
2021-06,2021,6,56,พะเยา,Phayao,ภาคเหนือ,22080,133,22213,30.65,0.37,31.02,15.0,5442,816,1396.48,-37.57,-41.93
2021-07,2021,7,56,พะเยา,Phayao,ภาคเหนือ,26962,165,27127,37.12,0.43,37.55,15.1,5445,822,1384.23,-29.02,-34.46
2021-08,2021,8,56,พะเยา,Phayao,ภาคเหนือ,28202,162,28364,40.43,0.44,40.87,15.1,5569,840,1440.91,-24.94,-31.97
2021-09,2021,9,56,พะเยา,Phayao,ภาคเหนือ,23028,142,23170,34.01,0.39,34.4,15.0,5483,822,1484.68,-32.94,-35.25
2021-10,2021,10,56,พะเยา,Phayao,ภาคเหนือ,23195,141,23336,33.17,0.38,33.55,15.0,5435,815,1437.69,-35.66,-39.77
2021-11,2021,11,56,พะเยา,Phayao,ภาคเหนือ,41344,255,41599,59.88,0.69,60.58,23.1,5535,1278,1456.29,-30.29,-32.34
2021-12,2021,12,56,พะเยา,Phayao,ภาคเหนือ,48774,281,49055,71.3,0.74,72.03,25.9,5452,1412,1468.35,-30.49,-32.26
2022-01,2022,1,56,พะเยา,Phayao,ภาคเหนือ,97458,2969,100427,169.44,9.4,178.85,58.1,5572,3237,1780.9,133.25,189.64
2022-02,2022,2,56,พะเยา,Phayao,ภาคเหนือ,80894,2331,83225,138.16,7.26,145.42,44.0,5460,2402,1747.31,145.98,207.25
2022-03,2022,3,56,พะเยา,Phayao,ภาคเหนือ,69926,2117,72043,118.72,6.86,125.58,38.5,5477,2108,1743.13,127.76,170.88
2022-04,2022,4,56,พะเยา,Phayao,ภาคเหนือ,72658,2103,74761,120.9,6.96,127.86,41.7,5433,2265,1710.25,134.96,171.58
2022-05,2022,5,56,พะเยา,Phayao,ภาคเหนือ,60065,1721,61786,100.13,5.54,105.67,32.9,5565,1830,1710.26,144.17,181.41
2022-06,2022,6,56,พะเยา,Phayao,ภาคเหนือ,52145,1532,53677,87.81,5.0,92.81,30.5,5501,1677,1729.05,141.65,199.19
2022-07,2022,7,56,พะเยา,Phayao,ภาคเหนือ,57369,1744,59113,93.88,5.63,99.51,34.7,5394,1871,1683.39,117.91,165.01
2022-08,2022,8,56,พะเยา,Phayao,ภาคเหนือ,64985,1923,66908,106.44,6.28,112.72,34.2,5511,1884,1684.7,135.89,175.8
2022-09,2022,9,56,พะเยา,Phayao,ภาคเหนือ,53303,1592,54895,93.37,4.98,98.35,27.8,5470,1520,1791.6,136.92,185.9
2022-10,2022,10,56,พะเยา,Phayao,ภาคเหนือ,58496,1697,60193,102.39,5.22,107.61,31.5,5451,1717,1787.75,157.94,220.75
2022-11,2022,11,56,พะเยา,Phayao,ภาคเหนือ,94591,2730,97321,154.13,9.02,163.15,49.9,5501,2744,1676.41,133.95,169.31
2022-12,2022,12,56,พะเยา,Phayao,ภาคเหนือ,108134,3225,111359,176.48,10.47,186.95,59.8,5523,3302,1678.8,127.01,159.54
2023-01,2023,1,56,พะเยา,Phayao,ภาคเหนือ,135986,7197,143183,254.61,25.28,279.89,73.6,5594,4117,1954.77,42.57,56.49
2023-02,2023,2,56,พะเยา,Phayao,ภาคเหนือ,110105,5617,115722,207.79,20.66,228.46,57.4,5466,3137,1974.21,39.05,57.1
2023-03,2023,3,56,พะเยา,Phayao,ภาคเหนือ,95152,5163,100315,180.79,19.13,199.92,51.8,5532,2865,1992.92,39.24,59.2
2023-04,2023,4,56,พะเยา,Phayao,ภาคเหนือ,107891,5669,113560,201.99,21.08,223.08,56.2,5609,3152,1964.42,51.9,74.47
2023-05,2023,5,56,พะเยา,Phayao,ภาคเหนือ,85083,4480,89563,166.39,16.15,182.53,42.0,5415,2274,2038.01,44.96,72.74
2023-06,2023,6,56,พะเยา,Phayao,ภาคเหนือ,78474,4080,82554,149.88,14.78,164.66,38.7,5422,2098,1994.57,53.8,77.42
2023-07,2023,7,56,พะเยา,Phayao,ภาคเหนือ,79715,4295,84010,148.84,15.86,164.7,43.0,5567,2393,1960.48,42.12,65.51
2023-08,2023,8,56,พะเยา,Phayao,ภาคเหนือ,87604,4517,92121,172.52,16.95,189.47,46.6,5419,2525,2056.75,37.68,68.09
2023-09,2023,9,56,พะเยา,Phayao,ภาคเหนือ,75157,3991,79148,147.01,14.97,161.99,36.8,5457,2008,2046.67,44.18,64.71
2023-10,2023,10,56,พะเยา,Phayao,ภาคเหนือ,80883,4126,85009,161.89,15.38,177.27,40.6,5516,2239,2085.31,41.23,64.73
2023-11,2023,11,56,พะเยา,Phayao,ภาคเหนือ,128608,6436,135044,255.02,23.39,278.41,66.5,5568,3702,2061.62,38.76,70.65
2023-12,2023,12,56,พะเยา,Phayao,ภาคเหนือ,158967,8049,167016,296.33,28.24,324.57,79.6,5608,4463,1943.35,49.98,73.61
2024-01,2024,1,56,พะเยา,Phayao,ภาคเหนือ,166305,11316,177621,348.63,45.41,394.04,82.2,5470,4496,2218.43,24.05,40.78
2024-02,2024,2,56,พะเยา,Phayao,ภาคเหนือ,126961,8479,135440,267.58,32.33,299.91,63.0,5557,3500,2214.34,17.04,31.27
2024-03,2024,3,56,พะเยา,Phayao,ภาคเหนือ,115437,7453,122890,252.23,29.82,282.05,54.3,5501,2987,2295.14,22.5,41.08
2024-04,2024,4,56,พะเยา,Phayao,ภาคเหนือ,132758,8690,141448,289.91,35.47,325.38,62.5,5583,3489,2300.35,24.56,45.86
2024-05,2024,5,56,พะเยา,Phayao,ภาคเหนือ,99488,6409,105897,216.58,26.38,242.96,45.6,5512,2513,2294.3,18.24,33.11
2024-06,2024,6,56,พะเยา,Phayao,ภาคเหนือ,93117,6304,99421,194.17,24.06,218.24,43.4,5550,2408,2195.11,20.43,32.54
2024-07,2024,7,56,พะเยา,Phayao,ภาคเหนือ,96693,6286,102979,206.03,24.73,230.76,47.2,5577,2632,2240.85,22.58,40.11
2024-08,2024,8,56,พะเยา,Phayao,ภาคเหนือ,107899,7117,115016,234.84,28.71,263.54,51.5,5544,2855,2291.33,24.85,39.09
2024-09,2024,9,56,พะเยา,Phayao,ภาคเหนือ,81911,5640,87551,170.3,22.1,192.4,40.1,5607,2248,2197.58,10.62,18.77
2024-10,2024,10,56,พะเยา,Phayao,ภาคเหนือ,93405,6300,99705,195.4,25.2,220.6,45.8,5447,2494,2212.53,17.29,24.44
2024-11,2024,11,56,พะเยา,Phayao,ภาคเหนือ,143921,9874,153795,299.58,38.18,337.76,73.6,5591,4114,2196.17,13.89,21.32
2024-12,2024,12,56,พะเยา,Phayao,ภาคเหนือ,177433,12336,189769,386.19,48.39,434.59,86.9,5578,4847,2290.1,13.62,33.9
2019-01,2019,1,57,เชียงราย,Chiang Rai,ภาคเหนือ,342639,111906,454545,1200.38,744.56,1944.93,96.5,14212,13714,4278.85,0.0,0.0
2019-02,2019,2,57,เชียงราย,Chiang Rai,ภาคเหนือ,240830,78732,319562,840.57,498.69,1339.26,73.6,14168,10427,4190.92,0.0,0.0
2019-03,2019,3,57,เชียงราย,Chiang Rai,ภาคเหนือ,206654,71539,278193,706.28,458.08,1164.37,65.8,13904,9148,4185.48,0.0,0.0
2019-04,2019,4,57,เชียงราย,Chiang Rai,ภาคเหนือ,229562,81259,310821,831.89,512.11,1344.0,74.4,14183,10552,4324.03,0.0,0.0
2019-05,2019,5,57,เชียงราย,Chiang Rai,ภาคเหนือ,187352,65507,252859,668.59,418.7,1087.29,56.5,13942,7877,4299.99,0.0,0.0
2019-06,2019,6,57,เชียงราย,Chiang Rai,ภาคเหนือ,170267,58086,228353,587.36,386.46,973.81,53.9,13813,7445,4264.49,0.0,0.0
2019-07,2019,7,57,เชียงราย,Chiang Rai,ภาคเหนือ,178858,63483,242341,618.09,431.97,1050.06,59.7,13913,8306,4332.99,0.0,0.0
2019-08,2019,8,57,เชียงราย,Chiang Rai,ภาคเหนือ,199891,66482,266373,715.52,432.03,1147.55,59.5,14003,8331,4308.06,0.0,0.0
2019-09,2019,9,57,เชียงราย,Chiang Rai,ภาคเหนือ,161854,53331,215185,553.86,336.97,890.83,51.3,14254,7312,4139.83,0.0,0.0
2019-10,2019,10,57,เชียงราย,Chiang Rai,ภาคเหนือ,181870,56859,238729,609.0,381.45,990.45,55.9,14220,7948,4148.85,0.0,0.0
2019-11,2019,11,57,เชียงราย,Chiang Rai,ภาคเหนือ,298839,105491,404330,1014.36,716.42,1730.78,91.6,14132,12944,4280.61,0.0,0.0
2019-12,2019,12,57,เชียงราย,Chiang Rai,ภาคเหนือ,335108,109726,444834,1179.83,697.1,1876.93,96.5,14272,13772,4219.39,0.0,0.0
2020-01,2020,1,57,เชียงราย,Chiang Rai,ภาคเหนือ,160004,10118,170122,468.35,55.84,524.19,42.1,13760,5792,3081.26,-62.57,-73.05
2020-02,2020,2,57,เชียงราย,Chiang Rai,ภาคเหนือ,121518,7858,129376,363.36,43.62,406.98,32.2,13778,4436,3145.71,-59.51,-69.61
2020-03,2020,3,57,เชียงราย,Chiang Rai,ภาคเหนือ,102880,6647,109527,296.93,36.51,333.44,28.9,13942,4029,3044.36,-60.63,-71.36
2020-04,2020,4,57,เชียงราย,Chiang Rai,ภาคเหนือ,113891,7523,121414,342.39,42.73,385.12,31.5,13859,4365,3171.96,-60.94,-71.35
2020-05,2020,5,57,เชียงราย,Chiang Rai,ภาคเหนือ,88211,6061,94272,257.62,33.91,291.53,23.1,14217,3284,3092.43,-62.72,-73.19
2020-06,2020,6,57,เชียงราย,Chiang Rai,ภาคเหนือ,79785,5327,85112,245.38,28.91,274.28,21.5,14241,3061,3222.58,-62.73,-71.83
2020-07,2020,7,57,เชียงราย,Chiang Rai,ภาคเหนือ,90227,6253,96480,263.89,35.32,299.21,25.0,13731,3432,3101.26,-60.19,-71.51
2020-08,2020,8,57,เชียงราย,Chiang Rai,ภาคเหนือ,89452,5921,95373,272.82,32.43,305.25,25.7,14063,3614,3200.59,-64.2,-73.4
2020-09,2020,9,57,เชียงราย,Chiang Rai,ภาคเหนือ,80387,5478,85865,245.02,29.94,274.97,21.5,13828,2973,3202.35,-60.1,-69.13
2020-10,2020,10,57,เชียงราย,Chiang Rai,ภาคเหนือ,89704,5847,95551,273.28,31.63,304.91,23.2,14217,3298,3191.07,-59.98,-69.22
2020-11,2020,11,57,เชียงราย,Chiang Rai,ภาคเหนือ,132052,8383,140435,379.98,48.44,428.42,38.1,13758,5241,3050.66,-65.27,-75.25
2020-12,2020,12,57,เชียงราย,Chiang Rai,ภาคเหนือ,160265,10175,170440,456.6,54.51,511.11,43.0,13781,5925,2998.77,-61.68,-72.77
2021-01,2021,1,57,เชียงราย,Chiang Rai,ภาคเหนือ,111641,2795,114436,323.14,14.8,337.94,29.3,13838,4054,2953.09,-32.73,-35.53
2021-02,2021,2,57,เชียงราย,Chiang Rai,ภาคเหนือ,84626,2221,86847,241.86,11.67,253.53,23.0,14064,3234,2919.27,-32.87,-37.7
2021-03,2021,3,57,เชียงราย,Chiang Rai,ภาคเหนือ,70101,1769,71870,188.6,9.09,197.69,19.8,13789,2730,2750.66,-34.38,-40.71
2021-04,2021,4,57,เชียงราย,Chiang Rai,ภาคเหนือ,81471,2141,83612,225.77,10.89,236.66,21.4,13738,2939,2830.45,-31.13,-38.55
2021-05,2021,5,57,เชียงราย,Chiang Rai,ภาคเหนือ,63220,1558,64778,177.15,8.06,185.21,16.6,14168,2351,2859.15,-31.29,-36.47
2021-06,2021,6,57,เชียงราย,Chiang Rai,ภาคเหนือ,60796,1531,62327,170.83,7.92,178.76,15.4,13879,2137,2868.1,-26.77,-34.83
2021-07,2021,7,57,เชียงราย,Chiang Rai,ภาคเหนือ,65258,1715,66973,175.87,9.05,184.92,17.3,13842,2394,2761.11,-30.58,-38.2
2021-08,2021,8,57,เชียงราย,Chiang Rai,ภาคเหนือ,66405,1666,68071,187.19,8.97,196.16,18.7,14072,2631,2881.7,-28.63,-35.74
2021-09,2021,9,57,เชียงราย,Chiang Rai,ภาคเหนือ,52089,1387,53476,149.42,7.08,156.5,15.0,13926,2088,2926.55,-37.72,-43.08
2021-10,2021,10,57,เชียงราย,Chiang Rai,ภาคเหนือ,57653,1504,59157,154.53,7.8,162.33,16.3,13893,2264,2744.05,-38.09,-46.76
2021-11,2021,11,57,เชียงราย,Chiang Rai,ภาคเหนือ,97349,2464,99813,260.92,13.34,274.27,27.2,14254,3877,2747.84,-28.93,-35.98
2021-12,2021,12,57,เชียงราย,Chiang Rai,ภาคเหนือ,118269,3062,121331,329.89,16.43,346.32,31.7,14126,4477,2854.34,-28.81,-32.24
2022-01,2022,1,57,เชียงราย,Chiang Rai,ภาคเหนือ,233559,30714,264273,786.7,198.64,985.34,69.4,13727,9526,3728.49,130.94,191.57
2022-02,2022,2,57,เชียงราย,Chiang Rai,ภาคเหนือ,171207,23923,195130,551.69,146.7,698.39,50.3,13896,6989,3579.1,124.68,175.47
2022-03,2022,3,57,เชียงราย,Chiang Rai,ภาคเหนือ,167759,22437,190196,566.22,137.14,703.35,45.3,14194,6429,3698.03,164.64,255.78
2022-04,2022,4,57,เชียงราย,Chiang Rai,ภาคเหนือ,168474,22279,190753,555.78,140.42,696.21,50.2,13788,6921,3649.8,128.14,194.18
2022-05,2022,5,57,เชียงราย,Chiang Rai,ภาคเหนือ,138832,18984,157816,471.02,116.27,587.29,37.6,13882,5219,3721.36,143.63,217.09
2022-06,2022,6,57,เชียงราย,Chiang Rai,ภาคเหนือ,120890,17041,137931,401.03,102.67,503.7,35.1,13757,4828,3651.83,121.3,181.77
2022-07,2022,7,57,เชียงราย,Chiang Rai,ภาคเหนือ,141529,19907,161436,451.11,126.92,578.03,41.0,14234,5835,3580.55,141.05,212.58
2022-08,2022,8,57,เชียงราย,Chiang Rai,ภาคเหนือ,153803,19965,173768,495.21,119.87,615.09,41.7,13943,5814,3539.72,155.27,213.57
2022-09,2022,9,57,เชียงราย,Chiang Rai,ภาคเหนือ,122553,16573,139126,391.65,99.36,491.01,34.2,14260,4876,3529.25,160.17,213.74
2022-10,2022,10,57,เชียงราย,Chiang Rai,ภาคเหนือ,134083,19089,153172,450.59,114.21,564.79,38.0,13837,5258,3687.29,158.92,247.93
2022-11,2022,11,57,เชียงราย,Chiang Rai,ภาคเหนือ,214549,28142,242691,705.3,175.3,880.6,62.4,13725,8564,3628.48,143.15,221.07
2022-12,2022,12,57,เชียงราย,Chiang Rai,ภาคเหนือ,246824,34713,281537,799.81,218.96,1018.77,70.3,14072,9892,3618.6,132.04,194.17
2023-01,2023,1,57,เชียงราย,Chiang Rai,ภาคเหนือ,311551,81914,393465,1153.18,582.92,1736.1,89.6,13949,12498,4412.34,48.89,76.19
2023-02,2023,2,57,เชียงราย,Chiang Rai,ภาคเหนือ,229582,59630,289212,846.04,428.76,1274.8,68.6,14124,9689,4407.84,48.22,82.53
2023-03,2023,3,57,เชียงราย,Chiang Rai,ภาคเหนือ,204750,52586,257336,754.18,369.9,1124.08,59.4,14015,8324,4368.14,35.3,59.82
2023-04,2023,4,57,เชียงราย,Chiang Rai,ภาคเหนือ,233236,62060,295296,872.36,445.39,1317.75,66.4,14125,9379,4462.47,54.81,89.27
2023-05,2023,5,57,เชียงราย,Chiang Rai,ภาคเหนือ,175433,47096,222529,645.99,339.77,985.76,51.5,13734,7073,4429.8,41.01,67.85
2023-06,2023,6,57,เชียงราย,Chiang Rai,ภาคเหนือ,166405,42720,209125,636.54,309.69,946.23,45.8,14005,6414,4524.71,51.62,87.86
2023-07,2023,7,57,เชียงราย,Chiang Rai,ภาคเหนือ,188748,46369,235117,726.32,323.3,1049.62,52.5,14255,7483,4464.25,45.64,81.59
2023-08,2023,8,57,เชียงราย,Chiang Rai,ภาคเหนือ,192944,49333,242277,700.65,336.19,1036.83,54.7,13928,7618,4279.52,39.43,68.57
2023-09,2023,9,57,เชียงราย,Chiang Rai,ภาคเหนือ,152130,39758,191888,567.27,291.29,858.56,45.0,14258,6416,4474.28,37.92,74.86
2023-10,2023,10,57,เชียงราย,Chiang Rai,ภาคเหนือ,157593,41732,199325,578.59,293.64,872.23,49.7,14173,7043,4375.92,30.13,54.43
2023-11,2023,11,57,เชียงราย,Chiang Rai,ภาคเหนือ,290948,71038,361986,1073.64,513.61,1587.25,78.2,14056,10991,4384.84,49.16,80.25
2023-12,2023,12,57,เชียงราย,Chiang Rai,ภาคเหนือ,312642,76599,389241,1182.68,540.01,1722.69,92.8,13889,12888,4425.77,38.26,69.1
2024-01,2024,1,57,เชียงราย,Chiang Rai,ภาคเหนือ,339124,112576,451700,1374.63,855.27,2229.9,96.5,14153,13657,4936.68,14.8,28.44
2024-02,2024,2,57,เชียงราย,Chiang Rai,ภาคเหนือ,242882,91093,333975,987.87,711.12,1698.99,72.9,14040,10235,5087.18,15.48,33.28
2024-03,2024,3,57,เชียงราย,Chiang Rai,ภาคเหนือ,219576,75295,294871,927.6,588.47,1516.07,66.8,13979,9337,5141.47,14.59,34.87
2024-04,2024,4,57,เชียงราย,Chiang Rai,ภาคเหนือ,266506,90986,357492,1108.16,684.67,1792.83,72.1,13775,9931,5015.02,21.06,36.05
2024-05,2024,5,57,เชียงราย,Chiang Rai,ภาคเหนือ,194957,67967,262924,773.48,546.5,1319.98,55.6,13834,7691,5020.39,18.15,33.9
2024-06,2024,6,57,เชียงราย,Chiang Rai,ภาคเหนือ,172522,64637,237159,702.24,507.73,1209.97,50.2,13821,6938,5101.94,13.41,27.87
2024-07,2024,7,57,เชียงราย,Chiang Rai,ภาคเหนือ,189083,70082,259165,808.05,562.0,1370.05,58.8,13799,8113,5286.4,10.23,30.53
2024-08,2024,8,57,เชียงราย,Chiang Rai,ภาคเหนือ,211844,74748,286592,844.94,563.94,1408.88,59.5,13809,8216,4915.98,18.29,35.88
2024-09,2024,9,57,เชียงราย,Chiang Rai,ภาคเหนือ,174087,60528,234615,727.3,453.42,1180.72,48.3,14273,6893,5032.59,22.27,37.52
2024-10,2024,10,57,เชียงราย,Chiang Rai,ภาคเหนือ,186497,65015,251512,757.63,517.92,1275.55,54.4,13839,7528,5071.53,26.18,46.24
2024-11,2024,11,57,เชียงราย,Chiang Rai,ภาคเหนือ,318404,105036,423440,1277.9,781.5,2059.41,86.9,13991,12158,4863.52,16.98,29.75
2024-12,2024,12,57,เชียงราย,Chiang Rai,ภาคเหนือ,365747,125251,490998,1494.96,965.61,2460.58,96.5,13882,13396,5011.38,26.14,42.83
2019-01,2019,1,58,แม่ฮ่องสอน,Mae Hong Son,ภาคเหนือ,99178,22192,121370,329.76,138.71,468.47,90.2,3800,3427,3859.85,0.0,0.0
2019-02,2019,2,58,แม่ฮ่องสอน,Mae Hong Son,ภาคเหนือ,70190,15482,85672,229.45,96.99,326.44,67.4,3723,2509,3810.35,0.0,0.0
2019-03,2019,3,58,แม่ฮ่องสอน,Mae Hong Son,ภาคเหนือ,66536,14640,81176,221.41,86.91,308.32,61.2,3805,2328,3798.17,0.0,0.0
2019-04,2019,4,58,แม่ฮ่องสอน,Mae Hong Son,ภาคเหนือ,69718,14406,84124,231.21,89.26,320.46,66.5,3696,2457,3809.38,0.0,0.0
2019-05,2019,5,58,แม่ฮ่องสอน,Mae Hong Son,ภาคเหนือ,51314,11769,63083,163.22,69.59,232.82,49.5,3805,1883,3690.69,0.0,0.0
2019-06,2019,6,58,แม่ฮ่องสอน,Mae Hong Son,ภาคเหนือ,50221,11281,61502,164.14,69.67,233.81,46.1,3698,1704,3801.66,0.0,0.0
2019-07,2019,7,58,แม่ฮ่องสอน,Mae Hong Son,ภาคเหนือ,57354,13062,70416,183.77,82.26,266.03,53.3,3714,1979,3777.98,0.0,0.0
2019-08,2019,8,58,แม่ฮ่องสอน,Mae Hong Son,ภาคเหนือ,55876,11629,67505,181.43,71.12,252.55,55.4,3758,2081,3741.2,0.0,0.0
2019-09,2019,9,58,แม่ฮ่องสอน,Mae Hong Son,ภาคเหนือ,47593,9870,57463,152.4,58.47,210.87,45.7,3696,1689,3669.67,0.0,0.0
2019-10,2019,10,58,แม่ฮ่องสอน,Mae Hong Son,ภาคเหนือ,52423,11557,63980,167.83,70.14,237.96,50.2,3809,1912,3719.29,0.0,0.0
2019-11,2019,11,58,แม่ฮ่องสอน,Mae Hong Son,ภาคเหนือ,84340,17545,101885,281.4,104.69,386.1,80.4,3783,3041,3789.57,0.0,0.0
2019-12,2019,12,58,แม่ฮ่องสอน,Mae Hong Son,ภาคเหนือ,105146,22772,127918,350.8,139.32,490.12,94.4,3701,3493,3831.52,0.0,0.0
2020-01,2020,1,58,แม่ฮ่องสอน,Mae Hong Son,ภาคเหนือ,44066,2015,46081,123.92,10.56,134.48,37.5,3786,1419,2918.34,-62.03,-71.29
2020-02,2020,2,58,แม่ฮ่องสอน,Mae Hong Son,ภาคเหนือ,33836,1659,35495,95.3,8.42,103.71,28.3,3744,1059,2921.82,-58.57,-68.23
2020-03,2020,3,58,แม่ฮ่องสอน,Mae Hong Son,ภาคเหนือ,27712,1298,29010,77.57,6.61,84.18,25.8,3740,964,2901.76,-64.26,-72.7
2020-04,2020,4,58,แม่ฮ่องสอน,Mae Hong Son,ภาคเหนือ,31699,1506,33205,86.93,7.7,94.63,27.2,3696,1005,2849.87,-60.53,-70.47
2020-05,2020,5,58,แม่ฮ่องสอน,Mae Hong Son,ภาคเหนือ,23825,1167,24992,66.32,6.07,72.4,21.5,3773,811,2896.93,-60.38,-68.9
2020-06,2020,6,58,แม่ฮ่องสอน,Mae Hong Son,ภาคเหนือ,23423,1106,24529,63.98,5.82,69.8,19.8,3726,737,2845.61,-60.12,-70.15
2020-07,2020,7,58,แม่ฮ่องสอน,Mae Hong Son,ภาคเหนือ,25750,1211,26961,73.27,6.42,79.68,22.6,3811,861,2955.38,-61.71,-70.05
2020-08,2020,8,58,แม่ฮ่องสอน,Mae Hong Son,ภาคเหนือ,26005,1173,27178,74.25,6.04,80.29,23.2,3809,883,2954.23,-59.74,-68.21
2020-09,2020,9,58,แม่ฮ่องสอน,Mae Hong Son,ภาคเหนือ,20243,1001,21244,57.33,5.33,62.65,19.1,3756,717,2949.07,-63.03,-70.29
2020-10,2020,10,58,แม่ฮ่องสอน,Mae Hong Son,ภาคเหนือ,24688,1109,25797,67.1,5.73,72.83,20.7,3794,785,2823.2,-59.68,-69.39
2020-11,2020,11,58,แม่ฮ่องสอน,Mae Hong Son,ภาคเหนือ,36311,1712,38023,103.29,8.82,112.12,34.4,3791,1304,2948.74,-62.68,-70.96
2020-12,2020,12,58,แม่ฮ่องสอน,Mae Hong Son,ภาคเหนือ,43562,1992,45554,117.74,10.7,128.44,38.6,3756,1449,2819.51,-64.39,-73.79
2021-01,2021,1,58,แม่ฮ่องสอน,Mae Hong Son,ภาคเหนือ,29798,572,30370,79.45,2.84,82.29,26.5,3823,1013,2709.58,-34.09,-38.81
2021-02,2021,2,58,แม่ฮ่องสอน,Mae Hong Son,ภาคเหนือ,21635,410,22045,54.28,2.06,56.34,20.2,3713,750,2555.68,-37.89,-45.68
2021-03,2021,3,58,แม่ฮ่องสอน,Mae Hong Son,ภาคเหนือ,21122,372,21494,54.99,1.81,56.8,18.0,3689,664,2642.6,-25.91,-32.53
2021-04,2021,4,58,แม่ฮ่องสอน,Mae Hong Son,ภาคเหนือ,21985,394,22379,57.27,1.97,59.24,19.6,3736,732,2647.12,-32.6,-37.4
2021-05,2021,5,58,แม่ฮ่องสอน,Mae Hong Son,ภาคเหนือ,17815,317,18132,45.87,1.5,47.37,15.3,3717,568,2612.51,-27.45,-34.57
2021-06,2021,6,58,แม่ฮ่องสอน,Mae Hong Son,ภาคเหนือ,15550,280,15830,40.5,1.36,41.87,15.0,3773,565,2644.98,-35.46,-40.01
2021-07,2021,7,58,แม่ฮ่องสอน,Mae Hong Son,ภาคเหนือ,17103,315,17418,43.14,1.53,44.68,15.3,3700,566,2565.16,-35.4,-43.93
2021-08,2021,8,58,แม่ฮ่องสอน,Mae Hong Son,ภาคเหนือ,18706,354,19060,49.4,1.66,51.06,16.4,3685,604,2678.91,-29.87,-36.41
2021-09,2021,9,58,แม่ฮ่องสอน,Mae Hong Son,ภาคเหนือ,14114,254,14368,35.09,1.27,36.36,15.0,3679,551,2530.62,-32.37,-41.96
2021-10,2021,10,58,แม่ฮ่องสอน,Mae Hong Son,ภาคเหนือ,16709,296,17005,43.12,1.43,44.55,15.0,3821,573,2619.82,-34.08,-38.83
2021-11,2021,11,58,แม่ฮ่องสอน,Mae Hong Son,ภาคเหนือ,27447,528,27975,68.28,2.61,70.89,24.4,3717,906,2534.05,-26.43,-36.77
2021-12,2021,12,58,แม่ฮ่องสอน,Mae Hong Son,ภาคเหนือ,31584,585,32169,80.97,2.94,83.91,28.0,3675,1029,2608.41,-29.38,-34.67
2022-01,2022,1,58,แม่ฮ่องสอน,Mae Hong Son,ภาคเหนือ,65070,6317,71387,200.74,35.26,236.0,60.3,3677,2217,3305.92,135.06,186.79
2022-02,2022,2,58,แม่ฮ่องสอน,Mae Hong Son,ภาคเหนือ,50755,4725,55480,150.72,26.25,176.96,45.2,3773,1705,3189.62,151.67,214.09
2022-03,2022,3,58,แม่ฮ่องสอน,Mae Hong Son,ภาคเหนือ,43602,4214,47816,132.57,23.45,156.02,40.3,3797,1530,3262.92,122.46,174.68
2022-04,2022,4,58,แม่ฮ่องสอน,Mae Hong Son,ภาคเหนือ,50490,4923,55413,153.48,27.35,180.83,43.4,3793,1646,3263.31,147.61,205.25
2022-05,2022,5,58,แม่ฮ่องสอน,Mae Hong Son,ภาคเหนือ,35908,3460,39368,111.53,20.28,131.81,33.9,3690,1250,3348.15,117.12,178.26
2022-06,2022,6,58,แม่ฮ่องสอน,Mae Hong Son,ภาคเหนือ,34848,3295,38143,109.02,19.35,128.37,32.2,3736,1202,3365.49,140.95,206.59
2022-07,2022,7,58,แม่ฮ่องสอน,Mae Hong Son,ภาคเหนือ,39379,3716,43095,121.43,20.68,142.12,35.5,3790,1345,3297.83,147.42,218.08
2022-08,2022,8,58,แม่ฮ่องสอน,Mae Hong Son,ภาคเหนือ,42105,3795,45900,127.13,21.39,148.52,37.1,3777,1401,3235.73,140.82,190.87
2022-09,2022,9,58,แม่ฮ่องสอน,Mae Hong Son,ภาคเหนือ,33340,3155,36495,100.31,17.96,118.27,29.4,3715,1092,3240.72,154.0,225.28
2022-10,2022,10,58,แม่ฮ่องสอน,Mae Hong Son,ภาคเหนือ,36631,3309,39940,115.53,19.49,135.02,32.5,3797,1234,3380.57,134.87,203.08
2022-11,2022,11,58,แม่ฮ่องสอน,Mae Hong Son,ภาคเหนือ,62800,6020,68820,185.71,33.8,219.52,54.4,3710,2018,3189.77,146.01,209.66
2022-12,2022,12,58,แม่ฮ่องสอน,Mae Hong Son,ภาคเหนือ,69897,6371,76268,211.1,36.29,247.39,62.5,3757,2348,3243.69,137.09,194.83
2023-01,2023,1,58,แม่ฮ่องสอน,Mae Hong Son,ภาคเหนือ,83888,14849,98737,285.39,94.62,380.01,80.8,3774,3049,3848.71,38.31,61.02
2023-02,2023,2,58,แม่ฮ่องสอน,Mae Hong Son,ภาคเหนือ,63738,11656,75394,221.5,77.55,299.04,58.6,3754,2199,3966.36,35.89,68.99
2023-03,2023,3,58,แม่ฮ่องสอน,Mae Hong Son,ภาคเหนือ,59002,10531,69533,209.39,68.37,277.76,53.5,3819,2043,3994.65,45.42,78.03
2023-04,2023,4,58,แม่ฮ่องสอน,Mae Hong Son,ภาคเหนือ,65381,11716,77097,221.16,76.62,297.78,58.5,3714,2172,3862.41,39.13,64.67
2023-05,2023,5,58,แม่ฮ่องสอน,Mae Hong Son,ภาคเหนือ,48715,8198,56913,168.66,51.89,220.54,45.0,3807,1713,3875.04,44.57,67.32
2023-06,2023,6,58,แม่ฮ่องสอน,Mae Hong Son,ภาคเหนือ,45883,7873,53756,166.23,51.87,218.1,42.4,3810,1615,4057.22,40.93,69.9
2023-07,2023,7,58,แม่ฮ่องสอน,Mae Hong Son,ภาคเหนือ,51482,9100,60582,185.95,59.8,245.75,46.4,3709,1720,4056.49,40.58,72.92
2023-08,2023,8,58,แม่ฮ่องสอน,Mae Hong Son,ภาคเหนือ,55580,9889,65469,196.78,62.45,259.23,47.3,3738,1768,3959.58,42.63,74.54
2023-09,2023,9,58,แม่ฮ่องสอน,Mae Hong Son,ภาคเหนือ,41787,7545,49332,148.48,49.23,197.71,39.1,3725,1456,4007.74,35.17,67.17
2023-10,2023,10,58,แม่ฮ่องสอน,Mae Hong Son,ภาคเหนือ,46491,7620,54111,163.81,49.37,213.19,44.4,3756,1667,3939.86,35.48,57.9
2023-11,2023,11,58,แม่ฮ่องสอน,Mae Hong Son,ภาคเหนือ,80852,13827,94679,291.27,87.45,378.71,72.0,3715,2674,3999.94,37.57,72.52
2023-12,2023,12,58,แม่ฮ่องสอน,Mae Hong Son,ภาคเหนือ,92282,15631,107913,310.12,106.05,416.17,82.4,3796,3127,3856.53,41.49,68.22
2024-01,2024,1,58,แม่ฮ่องสอน,Mae Hong Son,ภาคเหนือ,98681,23983,122664,390.7,176.57,567.27,89.3,3767,3363,4624.58,24.23,49.28
2024-02,2024,2,58,แม่ฮ่องสอน,Mae Hong Son,ภาคเหนือ,79704,18403,98107,300.33,133.74,434.06,65.5,3717,2434,4424.35,30.13,45.15
2024-03,2024,3,58,แม่ฮ่องสอน,Mae Hong Son,ภาคเหนือ,71504,16070,87574,271.96,117.64,389.6,60.1,3794,2280,4448.81,25.95,40.26
2024-04,2024,4,58,แม่ฮ่องสอน,Mae Hong Son,ภาคเหนือ,75783,17589,93372,291.36,129.86,421.22,64.5,3741,2412,4511.2,21.11,41.45
2024-05,2024,5,58,แม่ฮ่องสอน,Mae Hong Son,ภาคเหนือ,56683,13506,70189,214.2,94.93,309.13,50.5,3789,1913,4404.25,23.33,40.17
2024-06,2024,6,58,แม่ฮ่องสอน,Mae Hong Son,ภาคเหนือ,52915,12178,65093,205.33,89.24,294.57,45.0,3764,1693,4525.37,21.09,35.06
2024-07,2024,7,58,แม่ฮ่องสอน,Mae Hong Son,ภาคเหนือ,61335,13614,74949,230.34,100.78,331.12,50.9,3812,1940,4417.94,23.71,34.74
2024-08,2024,8,58,แม่ฮ่องสอน,Mae Hong Son,ภาคเหนือ,61746,14476,76222,226.61,104.07,330.68,51.7,3692,1908,4338.38,16.42,27.56
2024-09,2024,9,58,แม่ฮ่องสอน,Mae Hong Son,ภาคเหนือ,52839,12523,65362,195.04,93.23,288.27,43.0,3712,1596,4410.36,32.49,45.8
2024-10,2024,10,58,แม่ฮ่องสอน,Mae Hong Son,ภาคเหนือ,53737,12602,66339,204.19,92.31,296.5,47.6,3811,1814,4469.47,22.6,39.08
2024-11,2024,11,58,แม่ฮ่องสอน,Mae Hong Son,ภาคเหนือ,94534,21278,115812,355.39,151.15,506.54,75.9,3818,2897,4373.81,22.32,33.75
2024-12,2024,12,58,แม่ฮ่องสอน,Mae Hong Son,ภาคเหนือ,102995,23244,126239,388.99,168.42,557.41,93.3,3823,3566,4415.51,16.98,33.94
2019-01,2019,1,60,นครสวรรค์,Nakhon Sawan,ภาคกลาง,132793,8472,141265,235.8,28.89,264.69,66.5,5570,3704,1873.71,0.0,0.0
2019-02,2019,2,60,นครสวรรค์,Nakhon Sawan,ภาคกลาง,124563,8237,132800,225.6,28.66,254.27,63.7,5525,3519,1914.68,0.0,0.0
2019-03,2019,3,60,นครสวรรค์,Nakhon Sawan,ภาคกลาง,106554,6547,113101,195.93,21.66,217.59,58.4,5471,3195,1923.86,0.0,0.0
2019-04,2019,4,60,นครสวรรค์,Nakhon Sawan,ภาคกลาง,120816,7995,128811,214.45,27.28,241.72,62.7,5450,3417,1876.55,0.0,0.0
2019-05,2019,5,60,นครสวรรค์,Nakhon Sawan,ภาคกลาง,86943,5425,92368,160.4,18.08,178.48,48.9,5399,2640,1932.27,0.0,0.0
2019-06,2019,6,60,นครสวรรค์,Nakhon Sawan,ภาคกลาง,89798,5468,95266,154.83,18.59,173.42,43.9,5566,2443,1820.38,0.0,0.0
2019-07,2019,7,60,นครสวรรค์,Nakhon Sawan,ภาคกลาง,91621,5749,97370,167.87,19.21,187.08,48.5,5551,2692,1921.33,0.0,0.0
2019-08,2019,8,60,นครสวรรค์,Nakhon Sawan,ภาคกลาง,100620,6253,106873,181.24,20.69,201.93,52.5,5568,2923,1889.44,0.0,0.0
2019-09,2019,9,60,นครสวรรค์,Nakhon Sawan,ภาคกลาง,78557,4880,83437,137.96,16.98,154.94,42.8,5476,2343,1856.97,0.0,0.0
2019-10,2019,10,60,นครสวรรค์,Nakhon Sawan,ภาคกลาง,89643,5884,95527,164.88,19.62,184.5,46.9,5587,2620,1931.39,0.0,0.0
2019-11,2019,11,60,นครสวรรค์,Nakhon Sawan,ภาคกลาง,109345,7051,116396,201.28,24.39,225.68,60.3,5491,3311,1938.9,0.0,0.0
2019-12,2019,12,60,นครสวรรค์,Nakhon Sawan,ภาคกลาง,136411,8553,144964,238.41,27.83,266.24,73.2,5457,3994,1836.59,0.0,0.0
2020-01,2020,1,60,นครสวรรค์,Nakhon Sawan,ภาคกลาง,50608,797,51405,79.25,2.29,81.54,29.1,5392,1569,1586.23,-63.61,-69.19
2020-02,2020,2,60,นครสวรรค์,Nakhon Sawan,ภาคกลาง,51210,759,51969,75.11,2.12,77.23,27.5,5517,1517,1486.08,-60.87,-69.63
2020-03,2020,3,60,นครสวรรค์,Nakhon Sawan,ภาคกลาง,42021,646,42667,66.3,1.9,68.2,24.0,5479,1314,1598.43,-62.28,-68.66
2020-04,2020,4,60,นครสวรรค์,Nakhon Sawan,ภาคกลาง,44539,660,45199,65.53,1.91,67.44,25.5,5480,1397,1492.07,-64.91,-72.1
2020-05,2020,5,60,นครสวรรค์,Nakhon Sawan,ภาคกลาง,34815,515,35330,52.5,1.48,53.98,20.0,5427,1085,1527.88,-61.75,-69.76
2020-06,2020,6,60,นครสวรรค์,Nakhon Sawan,ภาคกลาง,35489,515,36004,55.37,1.48,56.85,18.3,5582,1021,1578.99,-62.21,-67.22
2020-07,2020,7,60,นครสวรรค์,Nakhon Sawan,ภาคกลาง,36812,560,37372,55.88,1.64,57.52,21.2,5420,1149,1539.12,-61.62,-69.25
2020-08,2020,8,60,นครสวรรค์,Nakhon Sawan,ภาคกลาง,41296,657,41953,61.23,1.93,63.16,21.7,5557,1205,1505.49,-60.74,-68.72
2020-09,2020,9,60,นครสวรรค์,Nakhon Sawan,ภาคกลาง,30257,462,30719,46.97,1.34,48.32,17.4,5447,947,1572.97,-63.18,-68.81
2020-10,2020,10,60,นครสวรรค์,Nakhon Sawan,ภาคกลาง,35244,513,35757,52.38,1.5,53.88,19.8,5405,1070,1506.84,-62.57,-70.8
2020-11,2020,11,60,นครสวรรค์,Nakhon Sawan,ภาคกลาง,48093,758,48851,73.61,2.08,75.69,25.2,5481,1381,1549.41,-58.03,-66.46
2020-12,2020,12,60,นครสวรรค์,Nakhon Sawan,ภาคกลาง,57003,845,57848,89.74,2.36,92.1,29.1,5562,1618,1592.1,-60.09,-65.41
2021-01,2021,1,60,นครสวรรค์,Nakhon Sawan,ภาคกลาง,34030,214,34244,50.05,0.57,50.62,19.9,5510,1096,1478.22,-33.38,-37.92
2021-02,2021,2,60,นครสวรรค์,Nakhon Sawan,ภาคกลาง,32133,195,32328,46.7,0.53,47.23,18.8,5409,1016,1460.96,-37.79,-38.85
2021-03,2021,3,60,นครสวรรค์,Nakhon Sawan,ภาคกลาง,30534,191,30725,42.01,0.51,42.52,17.5,5393,943,1383.89,-27.99,-37.65
2021-04,2021,4,60,นครสวรรค์,Nakhon Sawan,ภาคกลาง,34622,204,34826,48.18,0.57,48.75,18.5,5555,1027,1399.82,-22.95,-27.71
2021-05,2021,5,60,นครสวรรค์,Nakhon Sawan,ภาคกลาง,24042,138,24180,33.35,0.36,33.72,15.0,5430,814,1394.54,-31.56,-37.53
2021-06,2021,6,60,นครสวรรค์,Nakhon Sawan,ภาคกลาง,22751,132,22883,33.36,0.36,33.73,15.0,5531,829,1474.02,-36.44,-40.67
2021-07,2021,7,60,นครสวรรค์,Nakhon Sawan,ภาคกลาง,27085,168,27253,40.19,0.45,40.64,15.0,5477,821,1491.21,-27.08,-29.35
2021-08,2021,8,60,นครสวรรค์,Nakhon Sawan,ภาคกลาง,27335,172,27507,37.68,0.48,38.16,15.8,5543,875,1387.28,-34.43,-39.58
2021-09,2021,9,60,นครสวรรค์,Nakhon Sawan,ภาคกลาง,22312,131,22443,30.83,0.35,31.18,15.0,5587,838,1389.3,-26.94,-35.47
2021-10,2021,10,60,นครสวรรค์,Nakhon Sawan,ภาคกลาง,23434,134,23568,32.88,0.37,33.24,15.0,5512,826,1410.39,-34.09,-38.31
2021-11,2021,11,60,นครสวรรค์,Nakhon Sawan,ภาคกลาง,32924,192,33116,47.63,0.53,48.16,18.3,5495,1005,1454.28,-32.21,-36.37
2021-12,2021,12,60,นครสวรรค์,Nakhon Sawan,ภาคกลาง,38819,230,39049,55.94,0.63,56.58,21.6,5454,1178,1448.95,-32.5,-38.57
2022-01,2022,1,60,นครสวรรค์,Nakhon Sawan,ภาคกลาง,82016,2448,84464,134.73,8.1,142.82,44.6,5523,2463,1690.9,146.65,182.14
2022-02,2022,2,60,นครสวรรค์,Nakhon Sawan,ภาคกลาง,73960,2233,76193,125.09,7.03,132.12,43.8,5590,2448,1734.02,135.69,179.74
2022-03,2022,3,60,นครสวรรค์,Nakhon Sawan,ภาคกลาง,71785,2230,74015,122.86,7.12,129.97,38.2,5539,2115,1756.0,140.9,205.67
2022-04,2022,4,60,นครสวรรค์,Nakhon Sawan,ภาคกลาง,72285,2050,74335,122.04,6.68,128.72,42.8,5540,2371,1731.62,113.45,164.04
2022-05,2022,5,60,นครสวรรค์,Nakhon Sawan,ภาคกลาง,60792,1762,62554,102.26,5.8,108.05,32.1,5479,1758,1727.31,158.7,220.43
2022-06,2022,6,60,นครสวรรค์,Nakhon Sawan,ภาคกลาง,57305,1657,58962,100.67,5.46,106.14,29.7,5555,1649,1800.14,157.67,214.68
2022-07,2022,7,60,นครสวรรค์,Nakhon Sawan,ภาคกลาง,64095,1811,65906,104.54,5.71,110.25,33.3,5579,1857,1672.84,141.83,171.28
2022-08,2022,8,60,นครสวรรค์,Nakhon Sawan,ภาคกลาง,61089,1832,62921,107.48,5.63,113.12,35.8,5473,1959,1797.81,128.75,196.44
2022-09,2022,9,60,นครสวรรค์,Nakhon Sawan,ภาคกลาง,54680,1639,56319,94.61,5.28,99.89,28.2,5426,1530,1773.65,150.94,220.37
2022-10,2022,10,60,นครสวรรค์,Nakhon Sawan,ภาคกลาง,53625,1593,55218,91.1,5.28,96.38,31.0,5394,1672,1745.45,134.29,189.95
2022-11,2022,11,60,นครสวรรค์,Nakhon Sawan,ภาคกลาง,77563,2397,79960,128.12,7.83,135.95,41.9,5450,2283,1700.23,141.45,182.29
2022-12,2022,12,60,นครสวรรค์,Nakhon Sawan,ภาคกลาง,86236,2668,88904,148.75,8.23,156.98,49.2,5609,2759,1765.72,127.67,177.45
2023-01,2023,1,60,นครสวรรค์,Nakhon Sawan,ภาคกลาง,121226,6151,127377,237.73,22.86,260.58,61.1,5596,3419,2045.74,50.81,82.45
2023-02,2023,2,60,นครสวรรค์,Nakhon Sawan,ภาคกลาง,107087,5292,112379,209.41,18.97,228.38,57.4,5602,3215,2032.23,47.49,72.86
2023-03,2023,3,60,นครสวรรค์,Nakhon Sawan,ภาคกลาง,102405,5082,107487,201.38,17.85,219.24,49.9,5547,2767,2039.69,45.22,68.69
2023-04,2023,4,60,นครสวรรค์,Nakhon Sawan,ภาคกลาง,104511,5502,110013,193.75,20.66,214.41,53.6,5559,2979,1948.95,48.0,66.57
2023-05,2023,5,60,นครสวรรค์,Nakhon Sawan,ภาคกลาง,79605,3921,83526,153.65,14.69,168.34,42.7,5404,2307,2015.42,33.53,55.8
2023-06,2023,6,60,นครสวรรค์,Nakhon Sawan,ภาคกลาง,72274,3749,76023,137.31,13.99,151.3,39.2,5566,2181,1990.19,28.94,42.55
2023-07,2023,7,60,นครสวรรค์,Nakhon Sawan,ภาคกลาง,80892,4233,85125,155.72,15.64,171.36,43.5,5526,2403,2013.04,29.16,55.43
2023-08,2023,8,60,นครสวรรค์,Nakhon Sawan,ภาคกลาง,89367,4485,93852,172.46,16.07,188.53,46.0,5509,2534,2008.8,49.16,66.66
2023-09,2023,9,60,นครสวรรค์,Nakhon Sawan,ภาคกลาง,74169,3895,78064,144.86,13.94,158.8,38.1,5520,2103,2034.23,38.61,58.97
2023-10,2023,10,60,นครสวรรค์,Nakhon Sawan,ภาคกลาง,77250,4120,81370,144.66,14.94,159.6,42.3,5464,2311,1961.41,47.36,65.59
2023-11,2023,11,60,นครสวรรค์,Nakhon Sawan,ภาคกลาง,104965,5388,110353,209.13,20.04,229.17,54.2,5550,3008,2076.7,38.01,68.57
2023-12,2023,12,60,นครสวรรค์,Nakhon Sawan,ภาคกลาง,119765,6090,125855,239.85,22.97,262.82,62.3,5528,3443,2088.28,41.56,67.42
2024-01,2024,1,60,นครสวรรค์,Nakhon Sawan,ภาคกลาง,131789,8812,140601,285.0,34.04,319.04,67.3,5556,3739,2269.12,10.38,22.43
2024-02,2024,2,60,นครสวรรค์,Nakhon Sawan,ภาคกลาง,122424,8396,130820,261.32,32.82,294.14,61.9,5492,3399,2248.43,16.41,28.79
2024-03,2024,3,60,นครสวรรค์,Nakhon Sawan,ภาคกลาง,111493,7714,119207,237.67,31.55,269.22,56.5,5524,3121,2258.42,10.9,22.8
2024-04,2024,4,60,นครสวรรค์,Nakhon Sawan,ภาคกลาง,129482,8787,138269,276.38,34.19,310.57,62.4,5592,3489,2246.13,25.68,44.85
2024-05,2024,5,60,นครสวรรค์,Nakhon Sawan,ภาคกลาง,96497,6598,103095,203.2,25.13,228.33,47.2,5562,2625,2214.75,23.43,35.64
2024-06,2024,6,60,นครสวรรค์,Nakhon Sawan,ภาคกลาง,87776,5920,93696,183.96,22.78,206.74,42.6,5578,2376,2206.5,23.25,36.64
2024-07,2024,7,60,นครสวรรค์,Nakhon Sawan,ภาคกลาง,103001,6670,109671,225.0,26.32,251.32,49.1,5598,2748,2291.58,28.84,46.66
2024-08,2024,8,60,นครสวรรค์,Nakhon Sawan,ภาคกลาง,105177,7182,112359,230.37,28.15,258.52,49.6,5519,2737,2300.84,19.72,37.12
2024-09,2024,9,60,นครสวรรค์,Nakhon Sawan,ภาคกลาง,84923,5798,90721,173.34,22.47,195.81,41.6,5606,2332,2158.38,16.21,23.31
2024-10,2024,10,60,นครสวรรค์,Nakhon Sawan,ภาคกลาง,94308,6032,100340,196.85,23.76,220.61,45.1,5585,2518,2198.62,23.31,38.23
2024-11,2024,11,60,นครสวรรค์,Nakhon Sawan,ภาคกลาง,122242,8557,130799,254.19,34.95,289.14,59.4,5511,3273,2210.57,18.53,26.17
2024-12,2024,12,60,นครสวรรค์,Nakhon Sawan,ภาคกลาง,153030,9738,162768,319.2,39.6,358.8,68.4,5498,3760,2204.36,29.33,36.52
2019-01,2019,1,61,อุทัยธานี,Uthai Thani,ภาคกลาง,133728,8712,142440,240.43,28.74,269.17,66.9,5410,3619,1889.71,0.0,0.0
2019-02,2019,2,61,อุทัยธานี,Uthai Thani,ภาคกลาง,127356,8190,135546,235.17,26.48,261.65,64.4,5538,3566,1930.34,0.0,0.0
2019-03,2019,3,61,อุทัยธานี,Uthai Thani,ภาคกลาง,107747,7040,114787,193.76,24.39,218.15,56.3,5480,3085,1900.48,0.0,0.0
2019-04,2019,4,61,อุทัยธานี,Uthai Thani,ภาคกลาง,115932,7627,123559,211.88,25.52,237.4,63.3,5578,3530,1921.35,0.0,0.0
2019-05,2019,5,61,อุทัยธานี,Uthai Thani,ภาคกลาง,93918,5913,99831,171.05,19.7,190.75,48.7,5599,2726,1910.73,0.0,0.0
2019-06,2019,6,61,อุทัยธานี,Uthai Thani,ภาคกลาง,83844,5635,89479,147.52,19.02,166.54,43.5,5467,2378,1861.22,0.0,0.0
2019-07,2019,7,61,อุทัยธานี,Uthai Thani,ภาคกลาง,95616,5965,101581,167.94,20.03,187.97,50.0,5485,2742,1850.44,0.0,0.0
2019-08,2019,8,61,อุทัยธานี,Uthai Thani,ภาคกลาง,99064,6478,105542,178.82,21.53,200.35,51.2,5431,2780,1898.3,0.0,0.0
2019-09,2019,9,61,อุทัยธานี,Uthai Thani,ภาคกลาง,77401,4684,82085,143.42,15.79,159.21,41.8,5468,2285,1939.57,0.0,0.0
2019-10,2019,10,61,อุทัยธานี,Uthai Thani,ภาคกลาง,90455,5547,96002,157.61,18.35,175.96,47.6,5557,2645,1832.88,0.0,0.0
2019-11,2019,11,61,อุทัยธานี,Uthai Thani,ภาคกลาง,109809,7136,116945,192.01,24.59,216.6,60.2,5574,3355,1852.15,0.0,0.0
2019-12,2019,12,61,อุทัยธานี,Uthai Thani,ภาคกลาง,131098,8332,139430,225.31,27.56,252.87,70.5,5509,3883,1813.6,0.0,0.0
2020-01,2020,1,61,อุทัยธานี,Uthai Thani,ภาคกลาง,48862,725,49587,76.44,2.1,78.54,28.3,5523,1563,1583.88,-65.19,-70.82
2020-02,2020,2,61,อุทัยธานี,Uthai Thani,ภาคกลาง,49527,785,50312,75.88,2.21,78.09,26.0,5431,1412,1552.11,-62.88,-70.15
2020-03,2020,3,61,อุทัยธานี,Uthai Thani,ภาคกลาง,41821,621,42442,62.78,1.77,64.55,24.4,5471,1334,1520.9,-63.03,-70.41
2020-04,2020,4,61,อุทัยธานี,Uthai Thani,ภาคกลาง,48173,749,48922,70.63,2.08,72.72,26.8,5447,1459,1486.45,-60.41,-69.37
2020-05,2020,5,61,อุทัยธานี,Uthai Thani,ภาคกลาง,36921,582,37503,55.98,1.63,57.61,20.5,5463,1119,1536.14,-62.43,-69.8
2020-06,2020,6,61,อุทัยธานี,Uthai Thani,ภาคกลาง,31802,495,32297,48.86,1.46,50.32,18.5,5399,998,1558.04,-63.91,-69.79
2020-07,2020,7,61,อุทัยธานี,Uthai Thani,ภาคกลาง,36741,572,37313,55.08,1.59,56.67,20.6,5466,1125,1518.77,-63.27,-69.85
2020-08,2020,8,61,อุทัยธานี,Uthai Thani,ภาคกลาง,41416,610,42026,62.03,1.78,63.81,21.1,5482,1156,1518.35,-60.18,-68.15
2020-09,2020,9,61,อุทัยธานี,Uthai Thani,ภาคกลาง,32172,481,32653,48.71,1.41,50.12,18.0,5517,993,1534.93,-60.22,-68.52
2020-10,2020,10,61,อุทัยธานี,Uthai Thani,ภาคกลาง,37360,551,37911,58.09,1.62,59.71,20.1,5495,1104,1575.0,-60.51,-66.07
2020-11,2020,11,61,อุทัยธานี,Uthai Thani,ภาคกลาง,47965,716,48681,70.91,2.12,73.03,25.6,5537,1417,1500.17,-58.37,-66.28
2020-12,2020,12,61,อุทัยธานี,Uthai Thani,ภาคกลาง,53221,772,53993,78.42,2.28,80.7,30.0,5450,1635,1494.64,-61.28,-68.09
2021-01,2021,1,61,อุทัยธานี,Uthai Thani,ภาคกลาง,33500,207,33707,48.32,0.56,48.88,19.7,5436,1070,1450.14,-32.02,-37.76
2021-02,2021,2,61,อุทัยธานี,Uthai Thani,ภาคกลาง,31851,190,32041,44.46,0.53,44.99,18.8,5412,1017,1404.14,-36.32,-42.39
2021-03,2021,3,61,อุทัยธานี,Uthai Thani,ภาคกลาง,31456,187,31643,45.6,0.48,46.08,17.5,5602,980,1456.25,-25.44,-28.61
2021-04,2021,4,61,อุทัยธานี,Uthai Thani,ภาคกลาง,33310,202,33512,48.87,0.54,49.42,18.3,5487,1004,1474.7,-31.5,-32.04
2021-05,2021,5,61,อุทัยธานี,Uthai Thani,ภาคกลาง,23639,136,23775,34.0,0.38,34.38,15.0,5586,837,1446.06,-36.61,-40.32
2021-06,2021,6,61,อุทัยธานี,Uthai Thani,ภาคกลาง,22939,135,23074,33.63,0.35,33.98,15.0,5528,829,1472.65,-28.56,-32.47
2021-07,2021,7,61,อุทัยธานี,Uthai Thani,ภาคกลาง,27203,168,27371,37.9,0.46,38.36,15.0,5579,836,1401.48,-26.64,-32.31
2021-08,2021,8,61,อุทัยธานี,Uthai Thani,ภาคกลาง,25920,148,26068,38.02,0.39,38.4,15.0,5441,816,1473.07,-37.97,-39.82
2021-09,2021,9,61,อุทัยธานี,Uthai Thani,ภาคกลาง,23449,143,23592,33.87,0.4,34.26,15.0,5609,841,1452.19,-27.75,-31.64
2021-10,2021,10,61,อุทัยธานี,Uthai Thani,ภาคกลาง,23295,146,23441,33.89,0.39,34.28,15.0,5522,828,1462.39,-38.17,-42.59
2021-11,2021,11,61,อุทัยธานี,Uthai Thani,ภาคกลาง,32486,187,32673,44.74,0.52,45.26,17.8,5516,981,1385.24,-32.88,-38.03
2021-12,2021,12,61,อุทัยธานี,Uthai Thani,ภาคกลาง,37742,230,37972,55.69,0.62,56.31,21.9,5603,1227,1482.93,-29.67,-30.22
2022-01,2022,1,61,อุทัยธานี,Uthai Thani,ภาคกลาง,87130,2714,89844,147.37,8.65,156.03,46.3,5512,2552,1736.68,166.54,219.21
2022-02,2022,2,61,อุทัยธานี,Uthai Thani,ภาคกลาง,81222,2396,83618,134.86,7.58,142.44,43.0,5414,2328,1703.46,160.97,216.6
2022-03,2022,3,61,อุทัยธานี,Uthai Thani,ภาคกลาง,69255,2040,71295,113.21,6.7,119.91,39.4,5577,2197,1681.89,125.31,160.22
2022-04,2022,4,61,อุทัยธานี,Uthai Thani,ภาคกลาง,72916,2082,74998,125.84,6.78,132.62,41.9,5407,2265,1768.31,123.79,168.35
2022-05,2022,5,61,อุทัยธานี,Uthai Thani,ภาคกลาง,55398,1723,57121,92.75,5.34,98.09,32.0,5406,1729,1717.23,140.26,185.31
2022-06,2022,6,61,อุทัยธานี,Uthai Thani,ภาคกลาง,52573,1597,54170,87.35,5.22,92.57,30.5,5568,1698,1708.88,134.77,172.42
2022-07,2022,7,61,อุทัยธานี,Uthai Thani,ภาคกลาง,57560,1695,59255,96.96,5.24,102.2,34.5,5527,1906,1724.75,116.49,166.42
2022-08,2022,8,61,อุทัยธานี,Uthai Thani,ภาคกลาง,63046,1863,64909,108.52,6.13,114.65,34.4,5488,1887,1766.32,149.0,198.57
2022-09,2022,9,61,อุทัยธานี,Uthai Thani,ภาคกลาง,53298,1555,54853,89.04,4.82,93.86,28.4,5602,1590,1711.12,132.51,173.96
2022-10,2022,10,61,อุทัยธานี,Uthai Thani,ภาคกลาง,55900,1729,57629,98.17,5.74,103.91,32.0,5512,1763,1803.09,145.85,203.12
2022-11,2022,11,61,อุทัยธานี,Uthai Thani,ภาคกลาง,77896,2359,80255,127.71,7.7,135.41,41.3,5570,2300,1687.25,145.63,199.18
2022-12,2022,12,61,อุทัยธานี,Uthai Thani,ภาคกลาง,90284,2644,92928,151.46,8.48,159.94,47.6,5444,2591,1721.12,144.73,184.03
2023-01,2023,1,61,อุทัยธานี,Uthai Thani,ภาคกลาง,116510,6281,122791,226.88,22.19,249.07,61.1,5449,3329,2028.41,36.67,59.63
2023-02,2023,2,61,อุทัยธานี,Uthai Thani,ภาคกลาง,107926,5662,113588,202.24,20.61,222.86,56.6,5509,3118,1962.0,35.84,56.46
2023-03,2023,3,61,อุทัยธานี,Uthai Thani,ภาคกลาง,93180,4801,97981,178.94,17.09,196.03,51.3,5557,2850,2000.69,37.43,63.48
2023-04,2023,4,61,อุทัยธานี,Uthai Thani,ภาคกลาง,107818,5457,113275,200.23,19.79,220.03,54.2,5483,2971,1942.44,51.04,65.91
2023-05,2023,5,61,อุทัยธานี,Uthai Thani,ภาคกลาง,76625,4001,80626,148.05,14.97,163.02,43.3,5568,2410,2021.93,41.15,66.19
2023-06,2023,6,61,อุทัยธานี,Uthai Thani,ภาคกลาง,71618,3846,75464,132.56,13.75,146.3,38.8,5409,2098,1938.67,39.31,58.04
2023-07,2023,7,61,อุทัยธานี,Uthai Thani,ภาคกลาง,85217,4257,89474,163.43,15.33,178.76,45.5,5576,2537,1997.9,51.0,74.91
2023-08,2023,8,61,อุทัยธานี,Uthai Thani,ภาคกลาง,87177,4484,91661,167.18,16.27,183.45,45.8,5585,2557,2001.4,41.21,60.01
2023-09,2023,9,61,อุทัยธานี,Uthai Thani,ภาคกลาง,69725,3418,73143,137.89,12.7,150.59,37.9,5406,2048,2058.84,33.34,60.44
2023-10,2023,10,61,อุทัยธานี,Uthai Thani,ภาคกลาง,81129,4105,85234,160.36,14.9,175.25,40.5,5604,2269,2056.1,47.9,68.66
2023-11,2023,11,61,อุทัยธานี,Uthai Thani,ภาคกลาง,97567,5080,102647,188.04,18.81,206.85,54.1,5587,3022,2015.16,27.9,52.76
2023-12,2023,12,61,อุทัยธานี,Uthai Thani,ภาคกลาง,122225,6095,128320,244.85,21.53,266.38,63.3,5417,3428,2075.9,38.09,66.55
2024-01,2024,1,61,อุทัยธานี,Uthai Thani,ภาคกลาง,142104,9175,151279,295.85,37.04,332.89,66.8,5416,3617,2200.5,23.2,33.65
2024-02,2024,2,61,อุทัยธานี,Uthai Thani,ภาคกลาง,129593,8903,138496,270.75,34.48,305.23,61.1,5406,3303,2203.89,21.93,36.96
2024-03,2024,3,61,อุทัยธานี,Uthai Thani,ภาคกลาง,114781,8020,122801,235.07,31.24,266.32,54.9,5525,3033,2168.71,25.33,35.86
2024-04,2024,4,61,อุทัยธานี,Uthai Thani,ภาคกลาง,129424,8199,137623,276.05,33.48,309.52,60.2,5431,3269,2249.04,21.49,40.67
2024-05,2024,5,61,อุทัยธานี,Uthai Thani,ภาคกลาง,92307,6090,98397,188.26,23.99,212.25,46.4,5567,2583,2157.08,22.04,30.2
2024-06,2024,6,61,อุทัยธานี,Uthai Thani,ภาคกลาง,84832,5559,90391,184.59,22.27,206.86,44.4,5586,2480,2288.5,19.78,41.39
2024-07,2024,7,61,อุทัยธานี,Uthai Thani,ภาคกลาง,103109,7026,110135,210.96,28.06,239.02,48.7,5445,2651,2170.25,23.09,33.71
2024-08,2024,8,61,อุทัยธานี,Uthai Thani,ภาคกลาง,101403,6470,107873,211.08,25.79,236.87,50.5,5512,2783,2195.82,17.69,29.12
2024-09,2024,9,61,อุทัยธานี,Uthai Thani,ภาคกลาง,86195,5853,92048,185.65,23.32,208.97,42.5,5509,2341,2270.23,25.85,38.77
2024-10,2024,10,61,อุทัยธานี,Uthai Thani,ภาคกลาง,88767,6206,94973,193.63,23.64,217.27,45.6,5544,2528,2287.7,11.43,23.98
2024-11,2024,11,61,อุทัยธานี,Uthai Thani,ภาคกลาง,125010,8486,133496,253.3,34.43,287.73,60.8,5405,3286,2155.35,30.05,39.1
2024-12,2024,12,61,อุทัยธานี,Uthai Thani,ภาคกลาง,136868,9130,145998,293.56,34.81,328.36,69.8,5490,3832,2249.07,13.78,23.27
2019-01,2019,1,62,กำแพงเพชร,Kamphaeng Phet,ภาคกลาง,122653,7675,130328,224.03,25.87,249.9,66.8,5527,3692,1917.47,0.0,0.0
2019-02,2019,2,62,กำแพงเพชร,Kamphaeng Phet,ภาคกลาง,122308,7789,130097,215.55,25.18,240.72,63.3,5477,3466,1850.31,0.0,0.0
2019-03,2019,3,62,กำแพงเพชร,Kamphaeng Phet,ภาคกลาง,113081,7128,120209,203.27,24.09,227.35,55.6,5469,3040,1891.29,0.0,0.0
2019-04,2019,4,62,กำแพงเพชร,Kamphaeng Phet,ภาคกลาง,115607,7693,123300,213.89,25.05,238.94,61.4,5585,3429,1937.88,0.0,0.0
2019-05,2019,5,62,กำแพงเพชร,Kamphaeng Phet,ภาคกลาง,91120,5760,96880,167.02,19.83,186.85,47.0,5542,2604,1928.67,0.0,0.0
2019-06,2019,6,62,กำแพงเพชร,Kamphaeng Phet,ภาคกลาง,83030,5154,88184,147.32,16.92,164.24,45.4,5501,2497,1862.47,0.0,0.0
2019-07,2019,7,62,กำแพงเพชร,Kamphaeng Phet,ภาคกลาง,97346,6185,103531,175.35,20.33,195.67,48.9,5517,2697,1889.97,0.0,0.0
2019-08,2019,8,62,กำแพงเพชร,Kamphaeng Phet,ภาคกลาง,94134,5994,100128,169.13,20.3,189.43,51.0,5464,2786,1891.88,0.0,0.0
2019-09,2019,9,62,กำแพงเพชร,Kamphaeng Phet,ภาคกลาง,80174,4910,85084,141.38,16.51,157.89,41.8,5526,2309,1855.7,0.0,0.0
2019-10,2019,10,62,กำแพงเพชร,Kamphaeng Phet,ภาคกลาง,91724,5583,97307,160.88,18.59,179.47,45.9,5606,2573,1844.37,0.0,0.0
2019-11,2019,11,62,กำแพงเพชร,Kamphaeng Phet,ภาคกลาง,122139,7902,130041,211.14,25.88,237.02,61.6,5517,3398,1822.66,0.0,0.0
2019-12,2019,12,62,กำแพงเพชร,Kamphaeng Phet,ภาคกลาง,129469,7925,137394,240.34,25.57,265.91,72.6,5563,4038,1935.38,0.0,0.0
2020-01,2020,1,62,กำแพงเพชร,Kamphaeng Phet,ภาคกลาง,52980,772,53752,79.81,2.23,82.04,28.3,5400,1528,1526.27,-58.76,-67.17
2020-02,2020,2,62,กำแพงเพชร,Kamphaeng Phet,ภาคกลาง,51115,769,51884,74.58,2.24,76.81,26.3,5497,1445,1480.42,-60.12,-68.09
2020-03,2020,3,62,กำแพงเพชร,Kamphaeng Phet,ภาคกลาง,42802,640,43442,67.18,1.84,69.02,24.3,5609,1362,1588.79,-63.86,-69.64
2020-04,2020,4,62,กำแพงเพชร,Kamphaeng Phet,ภาคกลาง,46868,742,47610,71.89,2.2,74.09,25.6,5589,1430,1556.19,-61.39,-68.99
2020-05,2020,5,62,กำแพงเพชร,Kamphaeng Phet,ภาคกลาง,34919,536,35455,54.52,1.48,55.99,20.5,5444,1116,1579.18,-63.4,-70.03
2020-06,2020,6,62,กำแพงเพชร,Kamphaeng Phet,ภาคกลาง,35709,543,36252,52.62,1.49,54.11,18.4,5517,1015,1492.61,-58.89,-67.05
2020-07,2020,7,62,กำแพงเพชร,Kamphaeng Phet,ภาคกลาง,35946,563,36509,53.07,1.65,54.72,21.3,5541,1180,1498.81,-64.74,-72.03
2020-08,2020,8,62,กำแพงเพชร,Kamphaeng Phet,ภาคกลาง,39567,600,40167,59.33,1.7,61.02,21.7,5555,1205,1519.16,-59.88,-67.79
2020-09,2020,9,62,กำแพงเพชร,Kamphaeng Phet,ภาคกลาง,31581,477,32058,47.44,1.35,48.79,18.1,5572,1008,1521.93,-62.32,-69.1
2020-10,2020,10,62,กำแพงเพชร,Kamphaeng Phet,ภาคกลาง,33973,531,34504,51.66,1.48,53.14,19.4,5517,1070,1540.11,-64.54,-70.39
2020-11,2020,11,62,กำแพงเพชร,Kamphaeng Phet,ภาคกลาง,46685,729,47414,73.19,2.15,75.34,25.8,5440,1403,1588.98,-63.54,-68.21
2020-12,2020,12,62,กำแพงเพชร,Kamphaeng Phet,ภาคกลาง,56198,843,57041,87.54,2.42,89.96,30.3,5394,1634,1577.11,-58.48,-66.17
2021-01,2021,1,62,กำแพงเพชร,Kamphaeng Phet,ภาคกลาง,34542,218,34760,49.18,0.59,49.78,20.4,5449,1111,1432.11,-35.33,-39.32
2021-02,2021,2,62,กำแพงเพชร,Kamphaeng Phet,ภาคกลาง,35344,217,35561,51.03,0.6,51.63,19.0,5483,1041,1451.87,-31.46,-32.78
2021-03,2021,3,62,กำแพงเพชร,Kamphaeng Phet,ภาคกลาง,31384,187,31571,45.1,0.52,45.62,16.5,5519,910,1445.0,-27.33,-33.9
2021-04,2021,4,62,กำแพงเพชร,Kamphaeng Phet,ภาคกลาง,33660,207,33867,48.26,0.54,48.79,18.6,5594,1040,1440.64,-28.87,-34.15
2021-05,2021,5,62,กำแพงเพชร,Kamphaeng Phet,ภาคกลาง,25891,151,26042,36.48,0.41,36.89,15.0,5434,815,1416.56,-26.55,-34.11
2021-06,2021,6,62,กำแพงเพชร,Kamphaeng Phet,ภาคกลาง,23926,143,24069,33.73,0.39,34.12,15.0,5483,822,1417.59,-33.61,-36.94
2021-07,2021,7,62,กำแพงเพชร,Kamphaeng Phet,ภาคกลาง,24610,147,24757,34.19,0.38,34.57,15.0,5435,815,1396.37,-32.19,-36.82
2021-08,2021,8,62,กำแพงเพชร,Kamphaeng Phet,ภาคกลาง,28270,162,28432,39.02,0.42,39.44,15.7,5392,846,1387.17,-29.22,-35.37
2021-09,2021,9,62,กำแพงเพชร,Kamphaeng Phet,ภาคกลาง,22952,139,23091,32.18,0.36,32.54,15.0,5513,826,1409.21,-27.97,-33.31
2021-10,2021,10,62,กำแพงเพชร,Kamphaeng Phet,ภาคกลาง,23509,144,23653,33.9,0.4,34.3,15.0,5393,808,1450.13,-31.45,-35.45
2021-11,2021,11,62,กำแพงเพชร,Kamphaeng Phet,ภาคกลาง,33156,192,33348,46.15,0.53,46.67,18.5,5524,1021,1399.48,-29.67,-38.05
2021-12,2021,12,62,กำแพงเพชร,Kamphaeng Phet,ภาคกลาง,38601,240,38841,53.55,0.66,54.21,21.5,5407,1162,1395.69,-31.91,-39.74
2022-01,2022,1,62,กำแพงเพชร,Kamphaeng Phet,ภาคกลาง,77964,2362,80326,128.14,7.67,135.81,46.1,5515,2542,1690.74,131.09,172.82
2022-02,2022,2,62,กำแพงเพชร,Kamphaeng Phet,ภาคกลาง,77316,2293,79609,133.72,7.24,140.96,44.3,5584,2473,1770.65,123.87,173.02
2022-03,2022,3,62,กำแพงเพชร,Kamphaeng Phet,ภาคกลาง,71443,2211,73654,116.42,6.81,123.22,39.0,5451,2125,1672.96,133.3,170.1
2022-04,2022,4,62,กำแพงเพชร,Kamphaeng Phet,ภาคกลาง,77858,2206,80064,136.42,6.83,143.25,42.6,5575,2374,1789.19,136.41,193.61
2022-05,2022,5,62,กำแพงเพชร,Kamphaeng Phet,ภาคกลาง,56303,1698,58001,96.89,5.59,102.48,32.1,5469,1755,1766.87,122.72,177.8
2022-06,2022,6,62,กำแพงเพชร,Kamphaeng Phet,ภาคกลาง,56860,1680,58540,95.09,5.51,100.6,29.8,5587,1664,1718.48,143.22,194.84
2022-07,2022,7,62,กำแพงเพชร,Kamphaeng Phet,ภาคกลาง,59315,1789,61104,102.0,5.58,107.59,33.0,5422,1789,1760.77,146.82,211.22
2022-08,2022,8,62,กำแพงเพชร,Kamphaeng Phet,ภาคกลาง,65562,2031,67593,112.54,6.63,119.17,34.7,5414,1878,1763.05,137.74,202.16
2022-09,2022,9,62,กำแพงเพชร,Kamphaeng Phet,ภาคกลาง,51919,1583,53502,86.59,5.12,91.72,28.7,5574,1599,1714.33,131.7,181.87
2022-10,2022,10,62,กำแพงเพชร,Kamphaeng Phet,ภาคกลาง,58709,1695,60404,98.03,5.33,103.36,31.3,5609,1755,1711.14,155.38,201.34
2022-11,2022,11,62,กำแพงเพชร,Kamphaeng Phet,ภาคกลาง,70682,2169,72851,116.29,6.92,123.21,40.2,5425,2180,1691.26,118.46,164.0
2022-12,2022,12,62,กำแพงเพชร,Kamphaeng Phet,ภาคกลาง,91021,2781,93802,156.78,9.22,166.01,49.2,5606,2758,1769.79,141.5,206.24
2023-01,2023,1,62,กำแพงเพชร,Kamphaeng Phet,ภาคกลาง,115118,5877,120995,221.7,21.57,243.26,58.3,5532,3225,2010.5,50.63,79.12
2023-02,2023,2,62,กำแพงเพชร,Kamphaeng Phet,ภาคกลาง,105837,5463,111300,196.56,20.42,216.98,58.3,5608,3269,1949.51,39.81,53.93
2023-03,2023,3,62,กำแพงเพชร,Kamphaeng Phet,ภาคกลาง,99771,5225,104996,198.68,19.1,217.79,50.3,5439,2735,2074.27,42.55,76.75
2023-04,2023,4,62,กำแพงเพชร,Kamphaeng Phet,ภาคกลาง,106735,5518,112253,212.0,20.05,232.05,56.6,5489,3106,2067.21,40.2,61.99
2023-05,2023,5,62,กำแพงเพชร,Kamphaeng Phet,ภาคกลาง,83441,4213,87654,158.01,15.36,173.37,42.0,5589,2347,1977.89,51.12,69.17
2023-06,2023,6,62,กำแพงเพชร,Kamphaeng Phet,ภาคกลาง,78909,3895,82804,156.91,13.82,170.72,38.5,5528,2128,2061.74,41.45,69.7
2023-07,2023,7,62,กำแพงเพชร,Kamphaeng Phet,ภาคกลาง,82713,4165,86878,153.92,15.7,169.63,45.1,5468,2466,1952.51,42.18,57.66
2023-08,2023,8,62,กำแพงเพชร,Kamphaeng Phet,ภาคกลาง,83247,4510,87757,156.57,16.28,172.84,46.8,5412,2532,1969.53,29.83,45.04
2023-09,2023,9,62,กำแพงเพชร,Kamphaeng Phet,ภาคกลาง,74472,4001,78473,145.25,14.6,159.85,37.6,5562,2091,2037.01,46.67,74.28
2023-10,2023,10,62,กำแพงเพชร,Kamphaeng Phet,ภาคกลาง,75803,3883,79686,142.82,13.56,156.38,40.3,5475,2206,1962.45,31.92,51.3
2023-11,2023,11,62,กำแพงเพชร,Kamphaeng Phet,ภาคกลาง,107562,5693,113255,204.73,19.87,224.6,54.4,5418,2947,1983.14,55.46,82.29
2023-12,2023,12,62,กำแพงเพชร,Kamphaeng Phet,ภาคกลาง,117970,6029,123999,224.47,21.26,245.73,64.1,5572,3571,1981.71,32.19,48.02
2024-01,2024,1,62,กำแพงเพชร,Kamphaeng Phet,ภาคกลาง,136412,9033,145445,280.81,36.66,317.47,67.8,5564,3772,2182.75,20.21,30.51
2024-02,2024,2,62,กำแพงเพชร,Kamphaeng Phet,ภาคกลาง,122153,8107,130260,248.88,31.39,280.27,62.1,5467,3395,2151.62,17.04,29.17
2024-03,2024,3,62,กำแพงเพชร,Kamphaeng Phet,ภาคกลาง,115592,7761,123353,235.23,30.96,266.19,56.4,5590,3152,2157.95,17.48,22.22
2024-04,2024,4,62,กำแพงเพชร,Kamphaeng Phet,ภาคกลาง,129202,8415,137617,262.86,34.04,296.9,60.9,5416,3298,2157.44,22.6,27.95
2024-05,2024,5,62,กำแพงเพชร,Kamphaeng Phet,ภาคกลาง,99957,6769,106726,204.2,26.68,230.87,47.7,5450,2599,2163.2,21.76,33.17
2024-06,2024,6,62,กำแพงเพชร,Kamphaeng Phet,ภาคกลาง,88322,5937,94259,184.56,23.3,207.86,42.5,5516,2344,2205.2,13.83,21.75
2024-07,2024,7,62,กำแพงเพชร,Kamphaeng Phet,ภาคกลาง,98688,6595,105283,215.39,25.51,240.9,49.8,5397,2687,2288.12,21.18,42.01
2024-08,2024,8,62,กำแพงเพชร,Kamphaeng Phet,ภาคกลาง,105580,6909,112489,223.42,27.24,250.65,51.3,5557,2850,2228.22,28.18,45.02
2024-09,2024,9,62,กำแพงเพชร,Kamphaeng Phet,ภาคกลาง,82759,5220,87979,179.16,21.16,200.32,41.9,5406,2265,2276.91,12.11,25.32
2024-10,2024,10,62,กำแพงเพชร,Kamphaeng Phet,ภาคกลาง,88966,6054,95020,181.3,23.75,205.04,46.4,5540,2570,2157.86,19.24,31.12
2024-11,2024,11,62,กำแพงเพชร,Kamphaeng Phet,ภาคกลาง,127491,8179,135670,261.69,31.64,293.33,57.8,5578,3224,2162.08,19.79,30.6
2024-12,2024,12,62,กำแพงเพชร,Kamphaeng Phet,ภาคกลาง,140590,8893,149483,304.54,35.85,340.39,68.3,5474,3738,2277.12,20.55,38.52
2019-01,2019,1,63,ตาก,Tak,ภาคตะวันตก,132161,8597,140758,240.68,29.16,269.84,66.1,5583,3690,1917.05,0.0,0.0
2019-02,2019,2,63,ตาก,Tak,ภาคตะวันตก,119437,7761,127198,215.96,27.11,243.06,63.9,5550,3546,1910.88,0.0,0.0
2019-03,2019,3,63,ตาก,Tak,ภาคตะวันตก,105199,6680,111879,191.87,23.32,215.18,55.1,5404,2977,1923.33,0.0,0.0
2019-04,2019,4,63,ตาก,Tak,ภาคตะวันตก,122316,8031,130347,222.98,27.33,250.31,63.4,5524,3502,1920.34,0.0,0.0
2019-05,2019,5,63,ตาก,Tak,ภาคตะวันตก,92702,6104,98806,167.13,20.1,187.23,47.7,5573,2658,1894.93,0.0,0.0
2019-06,2019,6,63,ตาก,Tak,ภาคตะวันตก,86117,5554,91671,156.24,18.18,174.42,44.2,5536,2446,1902.67,0.0,0.0
2019-07,2019,7,63,ตาก,Tak,ภาคตะวันตก,101030,6124,107154,182.64,20.75,203.39,50.2,5416,2718,1898.11,0.0,0.0
2019-08,2019,8,63,ตาก,Tak,ภาคตะวันตก,103948,6317,110265,178.78,20.54,199.32,50.3,5509,2771,1807.65,0.0,0.0
2019-09,2019,9,63,ตาก,Tak,ภาคตะวันตก,83411,5102,88513,147.48,17.8,165.28,42.8,5465,2339,1867.3,0.0,0.0
2019-10,2019,10,63,ตาก,Tak,ภาคตะวันตก,87108,5628,92736,161.24,19.56,180.79,46.5,5489,2552,1949.51,0.0,0.0
2019-11,2019,11,63,ตาก,Tak,ภาคตะวันตก,112276,7333,119609,198.41,23.71,222.12,60.9,5422,3301,1857.05,0.0,0.0
2019-12,2019,12,63,ตาก,Tak,ภาคตะวันตก,134207,8879,143086,242.45,30.18,272.63,72.8,5586,4066,1905.36,0.0,0.0
2020-01,2020,1,63,ตาก,Tak,ภาคตะวันตก,52477,787,53264,78.31,2.3,80.62,28.5,5553,1582,1513.59,-62.16,-70.12
2020-02,2020,2,63,ตาก,Tak,ภาคตะวันตก,47496,729,48225,71.55,2.12,73.67,27.0,5543,1496,1527.63,-62.09,-69.69
2020-03,2020,3,63,ตาก,Tak,ภาคตะวันตก,45100,691,45791,69.47,1.92,71.39,23.8,5533,1316,1559.04,-59.07,-66.82
2020-04,2020,4,63,ตาก,Tak,ภาคตะวันตก,45751,668,46419,70.31,1.94,72.24,26.8,5550,1487,1556.26,-64.39,-71.14
2020-05,2020,5,63,ตาก,Tak,ภาคตะวันตก,35789,545,36334,53.75,1.59,55.35,19.8,5411,1071,1523.37,-63.23,-70.44
2020-06,2020,6,63,ตาก,Tak,ภาคตะวันตก,32953,505,33458,50.32,1.44,51.76,18.4,5470,1006,1547.01,-63.5,-70.32
2020-07,2020,7,63,ตาก,Tak,ภาคตะวันตก,37943,569,38512,58.44,1.62,60.06,21.3,5435,1157,1559.51,-64.06,-70.47
2020-08,2020,8,63,ตาก,Tak,ภาคตะวันตก,40656,594,41250,59.23,1.66,60.89,21.3,5413,1152,1476.12,-62.59,-69.45
2020-09,2020,9,63,ตาก,Tak,ภาคตะวันตก,32677,499,33176,50.55,1.37,51.93,17.7,5532,979,1565.29,-62.52,-68.58
2020-10,2020,10,63,ตาก,Tak,ภาคตะวันตก,34474,527,35001,50.78,1.53,52.31,19.9,5523,1099,1494.53,-62.26,-71.07
2020-11,2020,11,63,ตาก,Tak,ภาคตะวันตก,46682,707,47389,73.36,2.0,75.36,25.6,5517,1412,1590.24,-60.38,-66.07
2020-12,2020,12,63,ตาก,Tak,ภาคตะวันตก,56668,878,57546,86.4,2.47,88.87,30.3,5550,1681,1544.33,-59.78,-67.4
2021-01,2021,1,63,ตาก,Tak,ภาคตะวันตก,33851,195,34046,49.99,0.54,50.53,19.8,5414,1071,1484.17,-36.08,-37.32
2021-02,2021,2,63,ตาก,Tak,ภาคตะวันตก,34565,213,34778,50.85,0.56,51.4,18.8,5565,1046,1477.95,-27.88,-30.23
2021-03,2021,3,63,ตาก,Tak,ภาคตะวันตก,29209,168,29377,40.67,0.45,41.12,17.1,5542,947,1399.73,-35.85,-42.4
2021-04,2021,4,63,ตาก,Tak,ภาคตะวันตก,32691,188,32879,48.54,0.52,49.06,18.3,5416,991,1492.14,-29.17,-32.09
2021-05,2021,5,63,ตาก,Tak,ภาคตะวันตก,23575,142,23717,33.37,0.4,33.77,15.0,5603,840,1423.87,-34.73,-38.99
2021-06,2021,6,63,ตาก,Tak,ภาคตะวันตก,22778,132,22910,33.44,0.36,33.8,15.0,5479,821,1475.34,-31.53,-34.7
2021-07,2021,7,63,ตาก,Tak,ภาคตะวันตก,27675,166,27841,40.62,0.46,41.08,15.0,5545,831,1475.52,-27.71,-31.6
2021-08,2021,8,63,ตาก,Tak,ภาคตะวันตก,27041,156,27197,38.76,0.43,39.19,15.8,5430,857,1440.97,-34.07,-35.64
2021-09,2021,9,63,ตาก,Tak,ภาคตะวันตก,21835,127,21962,32.12,0.33,32.46,15.0,5450,817,1478.01,-33.8,-37.49
2021-10,2021,10,63,ตาก,Tak,ภาคตะวันตก,23109,145,23254,33.78,0.39,34.17,15.0,5489,823,1469.42,-33.56,-34.68
2021-11,2021,11,63,ตาก,Tak,ภาคตะวันตก,31637,187,31824,44.93,0.49,45.42,18.0,5529,995,1427.22,-32.85,-39.73
2021-12,2021,12,63,ตาก,Tak,ภาคตะวันตก,38047,218,38265,55.65,0.59,56.24,21.4,5449,1166,1469.75,-33.51,-36.72
2022-01,2022,1,63,ตาก,Tak,ภาคตะวันตก,80223,2326,82549,137.47,7.19,144.66,45.2,5451,2463,1752.41,142.46,186.29
2022-02,2022,2,63,ตาก,Tak,ภาคตะวันตก,74379,2219,76598,123.22,6.87,130.09,42.5,5404,2296,1698.35,120.25,153.09
2022-03,2022,3,63,ตาก,Tak,ภาคตะวันตก,73454,2169,75623,126.55,7.1,133.65,39.6,5568,2204,1767.32,157.42,225.02
2022-04,2022,4,63,ตาก,Tak,ภาคตะวันตก,78247,2416,80663,132.22,7.55,139.77,41.4,5471,2264,1732.76,145.33,184.9
2022-05,2022,5,63,ตาก,Tak,ภาคตะวันตก,61162,1815,62977,104.45,5.75,110.2,31.7,5419,1717,1749.85,165.54,226.33
2022-06,2022,6,63,ตาก,Tak,ภาคตะวันตก,55159,1648,56807,94.26,5.23,99.49,30.9,5432,1678,1751.37,147.96,194.35
2022-07,2022,7,63,ตาก,Tak,ภาคตะวันตก,60202,1818,62020,99.09,5.62,104.71,33.1,5400,1787,1688.33,122.76,154.89
2022-08,2022,8,63,ตาก,Tak,ภาคตะวันตก,60008,1860,61868,103.49,5.86,109.36,34.9,5439,1898,1767.63,127.48,179.05
2022-09,2022,9,63,ตาก,Tak,ภาคตะวันตก,51395,1476,52871,88.67,4.56,93.23,29.3,5596,1639,1763.35,140.74,187.22
2022-10,2022,10,63,ตาก,Tak,ภาคตะวันตก,58846,1717,60563,95.8,5.56,101.36,32.4,5511,1785,1673.63,160.44,196.63
2022-11,2022,11,63,ตาก,Tak,ภาคตะวันตก,72469,2092,74561,123.42,6.76,130.17,40.1,5505,2207,1745.82,134.29,186.59
2022-12,2022,12,63,ตาก,Tak,ภาคตะวันตก,90178,2694,92872,148.36,8.82,157.19,48.3,5524,2668,1692.54,142.71,179.5
2023-01,2023,1,63,ตาก,Tak,ภาคตะวันตก,116904,5997,122901,228.8,21.58,250.38,60.9,5502,3350,2037.25,48.88,73.08
2023-02,2023,2,63,ตาก,Tak,ภาคตะวันตก,104274,5355,109629,204.56,19.29,223.85,55.7,5570,3102,2041.89,43.12,72.07
2023-03,2023,3,63,ตาก,Tak,ภาคตะวันตก,95111,5129,100240,185.37,19.09,204.46,50.9,5408,2752,2039.7,32.55,52.98
2023-04,2023,4,63,ตาก,Tak,ภาคตะวันตก,104636,5140,109776,206.7,18.48,225.18,55.4,5392,2987,2051.27,36.09,61.11
2023-05,2023,5,63,ตาก,Tak,ภาคตะวันตก,85615,4574,90189,168.0,16.56,184.56,43.2,5492,2372,2046.37,43.21,67.48
2023-06,2023,6,63,ตาก,Tak,ภาคตะวันตก,71343,3552,74895,134.93,12.46,147.39,39.3,5531,2173,1967.96,31.84,48.15
2023-07,2023,7,63,ตาก,Tak,ภาคตะวันตก,82762,4441,87203,157.69,16.11,173.8,44.3,5419,2400,1993.05,40.6,65.98
2023-08,2023,8,63,ตาก,Tak,ภาคตะวันตก,88573,4763,93336,174.97,17.22,192.19,46.4,5481,2543,2059.12,50.86,75.74
2023-09,2023,9,63,ตาก,Tak,ภาคตะวันตก,67550,3669,71219,125.99,13.65,139.64,38.6,5523,2131,1960.71,34.7,49.78
2023-10,2023,10,63,ตาก,Tak,ภาคตะวันตก,79795,4259,84054,155.2,15.49,170.69,41.4,5583,2311,2030.72,38.79,68.4
2023-11,2023,11,63,ตาก,Tak,ภาคตะวันตก,103295,5080,108375,199.49,18.2,217.69,53.9,5435,2929,2008.67,45.35,67.24
2023-12,2023,12,63,ตาก,Tak,ภาคตะวันตก,126612,6284,132896,247.86,23.67,271.53,62.6,5490,3436,2043.18,43.1,72.74
2024-01,2024,1,63,ตาก,Tak,ภาคตะวันตก,138611,8861,147472,294.3,35.76,330.05,66.2,5542,3668,2238.05,19.99,31.82
2024-02,2024,2,63,ตาก,Tak,ภาคตะวันตก,132310,8673,140983,275.77,33.54,309.31,63.8,5552,3542,2193.95,28.6,38.18
2024-03,2024,3,63,ตาก,Tak,ภาคตะวันตก,120550,7778,128328,258.76,31.25,290.01,56.4,5500,3101,2259.91,28.02,41.84
2024-04,2024,4,63,ตาก,Tak,ภาคตะวันตก,124783,8708,133491,261.7,33.53,295.23,61.4,5485,3367,2211.61,21.6,31.11
2024-05,2024,5,63,ตาก,Tak,ภาคตะวันตก,97224,6279,103503,209.27,24.75,234.02,47.5,5443,2585,2261.0,14.76,26.8
2024-06,2024,6,63,ตาก,Tak,ภาคตะวันตก,84546,5565,90111,176.65,22.53,199.18,44.3,5604,2482,2210.38,20.32,35.14
2024-07,2024,7,63,ตาก,Tak,ภาคตะวันตก,94896,6109,101005,203.09,24.07,227.16,49.1,5537,2718,2249.0,15.83,30.7
2024-08,2024,8,63,ตาก,Tak,ภาคตะวันตก,99217,6949,106166,205.5,27.21,232.71,48.9,5529,2703,2191.94,13.75,21.08
2024-09,2024,9,63,ตาก,Tak,ภาคตะวันตก,80640,5637,86277,174.7,21.56,196.26,41.9,5472,2292,2274.77,21.14,40.55
2024-10,2024,10,63,ตาก,Tak,ภาคตะวันตก,89778,6115,95893,191.98,24.61,216.59,46.7,5550,2591,2258.66,14.08,26.89
2024-11,2024,11,63,ตาก,Tak,ภาคตะวันตก,117304,7630,124934,246.89,29.35,276.24,60.8,5412,3290,2211.09,15.28,26.9
2024-12,2024,12,63,ตาก,Tak,ภาคตะวันตก,142215,9427,151642,296.96,36.37,333.34,70.8,5437,3849,2198.2,14.11,22.76
2019-01,2019,1,64,สุโขทัย,Sukhothai,ภาคกลาง,135136,8732,143868,232.04,28.71,260.75,69.0,5394,3721,1812.43,0.0,0.0
2019-02,2019,2,64,สุโขทัย,Sukhothai,ภาคกลาง,123159,7889,131048,224.5,26.74,251.23,64.9,5547,3600,1917.08,0.0,0.0
2019-03,2019,3,64,สุโขทัย,Sukhothai,ภาคกลาง,106736,6470,113206,195.58,20.91,216.49,55.9,5503,3076,1912.35,0.0,0.0
2019-04,2019,4,64,สุโขทัย,Sukhothai,ภาคกลาง,120128,7934,128062,210.8,27.69,238.49,63.8,5475,3493,1862.3,0.0,0.0
2019-05,2019,5,64,สุโขทัย,Sukhothai,ภาคกลาง,93860,6089,99949,172.58,19.89,192.47,47.6,5452,2595,1925.68,0.0,0.0
2019-06,2019,6,64,สุโขทัย,Sukhothai,ภาคกลาง,81834,4988,86822,144.7,17.02,161.73,45.1,5535,2496,1862.78,0.0,0.0
2019-07,2019,7,64,สุโขทัย,Sukhothai,ภาคกลาง,93328,6162,99490,166.29,21.24,187.52,49.2,5469,2690,1884.81,0.0,0.0
2019-08,2019,8,64,สุโขทัย,Sukhothai,ภาคกลาง,93896,5924,99820,170.75,19.37,190.11,50.4,5402,2722,1904.53,0.0,0.0
2019-09,2019,9,64,สุโขทัย,Sukhothai,ภาคกลาง,82974,5077,88051,153.97,16.42,170.39,41.4,5401,2236,1935.13,0.0,0.0
2019-10,2019,10,64,สุโขทัย,Sukhothai,ภาคกลาง,90322,5898,96220,159.64,20.57,180.21,47.3,5485,2594,1872.9,0.0,0.0
2019-11,2019,11,64,สุโขทัย,Sukhothai,ภาคกลาง,117241,7707,124948,214.87,26.32,241.19,58.9,5554,3271,1930.32,0.0,0.0
2019-12,2019,12,64,สุโขทัย,Sukhothai,ภาคกลาง,136822,8547,145369,240.02,27.92,267.94,70.7,5556,3928,1843.17,0.0,0.0
2020-01,2020,1,64,สุโขทัย,Sukhothai,ภาคกลาง,49536,776,50312,73.97,2.21,76.17,28.2,5577,1572,1513.95,-65.03,-70.79
2020-02,2020,2,64,สุโขทัย,Sukhothai,ภาคกลาง,50787,775,51562,76.96,2.29,79.25,26.7,5416,1446,1536.98,-60.65,-68.46
2020-03,2020,3,64,สุโขทัย,Sukhothai,ภาคกลาง,40779,596,41375,63.46,1.72,65.18,23.5,5442,1278,1575.35,-63.45,-69.89
2020-04,2020,4,64,สุโขทัย,Sukhothai,ภาคกลาง,47466,697,48163,73.5,2.06,75.56,26.4,5546,1464,1568.84,-62.39,-68.32
2020-05,2020,5,64,สุโขทัย,Sukhothai,ภาคกลาง,36041,522,36563,54.31,1.51,55.81,19.7,5435,1070,1526.41,-63.42,-71.0
2020-06,2020,6,64,สุโขทัย,Sukhothai,ภาคกลาง,32019,509,32528,50.18,1.44,51.62,18.9,5556,1050,1586.94,-62.53,-68.08
2020-07,2020,7,64,สุโขทัย,Sukhothai,ภาคกลาง,37951,597,38548,56.17,1.69,57.87,20.6,5501,1133,1501.25,-61.25,-69.14
2020-08,2020,8,64,สุโขทัย,Sukhothai,ภาคกลาง,39970,590,40560,62.06,1.68,63.74,21.5,5508,1184,1571.5,-59.37,-66.47
2020-09,2020,9,64,สุโขทัย,Sukhothai,ภาคกลาง,30627,447,31074,44.98,1.27,46.25,17.8,5421,964,1488.38,-64.71,-72.86
2020-10,2020,10,64,สุโขทัย,Sukhothai,ภาคกลาง,36990,584,37574,53.95,1.66,55.61,19.4,5523,1071,1480.01,-60.95,-69.14
2020-11,2020,11,64,สุโขทัย,Sukhothai,ภาคกลาง,43492,654,44146,67.1,1.81,68.91,25.6,5399,1382,1560.96,-64.67,-71.43
2020-12,2020,12,64,สุโขทัย,Sukhothai,ภาคกลาง,53312,782,54094,83.51,2.19,85.7,29.1,5438,1582,1584.28,-62.79,-68.02
2021-01,2021,1,64,สุโขทัย,Sukhothai,ภาคกลาง,34581,200,34781,48.78,0.52,49.3,20.6,5523,1137,1417.44,-30.87,-35.28
2021-02,2021,2,64,สุโขทัย,Sukhothai,ภาคกลาง,31845,183,32028,45.25,0.5,45.75,19.2,5512,1058,1428.44,-37.88,-42.27
2021-03,2021,3,64,สุโขทัย,Sukhothai,ภาคกลาง,29050,167,29217,40.74,0.46,41.2,17.3,5453,943,1410.14,-29.38,-36.79
2021-04,2021,4,64,สุโขทัย,Sukhothai,ภาคกลาง,31745,187,31932,44.4,0.5,44.9,18.2,5578,1015,1406.11,-33.7,-40.58
2021-05,2021,5,64,สุโขทัย,Sukhothai,ภาคกลาง,23851,148,23999,33.47,0.39,33.86,15.0,5473,820,1410.89,-34.36,-39.33
2021-06,2021,6,64,สุโขทัย,Sukhothai,ภาคกลาง,22315,139,22454,31.61,0.37,31.98,15.0,5499,824,1424.25,-30.97,-38.05
2021-07,2021,7,64,สุโขทัย,Sukhothai,ภาคกลาง,26826,166,26992,38.33,0.44,38.77,15.0,5405,810,1436.35,-29.98,-33.01
2021-08,2021,8,64,สุโขทัย,Sukhothai,ภาคกลาง,28180,169,28349,39.92,0.44,40.36,15.1,5527,834,1423.68,-30.11,-36.68
2021-09,2021,9,64,สุโขทัย,Sukhothai,ภาคกลาง,21536,124,21660,30.26,0.34,30.6,15.0,5418,812,1412.74,-30.3,-33.84
2021-10,2021,10,64,สุโขทัย,Sukhothai,ภาคกลาง,23926,139,24065,35.11,0.38,35.49,15.0,5461,819,1474.76,-35.95,-36.18
2021-11,2021,11,64,สุโขทัย,Sukhothai,ภาคกลาง,30668,184,30852,44.26,0.5,44.76,18.1,5587,1011,1450.8,-30.11,-35.05
2021-12,2021,12,64,สุโขทัย,Sukhothai,ภาคกลาง,38404,229,38633,56.43,0.6,57.03,21.5,5468,1175,1476.2,-28.58,-33.45
2022-01,2022,1,64,สุโขทัย,Sukhothai,ภาคกลาง,84712,2404,87116,141.13,7.75,148.88,45.9,5560,2552,1708.99,150.47,201.99
2022-02,2022,2,64,สุโขทัย,Sukhothai,ภาคกลาง,75516,2330,77846,126.1,7.34,133.45,43.9,5457,2395,1714.28,143.06,191.69
2022-03,2022,3,64,สุโขทัย,Sukhothai,ภาคกลาง,68154,2030,70184,116.89,6.27,123.17,38.2,5529,2112,1754.96,140.22,198.96
2022-04,2022,4,64,สุโขทัย,Sukhothai,ภาคกลาง,79824,2354,82178,131.99,7.24,139.23,41.1,5431,2232,1694.25,157.35,210.09
2022-05,2022,5,64,สุโขทัย,Sukhothai,ภาคกลาง,59909,1820,61729,99.9,5.86,105.76,33.1,5511,1824,1713.3,157.21,212.34
2022-06,2022,6,64,สุโขทัย,Sukhothai,ภาคกลาง,53784,1642,55426,94.48,5.13,99.61,30.2,5557,1678,1797.17,146.84,211.48
2022-07,2022,7,64,สุโขทัย,Sukhothai,ภาคกลาง,60925,1885,62810,107.19,6.19,113.38,34.1,5538,1888,1805.13,132.7,192.44
2022-08,2022,8,64,สุโขทัย,Sukhothai,ภาคกลาง,64413,2007,66420,105.01,6.53,111.53,34.9,5525,1928,1679.16,134.29,176.34
2022-09,2022,9,64,สุโขทัย,Sukhothai,ภาคกลาง,49048,1391,50439,84.1,4.46,88.56,28.1,5553,1560,1755.78,132.87,189.41
2022-10,2022,10,64,สุโขทัย,Sukhothai,ภาคกลาง,58780,1828,60608,98.93,5.93,104.85,31.4,5497,1726,1729.97,151.85,195.44
2022-11,2022,11,64,สุโขทัย,Sukhothai,ภาคกลาง,76371,2313,78684,133.1,7.21,140.31,40.6,5564,2258,1783.21,155.04,213.47
2022-12,2022,12,64,สุโขทัย,Sukhothai,ภาคกลาง,82226,2472,84698,144.1,8.04,152.14,49.6,5575,2765,1796.26,119.24,166.77
2023-01,2023,1,64,สุโขทัย,Sukhothai,ภาคกลาง,114065,5804,119869,214.98,20.38,235.35,59.1,5595,3306,1963.39,37.6,58.08
2023-02,2023,2,64,สุโขทัย,Sukhothai,ภาคกลาง,109975,5589,115564,208.22,19.83,228.05,55.2,5494,3032,1973.37,48.45,70.89
2023-03,2023,3,64,สุโขทัย,Sukhothai,ภาคกลาง,92765,4749,97514,172.29,17.53,189.81,49.3,5413,2668,1946.49,38.94,54.1
2023-04,2023,4,64,สุโขทัย,Sukhothai,ภาคกลาง,105272,5456,110728,210.26,19.83,230.09,55.8,5451,3041,2077.97,34.74,65.26
2023-05,2023,5,64,สุโขทัย,Sukhothai,ภาคกลาง,84445,4376,88821,158.8,15.55,174.34,43.4,5434,2358,1962.82,43.89,64.84
2023-06,2023,6,64,สุโขทัย,Sukhothai,ภาคกลาง,72837,3810,76647,135.94,13.7,149.64,39.6,5540,2193,1952.33,38.29,50.23
2023-07,2023,7,64,สุโขทัย,Sukhothai,ภาคกลาง,83706,4482,88188,159.49,15.73,175.22,45.4,5543,2516,1986.89,40.4,54.54
2023-08,2023,8,64,สุโขทัย,Sukhothai,ภาคกลาง,89786,4707,94493,170.86,16.52,187.37,44.7,5522,2468,1982.9,42.27,68.0
2023-09,2023,9,64,สุโขทัย,Sukhothai,ภาคกลาง,72374,3592,75966,142.43,13.36,155.79,38.2,5431,2074,2050.79,50.61,75.91
2023-10,2023,10,64,สุโขทัย,Sukhothai,ภาคกลาง,82462,4212,86674,160.96,15.69,176.65,41.4,5442,2252,2038.1,43.01,68.48
2023-11,2023,11,64,สุโขทัย,Sukhothai,ภาคกลาง,106578,5755,112333,208.84,20.64,229.48,52.7,5541,2920,2042.85,42.76,63.55
2023-12,2023,12,64,สุโขทัย,Sukhothai,ภาคกลาง,119212,5996,125208,237.0,22.34,259.34,63.1,5395,3404,2071.27,47.83,70.46
2024-01,2024,1,64,สุโขทัย,Sukhothai,ภาคกลาง,134204,8627,142831,278.89,33.6,312.49,66.4,5400,3585,2187.83,19.16,32.78
2024-02,2024,2,64,สุโขทัย,Sukhothai,ภาคกลาง,129369,8838,138207,278.84,33.95,312.79,60.7,5487,3330,2263.2,19.59,37.16
2024-03,2024,3,64,สุโขทัย,Sukhothai,ภาคกลาง,114768,7816,122584,244.49,32.02,276.51,56.1,5548,3112,2255.68,25.71,45.68
2024-04,2024,4,64,สุโขทัย,Sukhothai,ภาคกลาง,122802,7962,130764,252.32,32.42,284.74,62.0,5564,3449,2177.51,18.09,23.75
2024-05,2024,5,64,สุโขทัย,Sukhothai,ภาคกลาง,92827,6386,99213,198.03,26.29,224.32,46.9,5460,2560,2260.99,11.7,28.67
2024-06,2024,6,64,สุโขทัย,Sukhothai,ภาคกลาง,90334,5813,96147,197.47,23.12,220.6,44.0,5495,2417,2294.4,25.44,47.42
2024-07,2024,7,64,สุโขทัย,Sukhothai,ภาคกลาง,101131,6938,108069,213.42,26.95,240.37,48.4,5433,2629,2224.23,22.54,37.18
2024-08,2024,8,64,สุโขทัย,Sukhothai,ภาคกลาง,99274,6427,105701,200.87,24.52,225.39,49.4,5565,2749,2132.34,11.86,20.29
2024-09,2024,9,64,สุโขทัย,Sukhothai,ภาคกลาง,88222,5587,93809,184.94,21.45,206.39,41.2,5569,2294,2200.11,23.49,32.48
2024-10,2024,10,64,สุโขทัย,Sukhothai,ภาคกลาง,93637,6064,99701,196.57,23.37,219.94,46.6,5431,2530,2206.0,15.03,24.51
2024-11,2024,11,64,สุโขทัย,Sukhothai,ภาคกลาง,123799,8027,131826,267.07,32.71,299.78,57.9,5531,3202,2274.06,17.35,30.63
2024-12,2024,12,64,สุโขทัย,Sukhothai,ภาคกลาง,138761,8848,147609,303.2,35.5,338.7,70.6,5606,3957,2294.58,17.89,30.6
2019-01,2019,1,65,พิษณุโลก,Phitsanulok,ภาคกลาง,134569,8904,143473,246.53,29.48,276.01,65.6,5521,3621,1923.78,0.0,0.0
2019-02,2019,2,65,พิษณุโลก,Phitsanulok,ภาคกลาง,120420,7644,128064,212.77,25.14,237.91,62.7,5406,3389,1857.74,0.0,0.0
2019-03,2019,3,65,พิษณุโลก,Phitsanulok,ภาคกลาง,103395,6403,109798,188.04,21.68,209.72,58.4,5595,3267,1910.05,0.0,0.0
2019-04,2019,4,65,พิษณุโลก,Phitsanulok,ภาคกลาง,119063,7218,126281,220.42,24.26,244.68,61.7,5398,3330,1937.58,0.0,0.0
2019-05,2019,5,65,พิษณุโลก,Phitsanulok,ภาคกลาง,94067,5989,100056,163.94,20.12,184.06,47.8,5430,2595,1839.57,0.0,0.0
2019-06,2019,6,65,พิษณุโลก,Phitsanulok,ภาคกลาง,88795,5823,94618,160.45,19.72,180.17,45.3,5517,2499,1904.18,0.0,0.0
2019-07,2019,7,65,พิษณุโลก,Phitsanulok,ภาคกลาง,91350,5873,97223,168.78,19.41,188.19,50.6,5606,2836,1935.65,0.0,0.0
2019-08,2019,8,65,พิษณุโลก,Phitsanulok,ภาคกลาง,93464,6209,99673,165.33,20.72,186.05,51.8,5487,2842,1866.6,0.0,0.0
2019-09,2019,9,65,พิษณุโลก,Phitsanulok,ภาคกลาง,77830,4924,82754,133.37,16.17,149.55,43.2,5575,2408,1807.16,0.0,0.0
2019-10,2019,10,65,พิษณุโลก,Phitsanulok,ภาคกลาง,91349,6105,97454,161.28,20.8,182.08,47.7,5450,2599,1868.37,0.0,0.0
2019-11,2019,11,65,พิษณุโลก,Phitsanulok,ภาคกลาง,109065,7136,116201,195.94,24.22,220.16,61.4,5538,3400,1894.65,0.0,0.0
2019-12,2019,12,65,พิษณุโลก,Phitsanulok,ภาคกลาง,131136,8766,139902,231.76,30.58,262.34,73.1,5509,4027,1875.17,0.0,0.0
2020-01,2020,1,65,พิษณุโลก,Phitsanulok,ภาคกลาง,51889,750,52639,81.13,2.07,83.2,27.6,5545,1530,1580.58,-63.31,-69.86
2020-02,2020,2,65,พิษณุโลก,Phitsanulok,ภาคกลาง,49078,753,49831,76.47,2.14,78.61,26.4,5488,1448,1577.53,-61.09,-66.96
2020-03,2020,3,65,พิษณุโลก,Phitsanulok,ภาคกลาง,45134,657,45791,70.4,1.81,72.21,23.4,5537,1295,1576.95,-58.3,-65.57
2020-04,2020,4,65,พิษณุโลก,Phitsanulok,ภาคกลาง,48286,760,49046,70.56,2.11,72.67,26.7,5459,1457,1481.67,-61.16,-70.3
2020-05,2020,5,65,พิษณุโลก,Phitsanulok,ภาคกลาง,37385,549,37934,55.6,1.58,57.18,19.6,5392,1056,1507.35,-62.09,-68.93
2020-06,2020,6,65,พิษณุโลก,Phitsanulok,ภาคกลาง,34110,516,34626,51.01,1.42,52.43,18.9,5541,1047,1514.18,-63.4,-70.9
2020-07,2020,7,65,พิษณุโลก,Phitsanulok,ภาคกลาง,39424,616,40040,62.2,1.7,63.9,21.2,5580,1182,1595.9,-58.82,-66.04
2020-08,2020,8,65,พิษณุโลก,Phitsanulok,ภาคกลาง,39378,617,39995,60.34,1.8,62.14,22.2,5507,1222,1553.69,-59.87,-66.6
2020-09,2020,9,65,พิษณุโลก,Phitsanulok,ภาคกลาง,32008,482,32490,48.38,1.36,49.73,17.6,5485,965,1530.62,-60.74,-66.75
2020-10,2020,10,65,พิษณุโลก,Phitsanulok,ภาคกลาง,34029,525,34554,53.09,1.48,54.57,19.8,5524,1093,1579.27,-64.54,-70.03
2020-11,2020,11,65,พิษณุโลก,Phitsanulok,ภาคกลาง,46734,686,47420,71.6,1.91,73.51,24.8,5448,1351,1550.19,-59.19,-66.61
2020-12,2020,12,65,พิษณุโลก,Phitsanulok,ภาคกลาง,51596,759,52355,78.96,2.24,81.2,30.7,5609,1721,1550.95,-62.58,-69.05
2021-01,2021,1,65,พิษณุโลก,Phitsanulok,ภาคกลาง,37659,217,37876,55.08,0.58,55.66,20.6,5557,1144,1469.53,-28.05,-33.1
2021-02,2021,2,65,พิษณุโลก,Phitsanulok,ภาคกลาง,31673,191,31864,43.79,0.51,44.29,19.5,5591,1090,1389.97,-36.06,-43.66
2021-03,2021,3,65,พิษณุโลก,Phitsanulok,ภาคกลาง,30325,189,30514,43.79,0.51,44.3,17.5,5574,975,1451.79,-33.36,-38.65
2021-04,2021,4,65,พิษณุโลก,Phitsanulok,ภาคกลาง,31615,193,31808,43.54,0.5,44.05,18.2,5594,1018,1384.87,-35.15,-39.38
2021-05,2021,5,65,พิษณุโลก,Phitsanulok,ภาคกลาง,26326,151,26477,38.26,0.41,38.68,15.0,5594,839,1460.89,-30.2,-32.35
2021-06,2021,6,65,พิษณุโลก,Phitsanulok,ภาคกลาง,22973,142,23115,31.6,0.39,31.99,15.0,5409,811,1383.95,-33.24,-38.99
2021-07,2021,7,65,พิษณุโลก,Phitsanulok,ภาคกลาง,25964,150,26114,38.32,0.42,38.74,15.1,5492,829,1483.5,-34.78,-39.37
2021-08,2021,8,65,พิษณุโลก,Phitsanulok,ภาคกลาง,26123,159,26282,37.27,0.41,37.68,15.5,5592,866,1433.68,-34.29,-39.36
2021-09,2021,9,65,พิษณุโลก,Phitsanulok,ภาคกลาง,21152,121,21273,30.73,0.33,31.05,15.0,5539,830,1459.6,-34.52,-37.56
2021-10,2021,10,65,พิษณุโลก,Phitsanulok,ภาคกลาง,25701,157,25858,35.74,0.43,36.17,15.0,5507,826,1398.79,-25.17,-33.72
2021-11,2021,11,65,พิษณุโลก,Phitsanulok,ภาคกลาง,33204,208,33412,47.59,0.56,48.15,18.5,5508,1018,1441.1,-29.54,-34.5
2021-12,2021,12,65,พิษณุโลก,Phitsanulok,ภาคกลาง,35738,216,35954,52.22,0.56,52.78,21.5,5549,1193,1467.99,-31.33,-35.0
2022-01,2022,1,65,พิษณุโลก,Phitsanulok,ภาคกลาง,78536,2428,80964,132.62,7.74,140.37,47.2,5607,2646,1733.73,113.76,152.19
2022-02,2022,2,65,พิษณุโลก,Phitsanulok,ภาคกลาง,81532,2535,84067,139.46,8.26,147.72,43.0,5429,2334,1757.17,163.83,233.53
2022-03,2022,3,65,พิษณุโลก,Phitsanulok,ภาคกลาง,66259,2031,68290,109.54,6.62,116.16,39.1,5537,2164,1700.98,123.8,162.21
2022-04,2022,4,65,พิษณุโลก,Phitsanulok,ภาคกลาง,76299,2178,78477,128.43,6.79,135.22,42.0,5459,2292,1723.05,146.72,206.97
2022-05,2022,5,65,พิษณุโลก,Phitsanulok,ภาคกลาง,60346,1861,62207,104.13,6.16,110.29,32.4,5449,1765,1772.95,134.95,185.13
2022-06,2022,6,65,พิษณุโลก,Phitsanulok,ภาคกลาง,55089,1666,56755,95.77,5.24,101.01,30.2,5581,1685,1779.76,145.53,215.75
2022-07,2022,7,65,พิษณุโลก,Phitsanulok,ภาคกลาง,63976,1879,65855,111.48,5.98,117.47,34.0,5524,1878,1783.77,152.18,203.23
2022-08,2022,8,65,พิษณุโลก,Phitsanulok,ภาคกลาง,60402,1868,62270,100.33,5.84,106.17,35.5,5413,1921,1704.99,136.93,181.77
2022-09,2022,9,65,พิษณุโลก,Phitsanulok,ภาคกลาง,50204,1434,51638,84.5,4.66,89.16,27.9,5582,1557,1726.64,142.74,187.15
2022-10,2022,10,65,พิษณุโลก,Phitsanulok,ภาคกลาง,54193,1622,55815,95.17,5.38,100.55,30.6,5564,1702,1801.49,115.85,177.99
2022-11,2022,11,65,พิษณุโลก,Phitsanulok,ภาคกลาง,75814,2227,78041,127.7,7.14,134.84,42.1,5496,2313,1727.81,133.57,180.04
2022-12,2022,12,65,พิษณุโลก,Phitsanulok,ภาคกลาง,89337,2539,91876,152.85,8.21,161.06,48.4,5482,2653,1753.01,155.54,205.15
2023-01,2023,1,65,พิษณุโลก,Phitsanulok,ภาคกลาง,121178,6131,127309,237.92,22.65,260.57,59.1,5588,3302,2046.75,57.24,85.63
2023-02,2023,2,65,พิษณุโลก,Phitsanulok,ภาคกลาง,109968,5904,115872,207.45,21.45,228.9,55.1,5533,3048,1975.46,37.83,54.96
2023-03,2023,3,65,พิษณุโลก,Phitsanulok,ภาคกลาง,96068,4720,100788,192.45,17.18,209.63,50.0,5602,2801,2079.91,47.59,80.47
2023-04,2023,4,65,พิษณุโลก,Phitsanulok,ภาคกลาง,106379,5698,112077,207.0,20.53,227.53,56.6,5563,3148,2030.12,42.82,68.27
2023-05,2023,5,65,พิษณุโลก,Phitsanulok,ภาคกลาง,81299,4249,85548,153.94,15.38,169.33,43.4,5409,2347,1979.36,37.52,53.53
2023-06,2023,6,65,พิษณุโลก,Phitsanulok,ภาคกลาง,76365,4035,80400,143.51,14.29,157.8,40.5,5519,2235,1962.69,41.66,56.22
2023-07,2023,7,65,พิษณุโลก,Phitsanulok,ภาคกลาง,85424,4652,90076,170.43,16.9,187.33,45.0,5565,2504,2079.69,36.78,59.47
2023-08,2023,8,65,พิษณุโลก,Phitsanulok,ภาคกลาง,90731,4705,95436,177.72,17.21,194.93,46.8,5410,2531,2042.52,53.26,83.6
2023-09,2023,9,65,พิษณุโลก,Phitsanulok,ภาคกลาง,70599,3548,74147,132.51,13.13,145.64,36.9,5484,2023,1964.21,43.59,63.35
2023-10,2023,10,65,พิษณุโลก,Phitsanulok,ภาคกลาง,78191,3895,82086,146.63,13.62,160.25,42.5,5550,2358,1952.22,47.07,59.37
2023-11,2023,11,65,พิษณุโลก,Phitsanulok,ภาคกลาง,98657,5295,103952,194.87,19.41,214.28,54.7,5455,2983,2061.34,33.2,58.91
2023-12,2023,12,65,พิษณุโลก,Phitsanulok,ภาคกลาง,115261,6252,121513,215.13,22.99,238.12,64.7,5460,3532,1959.63,32.26,47.85
2024-01,2024,1,65,พิษณุโลก,Phitsanulok,ภาคกลาง,138839,9135,147974,283.48,35.24,318.72,66.4,5456,3622,2153.89,16.23,22.32
2024-02,2024,2,65,พิษณุโลก,Phitsanulok,ภาคกลาง,121623,7715,129338,265.56,30.42,295.99,63.9,5608,3583,2288.5,11.62,29.31
2024-03,2024,3,65,พิษณุโลก,Phitsanulok,ภาคกลาง,118313,8228,126541,255.79,32.0,287.79,54.8,5465,2994,2274.28,25.55,37.28
2024-04,2024,4,65,พิษณุโลก,Phitsanulok,ภาคกลาง,132519,8639,141158,274.05,35.4,309.44,62.3,5588,3481,2192.15,25.95,36.0
2024-05,2024,5,65,พิษณุโลก,Phitsanulok,ภาคกลาง,99796,6638,106434,215.7,26.49,242.19,46.0,5401,2484,2275.49,24.41,43.03
2024-06,2024,6,65,พิษณุโลก,Phitsanulok,ภาคกลาง,87414,5929,93343,184.86,23.0,207.86,43.1,5601,2414,2226.84,16.1,31.72
2024-07,2024,7,65,พิษณุโลก,Phitsanulok,ภาคกลาง,100091,6718,106809,209.32,27.07,236.39,49.4,5418,2676,2213.2,18.58,26.19
2024-08,2024,8,65,พิษณุโลก,Phitsanulok,ภาคกลาง,106906,7022,113928,228.11,28.94,257.05,51.2,5537,2834,2256.25,19.38,31.87
2024-09,2024,9,65,พิษณุโลก,Phitsanulok,ภาคกลาง,84050,5793,89843,173.3,23.73,197.03,40.7,5438,2213,2193.05,21.17,35.29
2024-10,2024,10,65,พิษณุโลก,Phitsanulok,ภาคกลาง,95935,6271,102206,200.19,25.17,225.36,46.1,5536,2552,2204.96,24.51,40.63
2024-11,2024,11,65,พิษณุโลก,Phitsanulok,ภาคกลาง,116067,7907,123974,237.18,31.49,268.67,59.7,5568,3324,2167.15,19.26,25.38
2024-12,2024,12,65,พิษณุโลก,Phitsanulok,ภาคกลาง,149231,9535,158766,315.8,36.87,352.67,69.9,5448,3808,2221.32,30.66,48.11
2019-01,2019,1,66,พิจิตร,Phichit,ภาคกลาง,132483,8274,140757,245.39,28.74,274.14,69.3,5494,3807,1947.61,0.0,0.0
2019-02,2019,2,66,พิจิตร,Phichit,ภาคกลาง,123050,7442,130492,217.3,24.65,241.95,63.3,5543,3508,1854.14,0.0,0.0
2019-03,2019,3,66,พิจิตร,Phichit,ภาคกลาง,112318,7182,119500,194.83,24.02,218.85,56.1,5485,3077,1831.38,0.0,0.0
2019-04,2019,4,66,พิจิตร,Phichit,ภาคกลาง,117188,7256,124444,208.41,25.33,233.74,62.8,5420,3403,1878.27,0.0,0.0
2019-05,2019,5,66,พิจิตร,Phichit,ภาคกลาง,88700,5573,94273,163.98,19.32,183.3,48.6,5482,2664,1944.35,0.0,0.0
2019-06,2019,6,66,พิจิตร,Phichit,ภาคกลาง,85881,5623,91504,149.56,18.39,167.95,45.3,5554,2515,1835.44,0.0,0.0
2019-07,2019,7,66,พิจิตร,Phichit,ภาคกลาง,96064,6287,102351,173.65,20.33,193.99,49.8,5412,2695,1895.34,0.0,0.0
2019-08,2019,8,66,พิจิตร,Phichit,ภาคกลาง,94150,6110,100260,167.41,21.35,188.76,50.9,5478,2788,1882.7,0.0,0.0
2019-09,2019,9,66,พิจิตร,Phichit,ภาคกลาง,81323,5465,86788,150.05,18.27,168.31,41.7,5402,2252,1939.32,0.0,0.0
2019-10,2019,10,66,พิจิตร,Phichit,ภาคกลาง,89098,5937,95035,163.23,19.77,183.0,45.4,5595,2540,1925.61,0.0,0.0
2019-11,2019,11,66,พิจิตร,Phichit,ภาคกลาง,116581,7694,124275,205.59,25.49,231.09,60.8,5450,3313,1859.51,0.0,0.0
2019-12,2019,12,66,พิจิตร,Phichit,ภาคกลาง,133182,8868,142050,231.62,28.91,260.52,71.3,5408,3855,1834.0,0.0,0.0
2020-01,2020,1,66,พิจิตร,Phichit,ภาคกลาง,49345,740,50085,75.23,2.15,77.38,28.2,5482,1545,1544.97,-64.42,-71.77
2020-02,2020,2,66,พิจิตร,Phichit,ภาคกลาง,45869,732,46601,67.66,2.07,69.73,27.0,5452,1472,1496.32,-64.29,-71.18
2020-03,2020,3,66,พิจิตร,Phichit,ภาคกลาง,43726,686,44412,65.8,1.9,67.7,23.6,5515,1301,1524.36,-62.84,-69.07
2020-04,2020,4,66,พิจิตร,Phichit,ภาคกลาง,49940,726,50666,73.09,2.09,75.18,26.7,5506,1470,1483.84,-59.29,-67.84
2020-05,2020,5,66,พิจิตร,Phichit,ภาคกลาง,35584,539,36123,52.04,1.49,53.53,20.3,5515,1119,1481.88,-61.68,-70.8
2020-06,2020,6,66,พิจิตร,Phichit,ภาคกลาง,35503,519,36022,53.15,1.43,54.58,18.5,5437,1005,1515.19,-60.63,-67.5
2020-07,2020,7,66,พิจิตร,Phichit,ภาคกลาง,38455,613,39068,58.16,1.72,59.89,21.1,5509,1162,1532.97,-61.83,-69.13
2020-08,2020,8,66,พิจิตร,Phichit,ภาคกลาง,38689,614,39303,57.29,1.79,59.09,21.1,5538,1168,1503.45,-60.8,-68.7
2020-09,2020,9,66,พิจิตร,Phichit,ภาคกลาง,32806,508,33314,51.54,1.47,53.01,18.0,5399,971,1591.22,-61.61,-68.5
2020-10,2020,10,66,พิจิตร,Phichit,ภาคกลาง,35426,560,35986,53.3,1.62,54.92,19.4,5490,1065,1526.15,-62.13,-69.99
2020-11,2020,11,66,พิจิตร,Phichit,ภาคกลาง,47027,751,47778,72.31,2.07,74.38,25.1,5530,1388,1556.78,-61.55,-67.81
2020-12,2020,12,66,พิจิตร,Phichit,ภาคกลาง,53393,805,54198,83.05,2.21,85.26,29.7,5517,1638,1573.12,-61.85,-67.27
2021-01,2021,1,66,พิจิตร,Phichit,ภาคกลาง,35229,205,35434,51.2,0.53,51.74,20.0,5570,1114,1460.18,-29.25,-33.14
2021-02,2021,2,66,พิจิตร,Phichit,ภาคกลาง,35420,220,35640,49.05,0.57,49.62,19.2,5465,1049,1392.26,-23.52,-28.84
2021-03,2021,3,66,พิจิตร,Phichit,ภาคกลาง,29572,171,29743,42.82,0.44,43.26,17.0,5487,932,1454.46,-33.03,-36.1
2021-04,2021,4,66,พิจิตร,Phichit,ภาคกลาง,33528,199,33727,46.32,0.55,46.88,18.5,5545,1025,1389.98,-33.43,-37.64
2021-05,2021,5,66,พิจิตร,Phichit,ภาคกลาง,23757,141,23898,33.52,0.38,33.9,15.0,5517,827,1418.53,-33.84,-36.67
2021-06,2021,6,66,พิจิตร,Phichit,ภาคกลาง,24628,144,24772,35.28,0.4,35.68,15.0,5411,811,1440.34,-31.23,-34.63
2021-07,2021,7,66,พิจิตร,Phichit,ภาคกลาง,27160,158,27318,38.68,0.43,39.11,15.0,5585,837,1431.66,-30.08,-34.7
2021-08,2021,8,66,พิจิตร,Phichit,ภาคกลาง,26278,150,26428,38.53,0.41,38.94,15.3,5514,843,1473.44,-32.76,-34.1
2021-09,2021,9,66,พิจิตร,Phichit,ภาคกลาง,22006,127,22133,32.23,0.33,32.56,15.0,5441,816,1471.11,-33.56,-38.58
2021-10,2021,10,66,พิจิตร,Phichit,ภาคกลาง,25785,156,25941,36.34,0.43,36.77,15.0,5551,832,1417.45,-27.91,-33.05
2021-11,2021,11,66,พิจิตร,Phichit,ภาคกลาง,32945,199,33144,45.36,0.54,45.9,17.9,5530,989,1384.87,-30.63,-38.29
2021-12,2021,12,66,พิจิตร,Phichit,ภาคกลาง,36118,222,36340,51.4,0.59,51.99,20.9,5479,1145,1430.65,-32.95,-39.02
2022-01,2022,1,66,พิจิตร,Phichit,ภาคกลาง,83386,2558,85944,143.77,7.96,151.73,44.7,5592,2499,1765.45,142.55,193.25
2022-02,2022,2,66,พิจิตร,Phichit,ภาคกลาง,75885,2156,78041,132.96,6.84,139.8,43.9,5569,2444,1791.37,118.97,181.74
2022-03,2022,3,66,พิจิตร,Phichit,ภาคกลาง,71161,2101,73262,118.88,6.51,125.39,38.1,5544,2112,1711.53,146.32,189.85
2022-04,2022,4,66,พิจิตร,Phichit,ภาคกลาง,80172,2261,82433,134.11,7.34,141.44,41.4,5502,2277,1715.82,144.41,201.71
2022-05,2022,5,66,พิจิตร,Phichit,ภาคกลาง,55959,1648,57607,94.02,5.32,99.34,32.0,5390,1724,1724.44,141.05,193.04
2022-06,2022,6,66,พิจิตร,Phichit,ภาคกลาง,55482,1713,57195,90.97,5.32,96.29,30.5,5450,1662,1683.54,130.89,169.87
2022-07,2022,7,66,พิจิตร,Phichit,ภาคกลาง,64050,1906,65956,104.63,6.09,110.72,32.9,5391,1773,1678.69,141.44,183.1
2022-08,2022,8,66,พิจิตร,Phichit,ภาคกลาง,66172,1900,68072,111.32,6.25,117.57,35.6,5537,1971,1727.14,157.58,201.93
2022-09,2022,9,66,พิจิตร,Phichit,ภาคกลาง,53753,1603,55356,92.47,4.99,97.47,29.4,5436,1598,1760.78,150.11,199.36
2022-10,2022,10,66,พิจิตร,Phichit,ภาคกลาง,53665,1546,55211,87.59,4.87,92.46,31.8,5515,1753,1674.67,112.83,151.45
2022-11,2022,11,66,พิจิตร,Phichit,ภาคกลาง,75114,2326,77440,128.11,7.68,135.79,40.6,5609,2277,1753.49,133.65,195.84
2022-12,2022,12,66,พิจิตร,Phichit,ภาคกลาง,90062,2540,92602,148.68,8.14,156.83,47.0,5581,2623,1693.59,154.82,201.65
2023-01,2023,1,66,พิจิตร,Phichit,ภาคกลาง,112878,5981,118859,210.32,21.9,232.21,60.6,5494,3329,1953.66,38.3,53.04
2023-02,2023,2,66,พิจิตร,Phichit,ภาคกลาง,112394,5833,118227,208.52,21.0,229.52,57.6,5603,3227,1941.35,51.49,64.18
2023-03,2023,3,66,พิจิตร,Phichit,ภาคกลาง,94291,4950,99241,183.18,18.14,201.33,49.4,5529,2731,2028.7,35.46,60.56
2023-04,2023,4,66,พิจิตร,Phichit,ภาคกลาง,104263,5620,109883,204.31,19.97,224.28,54.6,5399,2947,2041.08,33.3,58.57
2023-05,2023,5,66,พิจิตร,Phichit,ภาคกลาง,76970,3839,80809,147.21,13.43,160.64,41.9,5530,2317,1987.9,40.28,61.71
2023-06,2023,6,66,พิจิตร,Phichit,ภาคกลาง,77869,3838,81707,153.85,13.42,167.27,39.3,5465,2147,2047.19,42.86,73.71
2023-07,2023,7,66,พิจิตร,Phichit,ภาคกลาง,83242,4511,87753,164.54,16.26,180.8,43.6,5455,2378,2060.33,33.05,63.29
2023-08,2023,8,66,พิจิตร,Phichit,ภาคกลาง,86656,4294,90950,160.75,15.29,176.05,46.7,5523,2579,1935.68,33.61,49.74
2023-09,2023,9,66,พิจิตร,Phichit,ภาคกลาง,71109,3729,74838,132.45,13.03,145.48,36.5,5561,2029,1943.93,35.19,49.26
2023-10,2023,10,66,พิจิตร,Phichit,ภาคกลาง,75869,4029,79898,140.55,14.82,155.37,40.2,5532,2223,1944.6,44.71,68.04
2023-11,2023,11,66,พิจิตร,Phichit,ภาคกลาง,100689,4967,105656,196.42,18.28,214.7,54.8,5525,3027,2032.07,36.44,58.11
2023-12,2023,12,66,พิจิตร,Phichit,ภาคกลาง,115771,6084,121855,218.13,21.98,240.12,62.9,5498,3458,1970.54,31.59,53.11
2024-01,2024,1,66,พิจิตร,Phichit,ภาคกลาง,134483,8955,143438,292.18,35.85,328.03,64.9,5409,3510,2286.91,20.68,41.26
2024-02,2024,2,66,พิจิตร,Phichit,ภาคกลาง,124231,8137,132368,262.53,31.3,293.82,61.7,5541,3418,2219.72,11.96,28.01
2024-03,2024,3,66,พิจิตร,Phichit,ภาคกลาง,111994,7266,119260,244.72,28.86,273.58,57.0,5469,3117,2293.98,20.17,35.89
2024-04,2024,4,66,พิจิตร,Phichit,ภาคกลาง,129901,8469,138370,266.67,34.45,301.11,59.5,5399,3212,2176.12,25.92,34.26
2024-05,2024,5,66,พิจิตร,Phichit,ภาคกลาง,99609,6833,106442,205.34,26.34,231.68,45.9,5570,2556,2176.58,31.72,44.22
2024-06,2024,6,66,พิจิตร,Phichit,ภาคกลาง,86387,5656,92043,178.83,23.22,202.05,42.5,5608,2383,2195.17,12.65,20.79
2024-07,2024,7,66,พิจิตร,Phichit,ภาคกลาง,99295,6706,106001,201.13,26.53,227.67,49.6,5414,2685,2147.81,20.79,25.92
2024-08,2024,8,66,พิจิตร,Phichit,ภาคกลาง,105995,6793,112788,216.01,26.87,242.89,50.6,5578,2822,2153.51,24.01,37.97
2024-09,2024,9,66,พิจิตร,Phichit,ภาคกลาง,86044,6016,92060,177.28,24.72,202.0,40.8,5397,2201,2194.22,23.01,38.85
2024-10,2024,10,66,พิจิตร,Phichit,ภาคกลาง,99532,6496,106028,211.31,25.45,236.76,45.5,5436,2473,2233.0,32.7,52.38
2024-11,2024,11,66,พิจิตร,Phichit,ภาคกลาง,119752,8369,128121,260.98,33.33,294.3,59.9,5396,3232,2297.05,21.26,37.07
2024-12,2024,12,66,พิจิตร,Phichit,ภาคกลาง,147137,9979,157116,302.27,38.33,340.6,70.4,5479,3857,2167.83,28.94,41.85
2019-01,2019,1,67,เพชรบูรณ์,Phetchabun,ภาคกลาง,125366,7679,133045,227.29,24.93,252.22,66.9,5549,3712,1895.75,0.0,0.0
2019-02,2019,2,67,เพชรบูรณ์,Phetchabun,ภาคกลาง,123394,8017,131411,219.62,27.19,246.81,63.3,5579,3531,1878.15,0.0,0.0
2019-03,2019,3,67,เพชรบูรณ์,Phetchabun,ภาคกลาง,110483,6992,117475,201.72,23.75,225.47,55.4,5480,3035,1919.3,0.0,0.0
2019-04,2019,4,67,เพชรบูรณ์,Phetchabun,ภาคกลาง,112297,7082,119379,192.81,23.15,215.95,63.1,5490,3464,1808.94,0.0,0.0
2019-05,2019,5,67,เพชรบูรณ์,Phetchabun,ภาคกลาง,88951,5892,94843,153.33,19.33,172.66,46.3,5596,2590,1820.48,0.0,0.0
2019-06,2019,6,67,เพชรบูรณ์,Phetchabun,ภาคกลาง,86324,5309,91633,156.76,17.8,174.56,43.7,5434,2374,1904.99,0.0,0.0
2019-07,2019,7,67,เพชรบูรณ์,Phetchabun,ภาคกลาง,92108,6173,98281,162.41,20.63,183.03,48.3,5401,2608,1862.31,0.0,0.0
2019-08,2019,8,67,เพชรบูรณ์,Phetchabun,ภาคกลาง,100257,6101,106358,185.27,21.01,206.28,51.8,5600,2900,1939.49,0.0,0.0
2019-09,2019,9,67,เพชรบูรณ์,Phetchabun,ภาคกลาง,83173,5121,88294,143.33,16.68,160.01,42.7,5594,2388,1812.24,0.0,0.0
2019-10,2019,10,67,เพชรบูรณ์,Phetchabun,ภาคกลาง,87021,5673,92694,160.67,19.47,180.13,45.6,5565,2537,1943.28,0.0,0.0
2019-11,2019,11,67,เพชรบูรณ์,Phetchabun,ภาคกลาง,111826,7025,118851,193.7,22.9,216.6,61.1,5578,3408,1822.45,0.0,0.0
2019-12,2019,12,67,เพชรบูรณ์,Phetchabun,ภาคกลาง,132545,8642,141187,245.85,29.41,275.26,70.3,5537,3892,1949.61,0.0,0.0
2020-01,2020,1,67,เพชรบูรณ์,Phetchabun,ภาคกลาง,54079,804,54883,82.5,2.27,84.78,29.0,5597,1623,1544.74,-58.75,-66.39
2020-02,2020,2,67,เพชรบูรณ์,Phetchabun,ภาคกลาง,48792,755,49547,73.41,2.21,75.61,27.0,5423,1464,1526.03,-62.3,-69.37
2020-03,2020,3,67,เพชรบูรณ์,Phetchabun,ภาคกลาง,43432,683,44115,63.95,1.89,65.84,23.9,5598,1337,1492.46,-62.45,-70.8
2020-04,2020,4,67,เพชรบูรณ์,Phetchabun,ภาคกลาง,45243,686,45929,66.07,1.97,68.04,25.7,5397,1387,1481.42,-61.53,-68.49
2020-05,2020,5,67,เพชรบูรณ์,Phetchabun,ภาคกลาง,34635,517,35152,54.59,1.43,56.02,19.7,5418,1067,1593.65,-62.94,-67.55
2020-06,2020,6,67,เพชรบูรณ์,Phetchabun,ภาคกลาง,34662,538,35200,50.91,1.51,52.42,18.3,5572,1019,1489.2,-61.59,-69.97
2020-07,2020,7,67,เพชรบูรณ์,Phetchabun,ภาคกลาง,38545,608,39153,57.77,1.68,59.45,21.3,5434,1157,1518.4,-60.16,-67.52
2020-08,2020,8,67,เพชรบูรณ์,Phetchabun,ภาคกลาง,37280,586,37866,57.82,1.64,59.46,22.1,5543,1225,1570.27,-64.4,-71.18
2020-09,2020,9,67,เพชรบูรณ์,Phetchabun,ภาคกลาง,33984,495,34479,51.48,1.46,52.94,17.8,5572,991,1535.43,-60.95,-66.91
2020-10,2020,10,67,เพชรบูรณ์,Phetchabun,ภาคกลาง,34847,515,35362,52.81,1.5,54.32,19.2,5432,1042,1536.11,-61.85,-69.84
2020-11,2020,11,67,เพชรบูรณ์,Phetchabun,ภาคกลาง,47982,717,48699,75.37,2.05,77.42,25.0,5475,1368,1589.77,-59.03,-64.26
2020-12,2020,12,67,เพชรบูรณ์,Phetchabun,ภาคกลาง,53529,798,54327,84.46,2.34,86.8,30.2,5564,1680,1597.73,-61.52,-68.47
2021-01,2021,1,67,เพชรบูรณ์,Phetchabun,ภาคกลาง,34893,209,35102,51.72,0.57,52.28,20.0,5593,1118,1489.37,-36.04,-38.33
2021-02,2021,2,67,เพชรบูรณ์,Phetchabun,ภาคกลาง,34572,215,34787,48.44,0.56,49.0,18.8,5558,1044,1408.57,-29.79,-35.19
2021-03,2021,3,67,เพชรบูรณ์,Phetchabun,ภาคกลาง,29582,181,29763,42.45,0.47,42.92,17.5,5504,963,1442.06,-32.53,-34.81
2021-04,2021,4,67,เพชรบูรณ์,Phetchabun,ภาคกลาง,32890,204,33094,47.32,0.54,47.86,18.6,5598,1041,1446.18,-27.95,-29.66
2021-05,2021,5,67,เพชรบูรณ์,Phetchabun,ภาคกลาง,25803,156,25959,36.98,0.41,37.39,15.0,5587,838,1440.35,-26.15,-33.26
2021-06,2021,6,67,เพชรบูรณ์,Phetchabun,ภาคกลาง,24692,155,24847,36.27,0.4,36.67,15.0,5467,820,1475.83,-29.41,-30.05
2021-07,2021,7,67,เพชรบูรณ์,Phetchabun,ภาคกลาง,24872,154,25026,34.29,0.4,34.69,15.0,5425,813,1386.16,-36.08,-41.65
2021-08,2021,8,67,เพชรบูรณ์,Phetchabun,ภาคกลาง,26619,164,26783,39.31,0.44,39.75,15.3,5460,835,1484.15,-29.27,-33.15
2021-09,2021,9,67,เพชรบูรณ์,Phetchabun,ภาคกลาง,22735,143,22878,31.67,0.37,32.04,15.0,5580,837,1400.47,-33.65,-39.48
2021-10,2021,10,67,เพชรบูรณ์,Phetchabun,ภาคกลาง,23498,143,23641,34.34,0.38,34.72,15.0,5492,823,1468.63,-33.15,-36.08
2021-11,2021,11,67,เพชรบูรณ์,Phetchabun,ภาคกลาง,31896,200,32096,47.04,0.55,47.59,17.8,5505,979,1482.74,-34.09,-38.53
2021-12,2021,12,67,เพชรบูรณ์,Phetchabun,ภาคกลาง,37161,221,37382,53.17,0.57,53.74,21.4,5492,1175,1437.59,-31.19,-38.09
2022-01,2022,1,67,เพชรบูรณ์,Phetchabun,ภาคกลาง,84380,2406,86786,143.42,7.68,151.1,45.9,5515,2531,1741.06,147.24,189.02
2022-02,2022,2,67,เพชรบูรณ์,Phetchabun,ภาคกลาง,79792,2486,82278,137.73,7.91,145.64,43.3,5485,2375,1770.1,136.52,197.22
2022-03,2022,3,67,เพชรบูรณ์,Phetchabun,ภาคกลาง,71685,2057,73742,119.0,6.39,125.38,38.2,5564,2125,1700.25,147.76,192.12
2022-04,2022,4,67,เพชรบูรณ์,Phetchabun,ภาคกลาง,73066,2056,75122,128.3,6.81,135.11,42.2,5608,2366,1798.54,127.0,182.3
2022-05,2022,5,67,เพชรบูรณ์,Phetchabun,ภาคกลาง,61763,1848,63611,106.26,5.98,112.25,33.0,5392,1779,1764.63,145.04,200.21
2022-06,2022,6,67,เพชรบูรณ์,Phetchabun,ภาคกลาง,55968,1722,57690,92.96,5.29,98.25,29.4,5487,1613,1703.07,132.18,167.93
2022-07,2022,7,67,เพชรบูรณ์,Phetchabun,ภาคกลาง,59391,1821,61212,97.11,5.66,102.77,33.2,5448,1808,1678.92,144.59,196.25
2022-08,2022,8,67,เพชรบูรณ์,Phetchabun,ภาคกลาง,60824,1804,62628,100.23,5.91,106.14,35.0,5546,1941,1694.77,133.83,167.02
2022-09,2022,9,67,เพชรบูรณ์,Phetchabun,ภาคกลาง,52048,1516,53564,86.78,4.78,91.56,28.6,5464,1562,1709.36,134.13,185.77
2022-10,2022,10,67,เพชรบูรณ์,Phetchabun,ภาคกลาง,56034,1587,57621,93.66,4.98,98.65,31.6,5535,1749,1712.05,143.73,184.13
2022-11,2022,11,67,เพชรบูรณ์,Phetchabun,ภาคกลาง,76987,2362,79349,132.87,7.74,140.61,42.0,5475,2299,1772.05,147.22,195.46
2022-12,2022,12,67,เพชรบูรณ์,Phetchabun,ภาคกลาง,91562,2643,94205,153.14,8.37,161.51,49.3,5591,2756,1714.45,152.01,200.54
2023-01,2023,1,67,เพชรบูรณ์,Phetchabun,ภาคกลาง,114818,6053,120871,217.06,21.34,238.4,60.4,5460,3297,1972.35,39.27,57.78
2023-02,2023,2,67,เพชรบูรณ์,Phetchabun,ภาคกลาง,108356,5773,114129,217.04,21.28,238.32,56.7,5483,3108,2088.16,38.71,63.64
2023-03,2023,3,67,เพชรบูรณ์,Phetchabun,ภาคกลาง,91847,4868,96715,173.86,17.12,190.98,50.7,5520,2798,1974.67,31.15,52.32
2023-04,2023,4,67,เพชรบูรณ์,Phetchabun,ภาคกลาง,101832,5398,107230,200.17,19.59,219.77,55.3,5418,2996,2049.52,42.74,62.66
2023-05,2023,5,67,เพชรบูรณ์,Phetchabun,ภาคกลาง,85342,4328,89670,159.37,15.72,175.1,41.2,5484,2259,1952.72,40.97,55.99
2023-06,2023,6,67,เพชรบูรณ์,Phetchabun,ภาคกลาง,74360,3969,78329,140.39,14.43,154.82,38.7,5477,2119,1976.53,35.78,57.58
2023-07,2023,7,67,เพชรบูรณ์,Phetchabun,ภาคกลาง,84073,4298,88371,168.09,15.21,183.3,45.4,5554,2521,2074.21,44.37,78.36
2023-08,2023,8,67,เพชรบูรณ์,Phetchabun,ภาคกลาง,85569,4525,90094,171.31,17.02,188.33,46.0,5432,2498,2090.37,43.86,77.44
2023-09,2023,9,67,เพชรบูรณ์,Phetchabun,ภาคกลาง,70306,3670,73976,134.38,13.14,147.52,38.3,5584,2138,1994.16,38.11,61.12
2023-10,2023,10,67,เพชรบูรณ์,Phetchabun,ภาคกลาง,79234,4290,83524,155.5,15.72,171.22,40.8,5519,2251,2049.95,44.95,73.56
2023-11,2023,11,67,เพชรบูรณ์,Phetchabun,ภาคกลาง,97983,4897,102880,185.01,17.19,202.21,53.7,5589,3001,1965.49,29.66,43.81
2023-12,2023,12,67,เพชรบูรณ์,Phetchabun,ภาคกลาง,123043,6217,129260,241.43,22.98,264.42,63.6,5443,3461,2045.64,37.21,63.72
2024-01,2024,1,67,เพชรบูรณ์,Phetchabun,ภาคกลาง,144903,9546,154449,308.36,36.98,345.33,65.1,5498,3579,2235.88,27.78,44.85
2024-02,2024,2,67,เพชรบูรณ์,Phetchabun,ภาคกลาง,128100,8114,136214,273.61,31.67,305.28,61.1,5455,3333,2241.18,19.35,28.1
2024-03,2024,3,67,เพชรบูรณ์,Phetchabun,ภาคกลาง,110637,7368,118005,233.56,30.01,263.57,54.3,5445,2956,2233.55,22.01,38.01
2024-04,2024,4,67,เพชรบูรณ์,Phetchabun,ภาคกลาง,132118,8789,140907,288.32,35.87,324.18,60.2,5482,3300,2300.67,31.41,47.51
2024-05,2024,5,67,เพชรบูรณ์,Phetchabun,ภาคกลาง,95740,6653,102393,199.51,26.99,226.5,45.4,5530,2510,2212.07,14.19,29.35
2024-06,2024,6,67,เพชรบูรณ์,Phetchabun,ภาคกลาง,88874,5967,94841,194.52,24.5,219.02,42.4,5573,2362,2309.34,21.08,41.47
2024-07,2024,7,67,เพชรบูรณ์,Phetchabun,ภาคกลาง,102208,7039,109247,216.65,28.78,245.43,48.1,5425,2609,2246.56,23.62,33.9
2024-08,2024,8,67,เพชรบูรณ์,Phetchabun,ภาคกลาง,109722,7553,117275,228.65,29.99,258.64,50.8,5519,2803,2205.41,30.17,37.33
2024-09,2024,9,67,เพชรบูรณ์,Phetchabun,ภาคกลาง,83570,5742,89312,180.05,23.03,203.08,41.5,5446,2260,2273.83,20.73,37.66
2024-10,2024,10,67,เพชรบูรณ์,Phetchabun,ภาคกลาง,93990,6392,100382,191.89,25.26,217.16,44.6,5444,2428,2163.34,20.18,26.83
2024-11,2024,11,67,เพชรบูรณ์,Phetchabun,ภาคกลาง,126373,8183,134556,276.14,31.82,307.96,60.6,5460,3308,2288.71,30.79,52.3
2024-12,2024,12,67,เพชรบูรณ์,Phetchabun,ภาคกลาง,143163,9056,152219,291.77,34.58,326.35,70.2,5580,3917,2143.95,17.76,23.42
2019-01,2019,1,70,ราชบุรี,Ratchaburi,ภาคตะวันตก,135423,8212,143635,234.55,28.31,262.86,66.8,5553,3709,1830.06,0.0,0.0
2019-02,2019,2,70,ราชบุรี,Ratchaburi,ภาคตะวันตก,121844,7414,129258,225.45,25.04,250.49,62.5,5541,3463,1937.91,0.0,0.0
2019-03,2019,3,70,ราชบุรี,Ratchaburi,ภาคตะวันตก,107818,7182,115000,192.42,24.21,216.63,55.4,5534,3065,1883.74,0.0,0.0
2019-04,2019,4,70,ราชบุรี,Ratchaburi,ภาคตะวันตก,113049,7206,120255,200.3,23.39,223.69,61.8,5404,3339,1860.13,0.0,0.0
2019-05,2019,5,70,ราชบุรี,Ratchaburi,ภาคตะวันตก,95724,5793,101517,164.74,19.74,184.48,47.7,5453,2601,1817.23,0.0,0.0
2019-06,2019,6,70,ราชบุรี,Ratchaburi,ภาคตะวันตก,88406,5445,93851,161.33,17.59,178.92,44.6,5543,2472,1906.43,0.0,0.0
2019-07,2019,7,70,ราชบุรี,Ratchaburi,ภาคตะวันตก,100338,6187,106525,175.13,20.99,196.12,49.1,5510,2705,1841.07,0.0,0.0
2019-08,2019,8,70,ราชบุรี,Ratchaburi,ภาคตะวันตก,100236,6089,106325,183.82,21.19,205.01,50.7,5406,2740,1928.14,0.0,0.0
2019-09,2019,9,70,ราชบุรี,Ratchaburi,ภาคตะวันตก,82049,5065,87114,151.59,16.54,168.13,43.2,5585,2412,1930.0,0.0,0.0
2019-10,2019,10,70,ราชบุรี,Ratchaburi,ภาคตะวันตก,86309,5778,92087,155.05,18.86,173.9,45.8,5451,2496,1888.43,0.0,0.0
2019-11,2019,11,70,ราชบุรี,Ratchaburi,ภาคตะวันตก,120500,7475,127975,213.46,25.42,238.88,60.8,5413,3291,1866.61,0.0,0.0
2019-12,2019,12,70,ราชบุรี,Ratchaburi,ภาคตะวันตก,143734,8780,152514,261.5,29.6,291.11,72.4,5523,3998,1908.74,0.0,0.0
2020-01,2020,1,70,ราชบุรี,Ratchaburi,ภาคตะวันตก,50734,757,51491,78.93,2.15,81.09,29.1,5509,1603,1574.84,-64.15,-69.15
2020-02,2020,2,70,ราชบุรี,Ratchaburi,ภาคตะวันตก,49849,724,50573,75.38,2.13,77.51,26.4,5443,1436,1532.64,-60.87,-69.06
2020-03,2020,3,70,ราชบุรี,Ratchaburi,ภาคตะวันตก,45257,685,45942,70.04,2.02,72.06,23.8,5522,1314,1568.5,-60.05,-66.74
2020-04,2020,4,70,ราชบุรี,Ratchaburi,ภาคตะวันตก,44778,708,45486,67.63,2.08,69.71,26.2,5604,1468,1532.56,-62.18,-68.84
2020-05,2020,5,70,ราชบุรี,Ratchaburi,ภาคตะวันตก,38059,555,38614,57.34,1.6,58.95,19.8,5539,1096,1526.65,-61.96,-68.05
2020-06,2020,6,70,ราชบุรี,Ratchaburi,ภาคตะวันตก,32098,466,32564,47.04,1.3,48.35,18.2,5568,1013,1484.77,-65.3,-72.98
2020-07,2020,7,70,ราชบุรี,Ratchaburi,ภาคตะวันตก,39761,624,40385,62.16,1.85,64.01,20.6,5413,1115,1584.99,-62.09,-67.36
2020-08,2020,8,70,ราชบุรี,Ratchaburi,ภาคตะวันตก,38976,604,39580,60.32,1.78,62.09,22.1,5401,1193,1568.72,-62.77,-69.71
2020-09,2020,9,70,ราชบุรี,Ratchaburi,ภาคตะวันตก,32126,488,32614,47.88,1.36,49.24,17.3,5433,939,1509.78,-62.56,-70.71
2020-10,2020,10,70,ราชบุรี,Ratchaburi,ภาคตะวันตก,37328,559,37887,56.67,1.55,58.21,19.0,5603,1064,1536.41,-58.86,-66.53
2020-11,2020,11,70,ราชบุรี,Ratchaburi,ภาคตะวันตก,44661,648,45309,66.75,1.92,68.67,25.3,5415,1369,1515.59,-64.6,-71.25
2020-12,2020,12,70,ราชบุรี,Ratchaburi,ภาคตะวันตก,55403,875,56278,84.59,2.57,87.16,29.8,5531,1648,1548.74,-63.1,-70.06
2021-01,2021,1,70,ราชบุรี,Ratchaburi,ภาคตะวันตก,33553,194,33747,49.72,0.51,50.22,20.5,5561,1140,1488.13,-34.46,-38.07
2021-02,2021,2,70,ราชบุรี,Ratchaburi,ภาคตะวันตก,33376,197,33573,46.39,0.52,46.91,19.3,5511,1063,1397.25,-33.61,-39.48
2021-03,2021,3,70,ราชบุรี,Ratchaburi,ภาคตะวันตก,29966,179,30145,43.96,0.48,44.44,16.7,5551,927,1474.21,-34.38,-38.33
2021-04,2021,4,70,ราชบุรี,Ratchaburi,ภาคตะวันตก,31292,191,31483,45.93,0.52,46.45,18.9,5488,1037,1475.4,-30.79,-33.37
2021-05,2021,5,70,ราชบุรี,Ratchaburi,ภาคตะวันตก,25598,157,25755,37.94,0.42,38.37,15.0,5586,837,1489.81,-33.3,-34.91
2021-06,2021,6,70,ราชบุรี,Ratchaburi,ภาคตะวันตก,23306,141,23447,32.06,0.38,32.44,15.0,5403,810,1383.55,-28.0,-32.91
2021-07,2021,7,70,ราชบุรี,Ratchaburi,ภาคตะวันตก,25187,154,25341,36.92,0.41,37.33,15.0,5560,834,1473.11,-37.25,-41.68
2021-08,2021,8,70,ราชบุรี,Ratchaburi,ภาคตะวันตก,27355,160,27515,39.76,0.43,40.19,15.6,5569,868,1460.66,-30.48,-35.27
2021-09,2021,9,70,ราชบุรี,Ratchaburi,ภาคตะวันตก,22417,130,22547,32.13,0.34,32.47,15.0,5539,830,1440.1,-30.87,-34.06
2021-10,2021,10,70,ราชบุรี,Ratchaburi,ภาคตะวันตก,25555,160,25715,35.61,0.42,36.04,15.0,5588,838,1401.52,-32.13,-38.09
2021-11,2021,11,70,ราชบุรี,Ratchaburi,ภาคตะวันตก,33040,195,33235,47.81,0.51,48.32,18.3,5588,1022,1453.89,-26.65,-29.63
2021-12,2021,12,70,ราชบุรี,Ratchaburi,ภาคตะวันตก,38820,228,39048,55.92,0.62,56.55,21.0,5589,1173,1448.22,-30.62,-35.12
2022-01,2022,1,70,ราชบุรี,Ratchaburi,ภาคตะวันตก,86759,2564,89323,149.76,8.11,157.87,47.0,5395,2535,1767.41,164.68,214.36
2022-02,2022,2,70,ราชบุรี,Ratchaburi,ภาคตะวันตก,79774,2356,82130,130.94,7.72,138.66,42.4,5457,2313,1688.3,144.63,195.59
2022-03,2022,3,70,ราชบุรี,Ratchaburi,ภาคตะวันตก,65980,1999,67979,107.56,6.4,113.96,38.0,5592,2124,1676.4,125.51,156.44
2022-04,2022,4,70,ราชบุรี,Ratchaburi,ภาคตะวันตก,76476,2163,78639,130.13,7.02,137.16,43.1,5449,2348,1744.17,149.78,195.29
2022-05,2022,5,70,ราชบุรี,Ratchaburi,ภาคตะวันตก,57673,1662,59335,100.87,5.2,106.07,32.4,5496,1780,1787.65,130.38,176.44
2022-06,2022,6,70,ราชบุรี,Ratchaburi,ภาคตะวันตก,57034,1613,58647,95.08,5.07,100.15,30.3,5418,1641,1707.67,150.13,208.72
2022-07,2022,7,70,ราชบุรี,Ratchaburi,ภาคตะวันตก,61186,1869,63055,104.38,6.02,110.4,34.1,5464,1863,1750.85,148.83,195.74
2022-08,2022,8,70,ราชบุรี,Ratchaburi,ภาคตะวันตก,65476,2005,67481,111.82,6.35,118.16,34.4,5541,1906,1751.01,145.25,194.0
2022-09,2022,9,70,ราชบุรี,Ratchaburi,ภาคตะวันตก,52465,1484,53949,86.19,4.83,91.02,28.9,5561,1607,1687.15,139.27,180.32
2022-10,2022,10,70,ราชบุรี,Ratchaburi,ภาคตะวันตก,57757,1741,59498,100.74,5.58,106.32,31.8,5589,1777,1786.95,131.37,195.01
2022-11,2022,11,70,ราชบุรี,Ratchaburi,ภาคตะวันตก,76872,2181,79053,131.17,7.18,138.35,42.2,5422,2288,1750.09,137.86,186.32
2022-12,2022,12,70,ราชบุรี,Ratchaburi,ภาคตะวันตก,89226,2699,91925,153.14,8.77,161.91,47.3,5542,2621,1761.33,135.42,186.31
2023-01,2023,1,70,ราชบุรี,Ratchaburi,ภาคตะวันตก,121239,6574,127813,239.72,23.69,263.41,60.2,5502,3312,2060.9,43.09,66.85
2023-02,2023,2,70,ราชบุรี,Ratchaburi,ภาคตะวันตก,106369,5471,111840,207.12,20.29,227.4,56.1,5474,3070,2033.26,36.17,64.0
2023-03,2023,3,70,ราชบุรี,Ratchaburi,ภาคตะวันตก,102068,5063,107131,194.09,18.47,212.56,50.3,5524,2778,1984.11,57.59,86.52
2023-04,2023,4,70,ราชบุรี,Ratchaburi,ภาคตะวันตก,105574,5343,110917,201.97,19.35,221.33,56.7,5399,3061,1995.46,41.05,61.37
2023-05,2023,5,70,ราชบุรี,Ratchaburi,ภาคตะวันตก,83771,4326,88097,161.83,15.56,177.39,42.7,5549,2369,2013.58,48.47,67.24
2023-06,2023,6,70,ราชบุรี,Ratchaburi,ภาคตะวันตก,75320,4063,79383,141.29,15.26,156.56,40.2,5495,2208,1972.21,35.36,56.33
2023-07,2023,7,70,ราชบุรี,Ratchaburi,ภาคตะวันตก,79738,4031,83769,156.32,14.75,171.07,45.1,5593,2522,2042.16,32.85,54.95
2023-08,2023,8,70,ราชบุรี,Ratchaburi,ภาคตะวันตก,87355,4615,91970,173.67,16.12,189.79,46.4,5444,2526,2063.61,36.29,60.62
2023-09,2023,9,70,ราชบุรี,Ratchaburi,ภาคตะวันตก,75004,3704,78708,146.56,13.32,159.88,36.6,5497,2011,2031.31,45.89,75.65
2023-10,2023,10,70,ราชบุรี,Ratchaburi,ภาคตะวันตก,76733,3872,80605,151.71,13.63,165.34,41.1,5466,2246,2051.24,35.48,55.51
2023-11,2023,11,70,ราชบุรี,Ratchaburi,ภาคตะวันตก,106616,5400,112016,201.78,19.72,221.5,53.6,5435,2913,1977.4,41.7,60.1
2023-12,2023,12,70,ราชบุรี,Ratchaburi,ภาคตะวันตก,118747,5918,124665,230.39,21.12,251.5,64.7,5469,3538,2017.41,35.62,55.33
2024-01,2024,1,70,ราชบุรี,Ratchaburi,ภาคตะวันตก,135716,9055,144771,290.83,35.61,326.44,67.6,5574,3768,2254.87,13.27,23.93
2024-02,2024,2,70,ราชบุรี,Ratchaburi,ภาคตะวันตก,126100,8757,134857,256.04,33.54,289.58,61.0,5415,3303,2147.31,20.58,27.34
2024-03,2024,3,70,ราชบุรี,Ratchaburi,ภาคตะวันตก,108230,7019,115249,234.39,27.44,261.82,56.7,5413,3069,2271.78,7.58,23.17
2024-04,2024,4,70,ราชบุรี,Ratchaburi,ภาคตะวันตก,122625,7976,130601,255.06,30.95,286.01,62.2,5501,3421,2189.95,17.75,29.22
2024-05,2024,5,70,ราชบุรี,Ratchaburi,ภาคตะวันตก,98341,6262,104603,207.94,23.88,231.82,45.8,5407,2476,2216.19,18.74,30.68
2024-06,2024,6,70,ราชบุรี,Ratchaburi,ภาคตะวันตก,91014,5828,96842,184.18,22.88,207.06,43.7,5570,2434,2138.12,21.99,32.26
2024-07,2024,7,70,ราชบุรี,Ratchaburi,ภาคตะวันตก,105430,6733,112163,226.07,26.74,252.82,49.1,5488,2694,2254.04,33.9,47.79
2024-08,2024,8,70,ราชบุรี,Ratchaburi,ภาคตะวันตก,105983,6809,112792,228.6,27.9,256.5,49.5,5496,2720,2274.1,22.64,35.15
2024-09,2024,9,70,ราชบุรี,Ratchaburi,ภาคตะวันตก,80613,5083,85696,169.71,19.68,189.39,41.2,5518,2273,2210.02,8.88,18.46
2024-10,2024,10,70,ราชบุรี,Ratchaburi,ภาคตะวันตก,91870,6018,97888,186.24,23.65,209.89,46.6,5406,2519,2144.19,21.44,26.94
2024-11,2024,11,70,ราชบุรี,Ratchaburi,ภาคตะวันตก,121961,7704,129665,259.79,31.21,291.0,60.0,5493,3295,2244.24,15.76,31.38
2024-12,2024,12,70,ราชบุรี,Ratchaburi,ภาคตะวันตก,138916,9123,148039,295.49,37.09,332.59,71.8,5588,4012,2246.64,18.75,32.24
2019-01,2019,1,71,กาญจนบุรี,Kanchanaburi,ภาคตะวันตก,638078,57408,695486,1248.19,216.87,1465.06,75.2,28752,21621,2106.53,0.0,0.0
2019-02,2019,2,71,กาญจนบุรี,Kanchanaburi,ภาคตะวันตก,606862,52976,659838,1181.7,188.66,1370.37,74.3,28823,21415,2076.83,0.0,0.0
2019-03,2019,3,71,กาญจนบุรี,Kanchanaburi,ภาคตะวันตก,582541,49998,632539,1181.19,188.05,1369.24,63.9,29027,18548,2164.67,0.0,0.0
2019-04,2019,4,71,กาญจนบุรี,Kanchanaburi,ภาคตะวันตก,604546,50353,654899,1224.22,189.87,1414.09,69.5,29527,20521,2159.25,0.0,0.0
2019-05,2019,5,71,กาญจนบุรี,Kanchanaburi,ภาคตะวันตก,459267,39298,498565,885.95,146.02,1031.97,55.3,28889,15975,2069.88,0.0,0.0
2019-06,2019,6,71,กาญจนบุรี,Kanchanaburi,ภาคตะวันตก,454109,40790,494899,890.34,155.64,1045.98,50.8,28886,14674,2113.52,0.0,0.0
2019-07,2019,7,71,กาญจนบุรี,Kanchanaburi,ภาคตะวันตก,487470,40827,528297,946.76,146.29,1093.05,57.9,29461,17057,2069.01,0.0,0.0
2019-08,2019,8,71,กาญจนบุรี,Kanchanaburi,ภาคตะวันตก,488418,40754,529172,956.28,145.45,1101.73,58.0,28835,16724,2081.99,0.0,0.0
2019-09,2019,9,71,กาญจนบุรี,Kanchanaburi,ภาคตะวันตก,421340,37869,459209,812.83,134.55,947.39,47.8,29157,13937,2063.09,0.0,0.0
2019-10,2019,10,71,กาญจนบุรี,Kanchanaburi,ภาคตะวันตก,451695,41416,493111,888.61,146.98,1035.6,52.0,28599,14871,2100.14,0.0,0.0
2019-11,2019,11,71,กาญจนบุรี,Kanchanaburi,ภาคตะวันตก,560982,50960,611942,1124.77,184.08,1308.84,71.5,28665,20495,2138.83,0.0,0.0
2019-12,2019,12,71,กาญจนบุรี,Kanchanaburi,ภาคตะวันตก,674440,60547,734987,1274.87,226.74,1501.61,81.7,28621,23383,2043.04,0.0,0.0
2020-01,2020,1,71,กาญจนบุรี,Kanchanaburi,ภาคตะวันตก,274995,5843,280838,447.18,17.69,464.87,33.0,29375,9693,1655.3,-59.62,-68.27
2020-02,2020,2,71,กาญจนบุรี,Kanchanaburi,ภาคตะวันตก,254150,5391,259541,430.77,16.7,447.47,30.0,28972,8691,1724.08,-60.67,-67.35
2020-03,2020,3,71,กาญจนบุรี,Kanchanaburi,ภาคตะวันตก,221826,4750,226576,355.17,15.06,370.22,27.1,29143,7897,1633.98,-64.18,-72.96
2020-04,2020,4,71,กาญจนบุรี,Kanchanaburi,ภาคตะวันตก,249147,5295,254442,403.79,16.01,419.8,29.8,29098,8671,1649.88,-61.15,-70.31
2020-05,2020,5,71,กาญจนบุรี,Kanchanaburi,ภาคตะวันตก,180165,3711,183876,307.25,11.86,319.11,22.5,29461,6628,1735.46,-63.12,-69.08
2020-06,2020,6,71,กาญจนบุรี,Kanchanaburi,ภาคตะวันตก,167259,3468,170727,286.2,10.65,296.85,21.3,28774,6128,1738.74,-65.5,-71.62
2020-07,2020,7,71,กาญจนบุรี,Kanchanaburi,ภาคตะวันตก,189547,3785,193332,322.65,11.95,334.6,24.5,29143,7140,1730.7,-63.4,-69.39
2020-08,2020,8,71,กาญจนบุรี,Kanchanaburi,ภาคตะวันตก,193117,4006,197123,314.58,12.32,326.9,24.5,28732,7039,1658.36,-62.75,-70.33
2020-09,2020,9,71,กาญจนบุรี,Kanchanaburi,ภาคตะวันตก,178162,3507,181669,298.21,10.77,308.97,20.4,28598,5833,1700.73,-60.44,-67.39
2020-10,2020,10,71,กาญจนบุรี,Kanchanaburi,ภาคตะวันตก,175380,3671,179051,288.37,11.51,299.88,21.8,29141,6352,1674.83,-63.69,-71.04
2020-11,2020,11,71,กาญจนบุรี,Kanchanaburi,ภาคตะวันตก,251935,4893,256828,406.61,15.71,422.32,29.8,29266,8721,1644.37,-58.03,-67.73
2020-12,2020,12,71,กาญจนบุรี,Kanchanaburi,ภาคตะวันตก,296295,5742,302037,479.88,18.67,498.55,34.3,29431,10094,1650.63,-58.91,-66.8
2021-01,2021,1,71,กาญจนบุรี,Kanchanaburi,ภาคตะวันตก,193183,1563,194746,304.45,4.71,309.16,23.0,29070,6686,1587.5,-30.66,-33.5
2021-02,2021,2,71,กาญจนบุรี,Kanchanaburi,ภาคตะวันตก,168568,1306,169874,268.78,3.71,272.5,22.2,28487,6324,1604.13,-34.55,-39.1
2021-03,2021,3,71,กาญจนบุรี,Kanchanaburi,ภาคตะวันตก,161937,1295,163232,252.67,3.75,256.42,19.1,28473,5438,1570.89,-27.96,-30.74
2021-04,2021,4,71,กาญจนบุรี,Kanchanaburi,ภาคตะวันตก,174336,1432,175768,272.13,4.22,276.35,21.6,29066,6278,1572.24,-30.92,-34.17
2021-05,2021,5,71,กาญจนบุรี,Kanchanaburi,ภาคตะวันตก,134767,1112,135879,207.46,3.22,210.68,16.6,28764,4774,1550.5,-26.1,-33.98
2021-06,2021,6,71,กาญจนบุรี,Kanchanaburi,ภาคตะวันตก,122168,1017,123185,185.71,2.98,188.69,15.7,29451,4623,1531.76,-27.85,-36.44
2021-07,2021,7,71,กาญจนบุรี,Kanchanaburi,ภาคตะวันตก,130979,1096,132075,207.38,3.18,210.56,17.1,28844,4932,1594.25,-31.68,-37.07
2021-08,2021,8,71,กาญจนบุรี,Kanchanaburi,ภาคตะวันตก,148193,1144,149337,235.24,3.33,238.57,17.7,28641,5069,1597.53,-24.24,-27.02
2021-09,2021,9,71,กาญจนบุรี,Kanchanaburi,ภาคตะวันตก,116538,965,117503,176.66,2.94,179.61,15.0,28790,4318,1528.56,-35.32,-41.87
2021-10,2021,10,71,กาญจนบุรี,Kanchanaburi,ภาคตะวันตก,125893,1030,126923,201.29,3.08,204.37,16.1,28886,4650,1610.19,-29.11,-31.85
2021-11,2021,11,71,กาญจนบุรี,Kanchanaburi,ภาคตะวันตก,157768,1317,159085,249.14,3.88,253.03,20.3,28921,5870,1590.53,-38.06,-40.09
2021-12,2021,12,71,กาญจนบุรี,Kanchanaburi,ภาคตะวันตก,190295,1610,191905,291.99,4.55,296.54,24.1,28436,6853,1545.24,-36.46,-40.52
2022-01,2022,1,71,กาญจนบุรี,Kanchanaburi,ภาคตะวันตก,429365,17343,446708,814.82,59.75,874.57,54.2,29514,15996,1957.81,129.38,182.89
2022-02,2022,2,71,กาญจนบุรี,Kanchanaburi,ภาคตะวันตก,421378,16487,437865,770.18,57.22,827.4,48.5,29509,14311,1889.62,157.76,203.63
2022-03,2022,3,71,กาญจนบุรี,Kanchanaburi,ภาคตะวันตก,381189,15695,396884,725.33,56.98,782.31,43.0,28753,12363,1971.13,143.14,205.09
2022-04,2022,4,71,กาญจนบุรี,Kanchanaburi,ภาคตะวันตก,416076,17478,433554,789.94,63.15,853.09,49.4,29085,14367,1967.67,146.66,208.7
2022-05,2022,5,71,กาญจนบุรี,Kanchanaburi,ภาคตะวันตก,310654,12989,323643,592.36,44.0,636.36,37.3,28589,10663,1966.24,138.18,202.05
2022-06,2022,6,71,กาญจนบุรี,Kanchanaburi,ภาคตะวันตก,296170,12231,308401,548.23,43.28,591.51,35.5,29383,10430,1917.99,150.36,213.48
2022-07,2022,7,71,กาญจนบุรี,Kanchanaburi,ภาคตะวันตก,313090,12261,325351,565.75,43.59,609.34,37.7,29111,10974,1872.87,146.34,189.39
2022-08,2022,8,71,กาญจนบุรี,Kanchanaburi,ภาคตะวันตก,320533,13258,333791,572.2,45.3,617.5,39.5,28641,11313,1849.96,123.52,158.83
2022-09,2022,9,71,กาญจนบุรี,Kanchanaburi,ภาคตะวันตก,276528,11562,288090,521.52,41.19,562.71,32.4,29492,9555,1953.24,145.18,213.3
2022-10,2022,10,71,กาญจนบุรี,Kanchanaburi,ภาคตะวันตก,300713,11598,312311,566.61,41.89,608.5,36.7,29563,10849,1948.38,146.06,197.74
2022-11,2022,11,71,กาญจนบุรี,Kanchanaburi,ภาคตะวันตก,409988,16618,426606,762.38,58.41,820.79,45.9,29509,13544,1924.0,168.16,224.38
2022-12,2022,12,71,กาญจนบุรี,Kanchanaburi,ภาคตะวันตก,467833,19642,487475,881.87,69.73,951.6,55.7,29426,16390,1952.1,154.02,220.9
2023-01,2023,1,71,กาญจนบุรี,Kanchanaburi,ภาคตะวันตก,564018,39910,603928,1217.56,163.7,1381.26,70.2,28605,20080,2287.13,35.2,57.94
2023-02,2023,2,71,กาญจนบุรี,Kanchanaburi,ภาคตะวันตก,549282,38953,588235,1180.69,152.74,1333.44,65.4,28589,18697,2266.85,34.34,61.16
2023-03,2023,3,71,กาญจนบุรี,Kanchanaburi,ภาคตะวันตก,525489,36724,562213,1117.76,151.65,1269.41,56.8,28640,16267,2257.88,41.66,62.26
2023-04,2023,4,71,กาญจนบุรี,Kanchanaburi,ภาคตะวันตก,559157,40734,599891,1150.16,167.84,1318.0,63.6,28470,18106,2197.07,38.37,54.5
2023-05,2023,5,71,กาญจนบุรี,Kanchanaburi,ภาคตะวันตก,412266,29164,441430,903.63,119.71,1023.34,47.8,28643,13691,2318.24,36.39,60.81
2023-06,2023,6,71,กาญจนบุรี,Kanchanaburi,ภาคตะวันตก,388105,28079,416184,844.52,107.96,952.48,45.7,29435,13451,2288.6,34.95,61.03
2023-07,2023,7,71,กาญจนบุรี,Kanchanaburi,ภาคตะวันตก,433404,31211,464615,882.7,119.82,1002.52,49.6,28940,14354,2157.74,42.8,64.53
2023-08,2023,8,71,กาญจนบุรี,Kanchanaburi,ภาคตะวันตก,480311,32566,512877,999.89,133.72,1133.61,53.2,28949,15400,2210.3,53.65,83.58
2023-09,2023,9,71,กาญจนบุรี,Kanchanaburi,ภาคตะวันตก,370174,25199,395373,810.79,98.55,909.34,42.5,28667,12183,2299.95,37.24,61.6
2023-10,2023,10,71,กาญจนบุรี,Kanchanaburi,ภาคตะวันตก,432541,31757,464298,887.13,130.98,1018.11,48.6,28801,13997,2192.79,48.67,67.31
2023-11,2023,11,71,กาญจนบุรี,Kanchanaburi,ภาคตะวันตก,542957,37815,580772,1103.13,144.47,1247.6,61.7,28632,17665,2148.18,36.14,52.0
2023-12,2023,12,71,กาญจนบุรี,Kanchanaburi,ภาคตะวันตก,618180,43251,661431,1331.5,173.88,1505.38,72.1,29100,20981,2275.94,35.69,58.19
2024-01,2024,1,71,กาญจนบุรี,Kanchanaburi,ภาคตะวันตก,731959,62918,794877,1658.15,282.22,1940.36,77.7,28648,22259,2441.08,31.62,40.48
2024-02,2024,2,71,กาญจนบุรี,Kanchanaburi,ภาคตะวันตก,631284,58298,689582,1473.51,255.2,1728.7,72.5,29297,21240,2506.88,17.23,29.64
2024-03,2024,3,71,กาญจนบุรี,Kanchanaburi,ภาคตะวันตก,625576,54810,680386,1410.26,236.38,1646.63,65.2,29289,19096,2420.14,21.02,29.72
2024-04,2024,4,71,กาญจนบุรี,Kanchanaburi,ภาคตะวันตก,628649,56332,684981,1497.11,236.9,1734.01,69.5,29557,20542,2531.47,14.18,31.56
2024-05,2024,5,71,กาญจนบุรี,Kanchanaburi,ภาคตะวันตก,509700,46245,555945,1191.25,205.57,1396.82,54.2,28776,15596,2512.51,25.94,36.5
2024-06,2024,6,71,กาญจนบุรี,Kanchanaburi,ภาคตะวันตก,468180,43816,511996,1110.37,194.83,1305.2,49.1,29430,14450,2549.24,23.02,37.03
2024-07,2024,7,71,กาญจนบุรี,Kanchanaburi,ภาคตะวันตก,490457,42383,532840,1117.25,178.43,1295.68,54.6,28914,15787,2431.65,14.68,29.24
2024-08,2024,8,71,กาญจนบุรี,Kanchanaburi,ภาคตะวันตก,533525,47618,581143,1192.32,212.03,1404.35,57.4,28916,16597,2416.53,13.31,23.88
2024-09,2024,9,71,กาญจนบุรี,Kanchanaburi,ภาคตะวันตก,454499,40694,495193,1073.65,171.91,1245.56,46.9,28752,13484,2515.3,25.25,36.97
2024-10,2024,10,71,กาญจนบุรี,Kanchanaburi,ภาคตะวันตก,495323,46081,541404,1147.54,205.6,1353.14,53.0,28771,15248,2499.32,16.61,32.91
2024-11,2024,11,71,กาญจนบุรี,Kanchanaburi,ภาคตะวันตก,662710,59548,722258,1552.69,258.87,1811.56,68.1,28639,19503,2508.19,24.36,45.2
2024-12,2024,12,71,กาญจนบุรี,Kanchanaburi,ภาคตะวันตก,715829,61733,777562,1654.26,265.91,1920.17,80.3,28575,22945,2469.48,17.56,27.55
2019-01,2019,1,72,สุพรรณบุรี,Suphan Buri,ภาคกลาง,135037,8645,143682,246.8,30.07,276.87,69.5,5467,3799,1926.96,0.0,0.0
2019-02,2019,2,72,สุพรรณบุรี,Suphan Buri,ภาคกลาง,129078,7817,136895,221.33,25.63,246.95,64.3,5587,3592,1803.94,0.0,0.0
2019-03,2019,3,72,สุพรรณบุรี,Suphan Buri,ภาคกลาง,105650,7060,112710,187.52,23.26,210.79,58.0,5575,3233,1870.2,0.0,0.0
2019-04,2019,4,72,สุพรรณบุรี,Suphan Buri,ภาคกลาง,117396,7366,124762,203.75,24.83,228.59,62.3,5509,3432,1832.21,0.0,0.0
2019-05,2019,5,72,สุพรรณบุรี,Suphan Buri,ภาคกลาง,90442,5489,95931,164.87,17.89,182.76,46.1,5481,2526,1905.12,0.0,0.0
2019-06,2019,6,72,สุพรรณบุรี,Suphan Buri,ภาคกลาง,87930,5476,93406,153.99,18.68,172.68,45.4,5530,2510,1848.7,0.0,0.0
2019-07,2019,7,72,สุพรรณบุรี,Suphan Buri,ภาคกลาง,98726,6186,104912,170.37,20.3,190.67,49.6,5496,2726,1817.43,0.0,0.0
2019-08,2019,8,72,สุพรรณบุรี,Suphan Buri,ภาคกลาง,98787,6369,105156,177.42,22.04,199.46,50.8,5566,2827,1896.8,0.0,0.0
2019-09,2019,9,72,สุพรรณบุรี,Suphan Buri,ภาคกลาง,77879,4727,82606,142.38,15.75,158.12,41.7,5487,2288,1914.15,0.0,0.0
2019-10,2019,10,72,สุพรรณบุรี,Suphan Buri,ภาคกลาง,93056,5738,98794,162.37,19.97,182.34,46.0,5556,2555,1845.66,0.0,0.0
2019-11,2019,11,72,สุพรรณบุรี,Suphan Buri,ภาคกลาง,120849,7538,128387,212.51,25.61,238.12,62.1,5397,3351,1854.7,0.0,0.0
2019-12,2019,12,72,สุพรรณบุรี,Suphan Buri,ภาคกลาง,137508,8383,145891,237.64,27.08,264.72,70.9,5595,3966,1814.51,0.0,0.0
2020-01,2020,1,72,สุพรรณบุรี,Suphan Buri,ภาคกลาง,53023,788,53811,78.85,2.18,81.03,29.1,5517,1605,1505.83,-62.55,-70.73
2020-02,2020,2,72,สุพรรณบุรี,Suphan Buri,ภาคกลาง,50368,747,51115,78.93,2.2,81.13,27.5,5504,1513,1587.21,-62.66,-67.15
2020-03,2020,3,72,สุพรรณบุรี,Suphan Buri,ภาคกลาง,44751,650,45401,67.93,1.84,69.77,23.9,5550,1326,1536.75,-59.72,-66.9
2020-04,2020,4,72,สุพรรณบุรี,Suphan Buri,ภาคกลาง,45666,675,46341,67.73,1.96,69.69,26.0,5562,1446,1503.85,-62.86,-69.51
2020-05,2020,5,72,สุพรรณบุรี,Suphan Buri,ภาคกลาง,36906,557,37463,56.84,1.55,58.39,20.0,5578,1115,1558.6,-60.95,-68.05
2020-06,2020,6,72,สุพรรณบุรี,Suphan Buri,ภาคกลาง,34187,527,34714,52.4,1.52,53.93,18.7,5607,1048,1553.55,-62.84,-68.77
2020-07,2020,7,72,สุพรรณบุรี,Suphan Buri,ภาคกลาง,38004,596,38600,58.04,1.74,59.78,21.2,5432,1151,1548.7,-63.21,-68.65
2020-08,2020,8,72,สุพรรณบุรี,Suphan Buri,ภาคกลาง,40378,624,41002,63.2,1.77,64.97,21.1,5609,1183,1584.56,-61.01,-67.43
2020-09,2020,9,72,สุพรรณบุรี,Suphan Buri,ภาคกลาง,32225,466,32691,49.59,1.31,50.9,17.7,5605,992,1557.0,-60.43,-67.81
2020-10,2020,10,72,สุพรรณบุรี,Suphan Buri,ภาคกลาง,35646,551,36197,54.72,1.53,56.25,19.1,5555,1061,1554.0,-63.36,-69.15
2020-11,2020,11,72,สุพรรณบุรี,Suphan Buri,ภาคกลาง,47994,712,48706,73.8,2.02,75.82,25.3,5487,1388,1556.69,-62.06,-68.16
2020-12,2020,12,72,สุพรรณบุรี,Suphan Buri,ภาคกลาง,53097,818,53915,78.75,2.34,81.09,29.3,5442,1594,1504.03,-63.04,-69.37
2021-01,2021,1,72,สุพรรณบุรี,Suphan Buri,ภาคกลาง,33834,211,34045,50.1,0.57,50.67,20.5,5428,1112,1488.32,-36.73,-37.47
2021-02,2021,2,72,สุพรรณบุรี,Suphan Buri,ภาคกลาง,32650,196,32846,46.21,0.53,46.73,19.5,5489,1070,1422.7,-35.74,-42.4
2021-03,2021,3,72,สุพรรณบุรี,Suphan Buri,ภาคกลาง,28747,181,28928,41.38,0.48,41.86,17.1,5513,942,1447.04,-36.28,-40.0
2021-04,2021,4,72,สุพรรณบุรี,Suphan Buri,ภาคกลาง,32915,205,33120,46.18,0.57,46.75,18.7,5408,1011,1411.53,-28.53,-32.92
2021-05,2021,5,72,สุพรรณบุรี,Suphan Buri,ภาคกลาง,23547,139,23686,32.56,0.36,32.92,15.0,5520,828,1389.85,-36.77,-43.62
2021-06,2021,6,72,สุพรรณบุรี,Suphan Buri,ภาคกลาง,23429,147,23576,32.57,0.41,32.98,15.0,5603,840,1398.88,-32.09,-38.85
2021-07,2021,7,72,สุพรรณบุรี,Suphan Buri,ภาคกลาง,25393,153,25546,36.57,0.42,36.98,15.0,5416,812,1447.58,-33.82,-38.14
2021-08,2021,8,72,สุพรรณบุรี,Suphan Buri,ภาคกลาง,27588,166,27754,39.89,0.43,40.32,15.7,5548,871,1452.76,-32.31,-37.94
2021-09,2021,9,72,สุพรรณบุรี,Suphan Buri,ภาคกลาง,22978,139,23117,32.8,0.39,33.19,15.0,5586,837,1435.74,-29.29,-34.79
2021-10,2021,10,72,สุพรรณบุรี,Suphan Buri,ภาคกลาง,23669,148,23817,34.22,0.4,34.62,15.0,5528,829,1453.58,-34.2,-38.45
2021-11,2021,11,72,สุพรรณบุรี,Suphan Buri,ภาคกลาง,31914,192,32106,47.11,0.5,47.61,17.8,5506,980,1482.9,-34.08,-37.21
2021-12,2021,12,72,สุพรรณบุรี,Suphan Buri,ภาคกลาง,35412,214,35626,50.96,0.59,51.55,22.0,5420,1192,1446.98,-33.92,-36.43
2022-01,2022,1,72,สุพรรณบุรี,Suphan Buri,ภาคกลาง,84934,2419,87353,149.43,7.78,157.21,45.0,5577,2509,1799.71,156.58,210.26
2022-02,2022,2,72,สุพรรณบุรี,Suphan Buri,ภาคกลาง,73993,2165,76158,123.74,7.03,130.77,43.7,5535,2418,1717.09,131.86,179.84
2022-03,2022,3,72,สุพรรณบุรี,Suphan Buri,ภาคกลาง,72406,2074,74480,123.08,6.85,129.93,39.5,5435,2146,1744.5,157.47,210.39
2022-04,2022,4,72,สุพรรณบุรี,Suphan Buri,ภาคกลาง,75438,2149,77587,127.37,6.68,134.05,41.8,5492,2295,1727.74,134.26,186.74
2022-05,2022,5,72,สุพรรณบุรี,Suphan Buri,ภาคกลาง,60371,1737,62108,105.44,5.48,110.92,31.4,5502,1727,1785.92,162.21,236.94
2022-06,2022,6,72,สุพรรณบุรี,Suphan Buri,ภาคกลาง,51639,1530,53169,90.21,5.04,95.25,29.3,5456,1598,1791.46,125.52,188.81
2022-07,2022,7,72,สุพรรณบุรี,Suphan Buri,ภาคกลาง,61829,1856,63685,105.21,5.76,110.97,33.6,5487,1843,1742.48,149.3,200.08
2022-08,2022,8,72,สุพรรณบุรี,Suphan Buri,ภาคกลาง,64314,1950,66264,106.65,6.25,112.9,35.8,5543,1984,1703.79,138.75,180.01
2022-09,2022,9,72,สุพรรณบุรี,Suphan Buri,ภาคกลาง,52505,1624,54129,90.83,5.05,95.87,27.9,5514,1538,1771.14,134.15,188.85
2022-10,2022,10,72,สุพรรณบุรี,Suphan Buri,ภาคกลาง,56339,1727,58066,93.97,5.5,99.47,32.1,5577,1790,1713.05,143.8,187.32
2022-11,2022,11,72,สุพรรณบุรี,Suphan Buri,ภาคกลาง,74034,2247,76281,124.01,7.1,131.11,42.0,5397,2266,1718.78,137.59,175.38
2022-12,2022,12,72,สุพรรณบุรี,Suphan Buri,ภาคกลาง,92098,2741,94839,150.07,8.4,158.47,48.6,5485,2665,1670.94,166.21,207.41
2023-01,2023,1,72,สุพรรณบุรี,Suphan Buri,ภาคกลาง,114386,5634,120020,213.09,19.85,232.94,60.4,5431,3280,1940.84,37.4,48.17
2023-02,2023,2,72,สุพรรณบุรี,Suphan Buri,ภาคกลาง,102719,5437,108156,193.26,19.53,212.79,56.9,5604,3188,1967.44,42.02,62.72
2023-03,2023,3,72,สุพรรณบุรี,Suphan Buri,ภาคกลาง,97758,4921,102679,189.86,17.38,207.24,51.3,5463,2802,2018.33,37.86,59.5
2023-04,2023,4,72,สุพรรณบุรี,Suphan Buri,ภาคกลาง,106174,5567,111741,206.08,20.43,226.51,54.2,5397,2925,2027.1,44.02,68.97
2023-05,2023,5,72,สุพรรณบุรี,Suphan Buri,ภาคกลาง,84045,4289,88334,160.31,16.17,176.48,41.9,5530,2317,1997.87,42.23,59.11
2023-06,2023,6,72,สุพรรณบุรี,Suphan Buri,ภาคกลาง,77049,4044,81093,148.77,14.68,163.44,39.7,5541,2199,2015.46,52.52,71.59
2023-07,2023,7,72,สุพรรณบุรี,Suphan Buri,ภาคกลาง,87149,4631,91780,164.02,16.21,180.23,44.2,5470,2417,1963.72,44.12,62.41
2023-08,2023,8,72,สุพรรณบุรี,Suphan Buri,ภาคกลาง,87419,4288,91707,166.5,16.15,182.65,45.0,5438,2447,1991.67,38.4,61.78
2023-09,2023,9,72,สุพรรณบุรี,Suphan Buri,ภาคกลาง,69895,3539,73434,130.8,12.85,143.65,37.2,5430,2019,1956.18,35.66,49.84
2023-10,2023,10,72,สุพรรณบุรี,Suphan Buri,ภาคกลาง,83354,4111,87465,162.25,15.14,177.39,41.2,5442,2242,2028.13,50.63,78.34
2023-11,2023,11,72,สุพรรณบุรี,Suphan Buri,ภาคกลาง,97338,4852,102190,190.83,17.9,208.73,54.3,5495,2983,2042.57,33.97,59.2
2023-12,2023,12,72,สุพรรณบุรี,Suphan Buri,ภาคกลาง,124149,6616,130765,241.15,23.08,264.24,63.8,5473,3491,2020.72,37.88,66.74
2024-01,2024,1,72,สุพรรณบุรี,Suphan Buri,ภาคกลาง,143834,9163,152997,293.49,35.69,329.18,65.2,5574,3634,2151.55,27.48,41.32
2024-02,2024,2,72,สุพรรณบุรี,Suphan Buri,ภาคกลาง,129959,9072,139031,266.26,36.18,302.44,62.5,5477,3423,2175.34,28.55,42.13
2024-03,2024,3,72,สุพรรณบุรี,Suphan Buri,ภาคกลาง,111430,7481,118911,230.88,30.47,261.35,56.9,5526,3144,2197.86,15.81,26.11
2024-04,2024,4,72,สุพรรณบุรี,Suphan Buri,ภาคกลาง,125929,8143,134072,264.5,31.58,296.08,59.1,5506,3254,2208.37,19.98,30.71
2024-05,2024,5,72,สุพรรณบุรี,Suphan Buri,ภาคกลาง,90854,5848,96702,186.03,23.34,209.37,47.6,5431,2585,2165.11,9.47,18.64
2024-06,2024,6,72,สุพรรณบุรี,Suphan Buri,ภาคกลาง,94074,6311,100385,198.9,24.29,223.19,42.6,5558,2367,2223.34,23.79,36.56
2024-07,2024,7,72,สุพรรณบุรี,Suphan Buri,ภาคกลาง,101628,7120,108748,214.96,27.93,242.88,48.2,5582,2690,2233.42,18.49,34.76
2024-08,2024,8,72,สุพรรณบุรี,Suphan Buri,ภาคกลาง,108981,7169,116150,233.33,28.57,261.9,51.6,5590,2884,2254.84,26.65,43.39
2024-09,2024,9,72,สุพรรณบุรี,Suphan Buri,ภาคกลาง,87311,5596,92907,180.75,21.7,202.45,40.3,5453,2197,2179.06,26.52,40.93
2024-10,2024,10,72,สุพรรณบุรี,Suphan Buri,ภาคกลาง,94502,6600,101102,198.09,26.45,224.55,46.1,5571,2568,2221.02,15.59,26.59
2024-11,2024,11,72,สุพรรณบุรี,Suphan Buri,ภาคกลาง,125522,8546,134068,257.4,34.49,291.88,58.6,5575,3266,2177.1,31.19,39.84
2024-12,2024,12,72,สุพรรณบุรี,Suphan Buri,ภาคกลาง,142793,9907,152700,291.57,38.35,329.92,70.7,5471,3867,2160.58,16.77,24.86
2019-01,2019,1,73,นครปฐม,Nakhon Pathom,ภาคกลาง,136037,8348,144385,241.78,29.06,270.84,66.2,5509,3646,1875.82,0.0,0.0
2019-02,2019,2,73,นครปฐม,Nakhon Pathom,ภาคกลาง,117730,7641,125371,212.69,25.46,238.15,62.2,5534,3442,1899.56,0.0,0.0
2019-03,2019,3,73,นครปฐม,Nakhon Pathom,ภาคกลาง,111471,6740,118211,196.68,22.86,219.54,57.7,5410,3121,1857.19,0.0,0.0
2019-04,2019,4,73,นครปฐม,Nakhon Pathom,ภาคกลาง,124910,7914,132824,224.43,26.21,250.64,61.6,5522,3401,1887.01,0.0,0.0
2019-05,2019,5,73,นครปฐม,Nakhon Pathom,ภาคกลาง,91918,5777,97695,160.81,19.86,180.66,47.7,5468,2608,1849.22,0.0,0.0
2019-06,2019,6,73,นครปฐม,Nakhon Pathom,ภาคกลาง,83721,5099,88820,149.01,16.95,165.97,44.9,5534,2484,1868.61,0.0,0.0
2019-07,2019,7,73,นครปฐม,Nakhon Pathom,ภาคกลาง,91520,5604,97124,168.62,18.9,187.52,49.2,5551,2731,1930.73,0.0,0.0
2019-08,2019,8,73,นครปฐม,Nakhon Pathom,ภาคกลาง,100571,6458,107029,185.43,21.45,206.88,49.8,5459,2718,1932.93,0.0,0.0
2019-09,2019,9,73,นครปฐม,Nakhon Pathom,ภาคกลาง,79132,5062,84194,145.54,16.93,162.47,42.1,5501,2315,1929.71,0.0,0.0
2019-10,2019,10,73,นครปฐม,Nakhon Pathom,ภาคกลาง,90922,5680,96602,165.63,18.6,184.23,46.4,5439,2523,1907.1,0.0,0.0
2019-11,2019,11,73,นครปฐม,Nakhon Pathom,ภาคกลาง,121247,7528,128775,211.1,25.4,236.5,59.0,5590,3298,1836.54,0.0,0.0
2019-12,2019,12,73,นครปฐม,Nakhon Pathom,ภาคกลาง,137461,8640,146101,254.51,28.91,283.41,70.8,5446,3855,1939.82,0.0,0.0
2020-01,2020,1,73,นครปฐม,Nakhon Pathom,ภาคกลาง,49519,777,50296,73.74,2.3,76.04,28.3,5408,1530,1511.85,-65.17,-71.92
2020-02,2020,2,73,นครปฐม,Nakhon Pathom,ภาคกลาง,50495,789,51284,75.86,2.23,78.08,26.8,5390,1444,1522.5,-59.09,-67.21
2020-03,2020,3,73,นครปฐม,Nakhon Pathom,ภาคกลาง,42583,640,43223,65.39,1.88,67.27,24.0,5463,1311,1556.35,-63.44,-69.36
2020-04,2020,4,73,นครปฐม,Nakhon Pathom,ภาคกลาง,49330,778,50108,72.86,2.27,75.13,26.6,5559,1478,1499.36,-62.27,-70.02
2020-05,2020,5,73,นครปฐม,Nakhon Pathom,ภาคกลาง,36668,535,37203,53.81,1.54,55.35,20.5,5547,1137,1487.78,-61.92,-69.36
2020-06,2020,6,73,นครปฐม,Nakhon Pathom,ภาคกลาง,35465,538,36003,54.63,1.48,56.11,18.6,5417,1007,1558.48,-59.47,-66.19
2020-07,2020,7,73,นครปฐม,Nakhon Pathom,ภาคกลาง,38834,583,39417,57.04,1.67,58.71,21.2,5471,1159,1489.46,-59.42,-68.69
2020-08,2020,8,73,นครปฐม,Nakhon Pathom,ภาคกลาง,40496,614,41110,63.88,1.76,65.64,21.4,5525,1182,1596.69,-61.59,-68.27
2020-09,2020,9,73,นครปฐม,Nakhon Pathom,ภาคกลาง,33176,496,33672,49.43,1.45,50.88,17.7,5437,962,1511.05,-60.01,-68.68
2020-10,2020,10,73,นครปฐม,Nakhon Pathom,ภาคกลาง,36382,546,36928,54.95,1.52,56.47,19.1,5606,1070,1529.19,-61.77,-69.35
2020-11,2020,11,73,นครปฐม,Nakhon Pathom,ภาคกลาง,44754,669,45423,69.33,1.96,71.29,25.1,5507,1382,1569.47,-64.73,-69.86
2020-12,2020,12,73,นครปฐม,Nakhon Pathom,ภาคกลาง,51548,749,52297,75.53,2.07,77.6,30.4,5496,1670,1483.83,-64.2,-72.62
2021-01,2021,1,73,นครปฐม,Nakhon Pathom,ภาคกลาง,33724,199,33923,48.41,0.54,48.95,20.4,5510,1124,1442.97,-32.55,-35.63
2021-02,2021,2,73,นครปฐม,Nakhon Pathom,ภาคกลาง,33967,208,34175,49.91,0.57,50.47,19.1,5419,1035,1476.81,-33.36,-35.36
2021-03,2021,3,73,นครปฐม,Nakhon Pathom,ภาคกลาง,28641,167,28808,41.35,0.45,41.8,17.3,5429,939,1450.99,-33.35,-37.86
2021-04,2021,4,73,นครปฐม,Nakhon Pathom,ภาคกลาง,31340,190,31530,44.16,0.5,44.66,18.6,5395,1003,1416.43,-37.08,-40.56
2021-05,2021,5,73,นครปฐม,Nakhon Pathom,ภาคกลาง,23719,150,23869,33.01,0.41,33.42,15.0,5557,833,1400.14,-35.84,-39.62
2021-06,2021,6,73,นครปฐม,Nakhon Pathom,ภาคกลาง,23322,141,23463,32.06,0.39,32.45,15.0,5401,810,1383.03,-34.83,-42.17
2021-07,2021,7,73,นครปฐม,Nakhon Pathom,ภาคกลาง,26164,160,26324,38.39,0.43,38.82,15.0,5516,827,1474.7,-33.22,-33.88
2021-08,2021,8,73,นครปฐม,Nakhon Pathom,ภาคกลาง,27839,169,28008,40.54,0.46,41.0,15.0,5586,837,1463.87,-31.87,-37.54
2021-09,2021,9,73,นครปฐม,Nakhon Pathom,ภาคกลาง,21105,129,21234,29.88,0.34,30.22,15.0,5486,822,1423.19,-36.94,-40.61
2021-10,2021,10,73,นครปฐม,Nakhon Pathom,ภาคกลาง,23874,139,24013,33.93,0.37,34.3,15.0,5537,830,1428.39,-34.97,-39.26
2021-11,2021,11,73,นครปฐม,Nakhon Pathom,ภาคกลาง,32763,189,32952,48.56,0.53,49.08,18.3,5495,1005,1489.44,-27.46,-31.15
2021-12,2021,12,73,นครปฐม,Nakhon Pathom,ภาคกลาง,38269,241,38510,53.65,0.67,54.31,21.3,5442,1159,1410.28,-26.36,-30.01
2022-01,2022,1,73,นครปฐม,Nakhon Pathom,ภาคกลาง,84034,2587,86621,142.47,8.42,150.89,45.8,5530,2532,1741.96,155.35,208.25
2022-02,2022,2,73,นครปฐม,Nakhon Pathom,ภาคกลาง,82559,2466,85025,138.35,7.64,145.99,43.5,5507,2395,1717.02,148.79,189.26
2022-03,2022,3,73,นครปฐม,Nakhon Pathom,ภาคกลาง,69603,2061,71664,122.7,6.51,129.2,37.7,5519,2080,1802.86,148.76,209.09
2022-04,2022,4,73,นครปฐม,Nakhon Pathom,ภาคกลาง,71757,2081,73838,119.05,6.38,125.44,42.0,5416,2274,1698.85,134.18,180.88
2022-05,2022,5,73,นครปฐม,Nakhon Pathom,ภาคกลาง,55931,1580,57511,97.63,4.96,102.59,32.0,5417,1733,1783.83,140.94,206.97
2022-06,2022,6,73,นครปฐม,Nakhon Pathom,ภาคกลาง,53444,1530,54974,91.17,4.72,95.9,31.0,5571,1727,1744.46,134.3,195.53
2022-07,2022,7,73,นครปฐม,Nakhon Pathom,ภาคกลาง,62696,1830,64526,108.1,6.05,114.15,33.6,5483,1842,1769.05,145.12,194.05
2022-08,2022,8,73,นครปฐม,Nakhon Pathom,ภาคกลาง,62302,1935,64237,102.18,6.02,108.2,35.7,5587,1994,1684.39,129.35,163.9
2022-09,2022,9,73,นครปฐม,Nakhon Pathom,ภาคกลาง,52886,1573,54459,92.57,5.21,97.78,28.7,5589,1604,1795.48,156.47,223.56
2022-10,2022,10,73,นครปฐม,Nakhon Pathom,ภาคกลาง,57576,1714,59290,97.0,5.56,102.56,31.9,5416,1727,1729.8,146.91,199.01
2022-11,2022,11,73,นครปฐม,Nakhon Pathom,ภาคกลาง,77511,2187,79698,126.64,7.23,133.86,41.4,5542,2294,1679.59,141.86,172.74
2022-12,2022,12,73,นครปฐม,Nakhon Pathom,ภาคกลาง,84502,2518,87020,148.03,8.3,156.32,47.2,5407,2552,1796.37,125.97,187.83
2023-01,2023,1,73,นครปฐม,Nakhon Pathom,ภาคกลาง,118200,6295,124495,224.45,23.45,247.9,60.7,5456,3311,1991.24,43.72,64.29
2023-02,2023,2,73,นครปฐม,Nakhon Pathom,ภาคกลาง,114558,5844,120402,221.59,22.02,243.61,55.8,5432,3031,2023.31,41.61,66.87
2023-03,2023,3,73,นครปฐม,Nakhon Pathom,ภาคกลาง,96608,5224,101832,182.37,18.6,200.97,50.8,5526,2807,1973.54,42.1,55.55
2023-04,2023,4,73,นครปฐม,Nakhon Pathom,ภาคกลาง,110098,5684,115782,218.59,20.77,239.36,54.6,5544,3027,2067.33,56.81,90.82
2023-05,2023,5,73,นครปฐม,Nakhon Pathom,ภาคกลาง,76989,3859,80848,147.75,14.18,161.93,41.8,5482,2291,2002.89,40.58,57.84
2023-06,2023,6,73,นครปฐม,Nakhon Pathom,ภาคกลาง,71708,3785,75493,143.05,13.42,156.47,39.4,5491,2163,2072.64,37.32,63.16
2023-07,2023,7,73,นครปฐม,Nakhon Pathom,ภาคกลาง,86881,4679,91560,172.89,17.3,190.19,43.0,5490,2360,2077.22,41.9,66.61
2023-08,2023,8,73,นครปฐม,Nakhon Pathom,ภาคกลาง,88727,4698,93425,173.0,17.18,190.19,45.9,5395,2476,2035.75,45.44,75.78
2023-09,2023,9,73,นครปฐม,Nakhon Pathom,ภาคกลาง,72403,3873,76276,136.21,13.93,150.14,37.7,5571,2100,1968.38,40.06,53.55
2023-10,2023,10,73,นครปฐม,Nakhon Pathom,ภาคกลาง,75057,3897,78954,149.85,14.61,164.47,40.7,5421,2206,2083.11,33.17,60.36
2023-11,2023,11,73,นครปฐม,Nakhon Pathom,ภาคกลาง,99554,4934,104488,196.88,18.18,215.05,55.0,5531,3042,2058.13,31.1,60.65
2023-12,2023,12,73,นครปฐม,Nakhon Pathom,ภาคกลาง,117472,5930,123402,223.48,21.54,245.02,63.3,5426,3434,1985.54,41.81,56.74
2024-01,2024,1,73,นครปฐม,Nakhon Pathom,ภาคกลาง,139586,9759,149345,284.46,37.28,321.74,64.7,5484,3548,2154.34,19.96,29.79
2024-02,2024,2,73,นครปฐม,Nakhon Pathom,ภาคกลาง,130893,8423,139316,284.46,32.22,316.68,62.6,5419,3392,2273.11,15.71,29.99
2024-03,2024,3,73,นครปฐม,Nakhon Pathom,ภาคกลาง,110153,7651,117804,238.51,30.12,268.63,54.7,5458,2985,2280.31,15.68,33.67
2024-04,2024,4,73,นครปฐม,Nakhon Pathom,ภาคกลาง,120292,7622,127914,248.02,30.83,278.85,59.1,5477,3236,2179.98,10.48,16.5
2024-05,2024,5,73,นครปฐม,Nakhon Pathom,ภาคกลาง,93940,6207,100147,190.45,25.52,215.97,46.8,5553,2598,2156.53,23.87,33.37
2024-06,2024,6,73,นครปฐม,Nakhon Pathom,ภาคกลาง,84751,5845,90596,184.26,23.69,207.95,42.9,5590,2398,2295.36,20.01,32.9
2024-07,2024,7,73,นครปฐม,Nakhon Pathom,ภาคกลาง,106763,6928,113691,227.1,26.88,253.98,48.7,5394,2626,2233.95,24.17,33.54
2024-08,2024,8,73,นครปฐม,Nakhon Pathom,ภาคกลาง,104646,6685,111331,225.92,26.38,252.3,49.7,5487,2727,2266.22,19.17,32.66
2024-09,2024,9,73,นครปฐม,Nakhon Pathom,ภาคกลาง,84219,5820,90039,172.13,23.94,196.07,41.5,5564,2309,2177.61,18.04,30.59
2024-10,2024,10,73,นครปฐม,Nakhon Pathom,ภาคกลาง,90396,6115,96511,184.91,24.99,209.9,44.5,5456,2427,2174.88,22.24,27.62
2024-11,2024,11,73,นครปฐม,Nakhon Pathom,ภาคกลาง,121752,8466,130218,247.49,33.53,281.03,58.3,5517,3216,2158.15,24.62,30.68
2024-12,2024,12,73,นครปฐม,Nakhon Pathom,ภาคกลาง,139175,9125,148300,298.66,35.26,333.92,68.6,5525,3790,2251.65,20.18,36.28
2019-01,2019,1,74,สมุทรสาคร,Samut Sakhon,ภาคกลาง,134834,8819,143653,243.74,30.36,274.09,68.3,5576,3808,1908.0,0.0,0.0
2019-02,2019,2,74,สมุทรสาคร,Samut Sakhon,ภาคกลาง,129697,7881,137578,229.79,27.49,257.28,65.1,5562,3620,1870.07,0.0,0.0
2019-03,2019,3,74,สมุทรสาคร,Samut Sakhon,ภาคกลาง,109733,6989,116722,189.05,23.75,212.81,57.0,5513,3142,1823.22,0.0,0.0
2019-04,2019,4,74,สมุทรสาคร,Samut Sakhon,ภาคกลาง,121697,7923,129620,211.44,26.35,237.79,61.8,5421,3350,1834.52,0.0,0.0
2019-05,2019,5,74,สมุทรสาคร,Samut Sakhon,ภาคกลาง,92856,5763,98619,171.29,18.89,190.18,46.4,5501,2552,1928.43,0.0,0.0
2019-06,2019,6,74,สมุทรสาคร,Samut Sakhon,ภาคกลาง,87185,5274,92459,157.64,17.32,174.96,44.2,5391,2382,1892.3,0.0,0.0
2019-07,2019,7,74,สมุทรสาคร,Samut Sakhon,ภาคกลาง,96672,6454,103126,173.48,22.24,195.72,50.1,5587,2799,1897.87,0.0,0.0
2019-08,2019,8,74,สมุทรสาคร,Samut Sakhon,ภาคกลาง,92849,6094,98943,163.5,20.81,184.31,51.8,5477,2837,1862.79,0.0,0.0
2019-09,2019,9,74,สมุทรสาคร,Samut Sakhon,ภาคกลาง,76914,5162,82076,132.61,17.0,149.6,42.5,5520,2346,1822.7,0.0,0.0
2019-10,2019,10,74,สมุทรสาคร,Samut Sakhon,ภาคกลาง,90433,5490,95923,161.02,18.19,179.21,45.5,5606,2550,1868.27,0.0,0.0
2019-11,2019,11,74,สมุทรสาคร,Samut Sakhon,ภาคกลาง,120063,7875,127938,220.21,25.5,245.71,60.3,5465,3295,1920.54,0.0,0.0
2019-12,2019,12,74,สมุทรสาคร,Samut Sakhon,ภาคกลาง,132322,8408,140730,230.64,28.84,259.48,72.2,5394,3894,1843.81,0.0,0.0
2020-01,2020,1,74,สมุทรสาคร,Samut Sakhon,ภาคกลาง,51831,789,52620,78.28,2.19,80.47,28.1,5504,1546,1529.27,-63.37,-70.64
2020-02,2020,2,74,สมุทรสาคร,Samut Sakhon,ภาคกลาง,47097,695,47792,73.21,1.95,75.15,26.4,5432,1434,1572.44,-65.26,-70.79
2020-03,2020,3,74,สมุทรสาคร,Samut Sakhon,ภาคกลาง,44913,651,45564,68.21,1.91,70.13,23.7,5499,1303,1539.15,-60.96,-67.05
2020-04,2020,4,74,สมุทรสาคร,Samut Sakhon,ภาคกลาง,47910,717,48627,70.49,2.01,72.5,26.1,5518,1440,1490.94,-62.48,-69.51
2020-05,2020,5,74,สมุทรสาคร,Samut Sakhon,ภาคกลาง,37473,582,38055,56.63,1.67,58.3,20.4,5600,1142,1531.99,-61.41,-69.34
2020-06,2020,6,74,สมุทรสาคร,Samut Sakhon,ภาคกลาง,32626,474,33100,49.99,1.36,51.35,18.6,5569,1035,1551.36,-64.2,-70.65
2020-07,2020,7,74,สมุทรสาคร,Samut Sakhon,ภาคกลาง,38541,600,39141,60.28,1.67,61.95,21.0,5484,1151,1582.74,-62.05,-68.35
2020-08,2020,8,74,สมุทรสาคร,Samut Sakhon,ภาคกลาง,38488,579,39067,60.44,1.68,62.12,21.6,5559,1200,1590.09,-60.52,-66.3
2020-09,2020,9,74,สมุทรสาคร,Samut Sakhon,ภาคกลาง,32030,478,32508,50.41,1.34,51.75,17.3,5563,962,1591.92,-60.39,-65.41
2020-10,2020,10,74,สมุทรสาคร,Samut Sakhon,ภาคกลาง,33689,517,34206,51.27,1.49,52.76,19.7,5415,1066,1542.42,-64.34,-70.56
2020-11,2020,11,74,สมุทรสาคร,Samut Sakhon,ภาคกลาง,43708,645,44353,64.12,1.84,65.96,25.9,5547,1436,1487.16,-65.33,-73.16
2020-12,2020,12,74,สมุทรสาคร,Samut Sakhon,ภาคกลาง,53330,805,54135,83.57,2.38,85.95,30.3,5584,1691,1587.7,-61.53,-66.88
2021-01,2021,1,74,สมุทรสาคร,Samut Sakhon,ภาคกลาง,34573,203,34776,50.75,0.53,51.28,20.4,5431,1107,1474.58,-33.91,-36.27
2021-02,2021,2,74,สมุทรสาคร,Samut Sakhon,ภาคกลาง,32695,200,32895,46.8,0.54,47.35,19.3,5530,1067,1439.43,-31.17,-36.99
2021-03,2021,3,74,สมุทรสาคร,Samut Sakhon,ภาคกลาง,31492,192,31684,45.11,0.53,45.65,16.9,5604,947,1440.79,-30.46,-34.91
2021-04,2021,4,74,สมุทรสาคร,Samut Sakhon,ภาคกลาง,31088,191,31279,45.69,0.51,46.2,18.8,5391,1013,1477.03,-35.68,-36.28
2021-05,2021,5,74,สมุทรสาคร,Samut Sakhon,ภาคกลาง,24799,155,24954,34.79,0.4,35.19,15.0,5436,815,1410.19,-34.43,-39.64
2021-06,2021,6,74,สมุทรสาคร,Samut Sakhon,ภาคกลาง,22021,131,22152,32.17,0.34,32.51,15.0,5396,809,1467.59,-33.08,-36.69
2021-07,2021,7,74,สมุทรสาคร,Samut Sakhon,ภาคกลาง,24969,153,25122,34.35,0.42,34.77,15.1,5481,827,1384.05,-35.82,-43.87
2021-08,2021,8,74,สมุทรสาคร,Samut Sakhon,ภาคกลาง,26122,158,26280,36.31,0.43,36.74,15.8,5497,868,1398.02,-32.73,-40.86
2021-09,2021,9,74,สมุทรสาคร,Samut Sakhon,ภาคกลาง,21513,127,21640,31.85,0.34,32.19,15.0,5490,823,1487.52,-33.43,-37.8
2021-10,2021,10,74,สมุทรสาคร,Samut Sakhon,ภาคกลาง,25014,144,25158,35.47,0.38,35.85,15.0,5441,816,1424.99,-26.45,-32.05
2021-11,2021,11,74,สมุทรสาคร,Samut Sakhon,ภาคกลาง,32765,194,32959,48.35,0.52,48.87,18.6,5593,1040,1482.75,-25.69,-25.91
2021-12,2021,12,74,สมุทรสาคร,Samut Sakhon,ภาคกลาง,35299,206,35505,51.29,0.53,51.83,21.3,5458,1162,1459.79,-34.41,-39.7
2022-01,2022,1,74,สมุทรสาคร,Samut Sakhon,ภาคกลาง,82365,2431,84796,136.03,7.46,143.49,45.9,5570,2556,1692.18,143.83,179.82
2022-02,2022,2,74,สมุทรสาคร,Samut Sakhon,ภาคกลาง,73703,2287,75990,120.14,7.17,127.31,42.2,5517,2328,1675.35,131.01,168.87
2022-03,2022,3,74,สมุทรสาคร,Samut Sakhon,ภาคกลาง,70973,2198,73171,121.74,7.17,128.91,37.7,5472,2062,1761.76,130.94,182.39
2022-04,2022,4,74,สมุทรสาคร,Samut Sakhon,ภาคกลาง,72469,2236,74705,127.16,7.19,134.35,41.8,5538,2314,1798.41,138.83,190.8
2022-05,2022,5,74,สมุทรสาคร,Samut Sakhon,ภาคกลาง,59219,1846,61065,98.65,5.77,104.42,33.2,5429,1802,1709.98,144.71,196.73
2022-06,2022,6,74,สมุทรสาคร,Samut Sakhon,ภาคกลาง,53889,1604,55493,88.92,5.03,93.95,30.1,5491,1652,1693.01,150.51,188.99
2022-07,2022,7,74,สมุทรสาคร,Samut Sakhon,ภาคกลาง,63984,1912,65896,107.78,6.2,113.98,33.2,5549,1842,1729.7,162.3,227.81
2022-08,2022,8,74,สมุทรสาคร,Samut Sakhon,ภาคกลาง,65729,1951,67680,112.02,6.31,118.33,34.0,5521,1877,1748.37,157.53,222.07
2022-09,2022,9,74,สมุทรสาคร,Samut Sakhon,ภาคกลาง,51112,1473,52585,87.8,4.6,92.4,28.6,5534,1582,1757.16,143.0,187.05
2022-10,2022,10,74,สมุทรสาคร,Samut Sakhon,ภาคกลาง,55306,1696,57002,94.08,5.59,99.67,30.7,5593,1717,1748.54,126.58,178.02
2022-11,2022,11,74,สมุทรสาคร,Samut Sakhon,ภาคกลาง,70783,2001,72784,118.92,6.53,125.46,40.2,5557,2233,1723.73,120.83,156.72
2022-12,2022,12,74,สมุทรสาคร,Samut Sakhon,ภาคกลาง,84819,2451,87270,142.55,7.57,150.12,48.7,5517,2686,1720.18,145.8,189.64
2023-01,2023,1,74,สมุทรสาคร,Samut Sakhon,ภาคกลาง,118369,6101,124470,226.66,22.31,248.97,58.9,5429,3197,2000.24,46.79,73.51
2023-02,2023,2,74,สมุทรสาคร,Samut Sakhon,ภาคกลาง,103960,5352,109312,199.53,18.68,218.21,58.4,5537,3233,1996.21,43.85,71.4
2023-03,2023,3,74,สมุทรสาคร,Samut Sakhon,ภาคกลาง,91330,4779,96109,179.55,17.17,196.72,51.4,5511,2832,2046.84,31.35,52.6
2023-04,2023,4,74,สมุทรสาคร,Samut Sakhon,ภาคกลาง,110607,5544,116151,221.41,19.89,241.3,56.9,5439,3094,2077.47,55.48,79.61
2023-05,2023,5,74,สมุทรสาคร,Samut Sakhon,ภาคกลาง,80289,4334,84623,152.05,15.23,167.28,42.4,5543,2350,1976.77,38.58,60.2
2023-06,2023,6,74,สมุทรสาคร,Samut Sakhon,ภาคกลาง,74801,3949,78750,139.92,14.28,154.19,40.3,5484,2210,1957.97,41.91,64.12
2023-07,2023,7,74,สมุทรสาคร,Samut Sakhon,ภาคกลาง,87146,4548,91694,165.86,16.07,181.93,43.7,5447,2380,1984.1,39.15,59.62
2023-08,2023,8,74,สมุทรสาคร,Samut Sakhon,ภาคกลาง,92901,4572,97473,173.44,16.45,189.89,44.6,5564,2481,1948.13,44.02,60.47
2023-09,2023,9,74,สมุทรสาคร,Samut Sakhon,ภาคกลาง,67869,3547,71416,131.91,13.02,144.93,37.8,5528,2089,2029.38,35.81,56.85
2023-10,2023,10,74,สมุทรสาคร,Samut Sakhon,ภาคกลาง,81476,4013,85489,160.79,14.55,175.34,41.5,5431,2253,2051.02,49.98,75.92
2023-11,2023,11,74,สมุทรสาคร,Samut Sakhon,ภาคกลาง,107093,5658,112751,210.78,19.85,230.64,52.8,5442,2873,2045.57,54.91,83.84
2023-12,2023,12,74,สมุทรสาคร,Samut Sakhon,ภาคกลาง,119228,5891,125119,224.31,22.04,246.35,64.4,5466,3520,1968.93,43.37,64.1
2024-01,2024,1,74,สมุทรสาคร,Samut Sakhon,ภาคกลาง,132952,9138,142090,279.69,36.15,315.84,67.0,5469,3664,2222.82,14.16,26.86
2024-02,2024,2,74,สมุทรสาคร,Samut Sakhon,ภาคกลาง,122398,7816,130214,261.28,30.92,292.2,63.0,5421,3415,2244.0,19.12,33.91
2024-03,2024,3,74,สมุทรสาคร,Samut Sakhon,ภาคกลาง,108894,7060,115954,237.55,27.97,265.52,55.2,5530,3052,2289.87,20.65,34.97
2024-04,2024,4,74,สมุทรสาคร,Samut Sakhon,ภาคกลาง,125737,8073,133810,258.25,30.84,289.09,61.5,5408,3325,2160.45,15.2,19.81
2024-05,2024,5,74,สมุทรสาคร,Samut Sakhon,ภาคกลาง,99075,6745,105820,201.32,27.23,228.55,46.7,5562,2597,2159.8,25.05,36.63
2024-06,2024,6,74,สมุทรสาคร,Samut Sakhon,ภาคกลาง,88519,5975,94494,185.37,23.55,208.91,43.5,5468,2378,2210.83,19.99,35.49
2024-07,2024,7,74,สมุทรสาคร,Samut Sakhon,ภาคกลาง,95908,6595,102503,196.29,26.11,222.4,48.6,5445,2646,2169.69,11.79,22.24
2024-08,2024,8,74,สมุทรสาคร,Samut Sakhon,ภาคกลาง,103531,7157,110688,211.09,28.73,239.82,51.4,5573,2864,2166.63,13.56,26.29
2024-09,2024,9,74,สมุทรสาคร,Samut Sakhon,ภาคกลาง,85665,5646,91311,177.12,22.66,199.78,40.9,5608,2293,2187.91,27.86,37.85
2024-10,2024,10,74,สมุทรสาคร,Samut Sakhon,ภาคกลาง,90436,5769,96205,186.12,23.2,209.32,46.0,5579,2566,2175.77,12.53,19.38
2024-11,2024,11,74,สมุทรสาคร,Samut Sakhon,ภาคกลาง,116447,7686,124133,251.46,30.06,281.51,57.9,5540,3207,2267.81,10.09,22.06
2024-12,2024,12,74,สมุทรสาคร,Samut Sakhon,ภาคกลาง,140345,9496,149841,293.8,37.77,331.57,70.6,5481,3869,2212.81,19.76,34.59
2019-01,2019,1,75,สมุทรสงคราม,Samut Songkhram,ภาคกลาง,125376,7993,133369,232.53,26.26,258.78,69.3,5398,3740,1940.33,0.0,0.0
2019-02,2019,2,75,สมุทรสงคราม,Samut Songkhram,ภาคกลาง,122806,8037,130843,217.53,27.82,245.35,63.1,5536,3493,1875.15,0.0,0.0
2019-03,2019,3,75,สมุทรสงคราม,Samut Songkhram,ภาคกลาง,109288,7052,116340,199.84,24.03,223.87,55.9,5571,3114,1924.27,0.0,0.0
2019-04,2019,4,75,สมุทรสงคราม,Samut Songkhram,ภาคกลาง,124599,7822,132421,213.97,25.56,239.52,62.6,5530,3461,1808.78,0.0,0.0
2019-05,2019,5,75,สมุทรสงคราม,Samut Songkhram,ภาคกลาง,88203,5354,93557,153.35,17.32,170.67,48.6,5452,2649,1824.24,0.0,0.0
2019-06,2019,6,75,สมุทรสงคราม,Samut Songkhram,ภาคกลาง,87733,5762,93495,151.17,19.44,170.61,45.0,5518,2483,1824.8,0.0,0.0
2019-07,2019,7,75,สมุทรสงคราม,Samut Songkhram,ภาคกลาง,94085,5894,99979,172.33,19.03,191.36,50.6,5412,2738,1914.0,0.0,0.0
2019-08,2019,8,75,สมุทรสงคราม,Samut Songkhram,ภาคกลาง,101280,6433,107713,187.07,21.46,208.54,50.5,5416,2735,1936.07,0.0,0.0
2019-09,2019,9,75,สมุทรสงคราม,Samut Songkhram,ภาคกลาง,79871,5055,84926,139.1,17.37,156.47,42.9,5532,2373,1842.43,0.0,0.0
2019-10,2019,10,75,สมุทรสงคราม,Samut Songkhram,ภาคกลาง,86022,5275,91297,156.85,17.3,174.16,46.2,5514,2547,1907.62,0.0,0.0
2019-11,2019,11,75,สมุทรสงคราม,Samut Songkhram,ภาคกลาง,116758,7129,123887,209.79,24.45,234.23,59.3,5431,3220,1890.67,0.0,0.0
2019-12,2019,12,75,สมุทรสงคราม,Samut Songkhram,ภาคกลาง,134922,8865,143787,242.06,29.4,271.47,70.0,5553,3887,1888.0,0.0,0.0
2020-01,2020,1,75,สมุทรสงคราม,Samut Songkhram,ภาคกลาง,52035,752,52787,80.3,2.19,82.49,28.1,5401,1517,1562.7,-60.42,-68.12
2020-02,2020,2,75,สมุทรสงคราม,Samut Songkhram,ภาคกลาง,48582,767,49349,71.23,2.15,73.37,26.5,5554,1471,1486.76,-62.28,-70.1
2020-03,2020,3,75,สมุทรสงคราม,Samut Songkhram,ภาคกลาง,44133,638,44771,66.68,1.88,68.55,23.6,5420,1279,1531.13,-61.52,-69.38
2020-04,2020,4,75,สมุทรสงคราม,Samut Songkhram,ภาคกลาง,46551,707,47258,71.43,2.0,73.42,26.7,5426,1448,1553.6,-64.31,-69.35
2020-05,2020,5,75,สมุทรสงคราม,Samut Songkhram,ภาคกลาง,36204,575,36779,55.1,1.65,56.75,19.9,5436,1081,1543.0,-60.69,-66.75
2020-06,2020,6,75,สมุทรสงคราม,Samut Songkhram,ภาคกลาง,35218,542,35760,54.27,1.49,55.76,18.5,5514,1020,1559.28,-61.75,-67.32
2020-07,2020,7,75,สมุทรสงคราม,Samut Songkhram,ภาคกลาง,36411,579,36990,53.95,1.69,55.64,20.7,5568,1152,1504.19,-63.0,-70.92
2020-08,2020,8,75,สมุทรสงคราม,Samut Songkhram,ภาคกลาง,37203,549,37752,54.28,1.57,55.85,21.2,5503,1166,1479.39,-64.95,-73.22
2020-09,2020,9,75,สมุทรสงคราม,Samut Songkhram,ภาคกลาง,34006,492,34498,50.58,1.43,52.0,17.2,5478,942,1507.33,-59.38,-66.77
2020-10,2020,10,75,สมุทรสงคราม,Samut Songkhram,ภาคกลาง,35654,531,36185,55.23,1.57,56.8,20.1,5398,1084,1569.71,-60.37,-67.39
2020-11,2020,11,75,สมุทรสงคราม,Samut Songkhram,ภาคกลาง,48555,753,49308,73.99,2.23,76.22,25.6,5604,1434,1545.79,-60.2,-67.46
2020-12,2020,12,75,สมุทรสงคราม,Samut Songkhram,ภาคกลาง,53181,800,53981,81.49,2.31,83.79,29.9,5478,1637,1552.21,-62.46,-69.13
2021-01,2021,1,75,สมุทรสงคราม,Samut Songkhram,ภาคกลาง,34152,213,34365,49.39,0.58,49.97,20.1,5447,1094,1454.1,-34.9,-39.42
2021-02,2021,2,75,สมุทรสงคราม,Samut Songkhram,ภาคกลาง,35079,213,35292,49.09,0.59,49.67,19.3,5588,1078,1407.4,-28.48,-32.3
2021-03,2021,3,75,สมุทรสงคราม,Samut Songkhram,ภาคกลาง,30137,188,30325,43.64,0.52,44.16,17.1,5390,921,1456.22,-32.27,-35.58
2021-04,2021,4,75,สมุทรสงคราม,Samut Songkhram,ภาคกลาง,33159,191,33350,49.21,0.52,49.74,18.7,5540,1035,1491.45,-29.43,-32.25
2021-05,2021,5,75,สมุทรสงคราม,Samut Songkhram,ภาคกลาง,24226,152,24378,34.39,0.39,34.79,15.0,5587,838,1427.11,-33.72,-38.7
2021-06,2021,6,75,สมุทรสงคราม,Samut Songkhram,ภาคกลาง,22024,134,22158,31.29,0.37,31.66,15.0,5565,834,1428.83,-38.04,-43.22
2021-07,2021,7,75,สมุทรสงคราม,Samut Songkhram,ภาคกลาง,24976,149,25125,35.42,0.39,35.82,15.0,5552,832,1425.67,-32.08,-35.62
2021-08,2021,8,75,สมุทรสงคราม,Samut Songkhram,ภาคกลาง,25566,161,25727,37.09,0.44,37.53,15.4,5573,858,1458.78,-31.85,-32.8
2021-09,2021,9,75,สมุทรสงคราม,Samut Songkhram,ภาคกลาง,21371,133,21504,29.81,0.35,30.16,15.0,5583,837,1402.53,-37.67,-42.0
2021-10,2021,10,75,สมุทรสงคราม,Samut Songkhram,ภาคกลาง,23126,146,23272,31.93,0.4,32.33,15.0,5548,832,1389.22,-35.69,-43.08
2021-11,2021,11,75,สมุทรสงคราม,Samut Songkhram,ภาคกลาง,30937,181,31118,43.97,0.48,44.45,17.9,5472,979,1428.43,-36.89,-41.68
2021-12,2021,12,75,สมุทรสงคราม,Samut Songkhram,ภาคกลาง,38696,241,38937,55.89,0.67,56.56,21.3,5457,1162,1452.6,-27.87,-32.5
2022-01,2022,1,75,สมุทรสงคราม,Samut Songkhram,ภาคกลาง,80591,2395,82986,132.34,7.55,139.89,47.2,5578,2632,1685.71,141.48,179.95
2022-02,2022,2,75,สมุทรสงคราม,Samut Songkhram,ภาคกลาง,74863,2115,76978,128.2,6.69,134.88,42.3,5458,2308,1752.19,118.12,171.55
2022-03,2022,3,75,สมุทรสงคราม,Samut Songkhram,ภาคกลาง,66458,2048,68506,115.02,6.67,121.69,38.9,5501,2139,1776.34,125.91,175.57
2022-04,2022,4,75,สมุทรสงคราม,Samut Songkhram,ภาคกลาง,73446,2204,75650,119.58,6.83,126.41,43.3,5512,2386,1670.98,126.84,154.14
2022-05,2022,5,75,สมุทรสงคราม,Samut Songkhram,ภาคกลาง,58411,1685,60096,102.87,5.56,108.43,32.9,5459,1796,1804.28,146.52,211.67
2022-06,2022,6,75,สมุทรสงคราม,Samut Songkhram,ภาคกลาง,54384,1687,56071,93.0,5.43,98.43,29.4,5609,1649,1755.45,153.05,210.9
2022-07,2022,7,75,สมุทรสงคราม,Samut Songkhram,ภาคกลาง,61725,1830,63555,102.23,5.9,108.13,34.4,5598,1925,1701.36,152.96,201.87
2022-08,2022,8,75,สมุทรสงคราม,Samut Songkhram,ภาคกลาง,59282,1726,61008,98.95,5.7,104.65,35.8,5445,1949,1715.35,137.14,178.84
2022-09,2022,9,75,สมุทรสงคราม,Samut Songkhram,ภาคกลาง,52892,1491,54383,89.93,4.59,94.52,28.1,5529,1553,1738.04,152.9,213.4
2022-10,2022,10,75,สมุทรสงคราม,Samut Songkhram,ภาคกลาง,58359,1715,60074,98.41,5.52,103.92,31.5,5585,1759,1729.87,158.14,221.44
2022-11,2022,11,75,สมุทรสงคราม,Samut Songkhram,ภาคกลาง,77272,2312,79584,125.95,7.18,133.13,41.6,5511,2292,1672.82,155.75,199.51
2022-12,2022,12,75,สมุทรสงคราม,Samut Songkhram,ภาคกลาง,87929,2564,90493,153.0,8.32,161.32,48.0,5408,2595,1782.68,132.41,185.22
2023-01,2023,1,75,สมุทรสงคราม,Samut Songkhram,ภาคกลาง,109148,5718,114866,202.35,21.33,223.68,58.5,5490,3211,1947.31,38.42,59.9
2023-02,2023,2,75,สมุทรสงคราม,Samut Songkhram,ภาคกลาง,112210,5574,117784,212.62,20.18,232.8,58.1,5429,3154,1976.5,53.01,72.6
2023-03,2023,3,75,สมุทรสงคราม,Samut Songkhram,ภาคกลาง,90797,4765,95562,171.52,17.64,189.16,50.4,5602,2823,1979.45,39.49,55.44
2023-04,2023,4,75,สมุทรสงคราม,Samut Songkhram,ภาคกลาง,100455,5073,105528,192.74,18.26,211.0,55.7,5587,3111,1999.47,39.5,66.92
2023-05,2023,5,75,สมุทรสงคราม,Samut Songkhram,ภาคกลาง,82075,4444,86519,158.95,16.51,175.45,41.6,5489,2283,2027.88,43.97,61.81
2023-06,2023,6,75,สมุทรสงคราม,Samut Songkhram,ภาคกลาง,71602,3716,75318,135.56,13.64,149.2,40.1,5537,2220,1980.93,34.33,51.58
2023-07,2023,7,75,สมุทรสงคราม,Samut Songkhram,ภาคกลาง,83074,4305,87379,163.25,16.07,179.32,45.1,5584,2518,2052.21,37.49,65.84
2023-08,2023,8,75,สมุทรสงคราม,Samut Songkhram,ภาคกลาง,86523,4619,91142,163.55,16.46,180.01,45.0,5525,2486,1975.05,49.39,72.01
2023-09,2023,9,75,สมุทรสงคราม,Samut Songkhram,ภาคกลาง,68700,3455,72155,127.33,12.66,139.99,37.8,5536,2092,1940.13,32.68,48.11
2023-10,2023,10,75,สมุทรสงคราม,Samut Songkhram,ภาคกลาง,78857,4261,83118,154.71,15.61,170.32,40.9,5431,2221,2049.13,38.36,63.9
2023-11,2023,11,75,สมุทรสงคราม,Samut Songkhram,ภาคกลาง,101877,5168,107045,191.2,18.49,209.69,53.2,5394,2869,1958.9,34.51,57.51
2023-12,2023,12,75,สมุทรสงคราม,Samut Songkhram,ภาคกลาง,121247,6136,127383,240.18,22.62,262.8,62.6,5443,3407,2063.07,40.77,62.91
2024-01,2024,1,75,สมุทรสงคราม,Samut Songkhram,ภาคกลาง,134018,9164,143182,271.32,37.15,308.46,64.7,5436,3517,2154.32,24.65,37.9
2024-02,2024,2,75,สมุทรสงคราม,Samut Songkhram,ภาคกลาง,131152,8639,139791,282.91,34.16,317.06,61.8,5422,3350,2268.1,18.68,36.19
2024-03,2024,3,75,สมุทรสงคราม,Samut Songkhram,ภาคกลาง,114137,7230,121367,232.06,28.67,260.73,56.8,5555,3155,2148.28,27.0,37.84
2024-04,2024,4,75,สมุทรสงคราม,Samut Songkhram,ภาคกลาง,126851,8124,134975,264.9,31.43,296.33,59.4,5428,3224,2195.44,27.9,40.44
2024-05,2024,5,75,สมุทรสงคราม,Samut Songkhram,ภาคกลาง,91816,5793,97609,196.68,23.55,220.22,46.3,5596,2590,2256.14,12.82,25.52
2024-06,2024,6,75,สมุทรสงคราม,Samut Songkhram,ภาคกลาง,92712,6258,98970,191.08,25.19,216.27,44.6,5535,2468,2185.21,31.4,44.95
2024-07,2024,7,75,สมุทรสงคราม,Samut Songkhram,ภาคกลาง,96946,6767,103713,196.79,26.53,223.32,50.1,5564,2787,2153.25,18.69,24.54
2024-08,2024,8,75,สมุทรสงคราม,Samut Songkhram,ภาคกลาง,107043,7098,114141,225.08,28.72,253.8,51.0,5583,2847,2223.57,25.23,40.99
2024-09,2024,9,75,สมุทรสงคราม,Samut Songkhram,ภาคกลาง,86454,5983,92437,184.32,24.31,208.62,42.1,5453,2295,2256.89,28.11,49.02
2024-10,2024,10,75,สมุทรสงคราม,Samut Songkhram,ภาคกลาง,95977,6128,102105,200.44,24.44,224.88,45.1,5460,2462,2202.44,22.84,32.03
2024-11,2024,11,75,สมุทรสงคราม,Samut Songkhram,ภาคกลาง,121000,8128,129128,257.1,31.47,288.57,59.9,5405,3237,2234.76,20.63,37.62
2024-12,2024,12,75,สมุทรสงคราม,Samut Songkhram,ภาคกลาง,149644,10203,159847,324.7,40.58,365.29,71.2,5507,3920,2285.25,25.49,39.0
2019-01,2019,1,76,เพชรบุรี,Phetchaburi,ภาคตะวันตก,130661,8768,139429,228.75,29.77,258.52,68.0,5508,3745,1854.13,0.0,0.0
2019-02,2019,2,76,เพชรบุรี,Phetchaburi,ภาคตะวันตก,124192,8176,132368,216.98,28.41,245.39,63.3,5423,3432,1853.85,0.0,0.0
2019-03,2019,3,76,เพชรบุรี,Phetchaburi,ภาคตะวันตก,105599,6950,112549,190.52,23.5,214.02,57.7,5477,3160,1901.57,0.0,0.0
2019-04,2019,4,76,เพชรบุรี,Phetchaburi,ภาคตะวันตก,119385,7457,126842,213.11,24.21,237.32,63.2,5545,3504,1870.99,0.0,0.0
2019-05,2019,5,76,เพชรบุรี,Phetchaburi,ภาคตะวันตก,86122,5663,91785,152.9,18.7,171.6,48.0,5463,2622,1869.59,0.0,0.0
2019-06,2019,6,76,เพชรบุรี,Phetchaburi,ภาคตะวันตก,81227,5224,86451,149.88,17.24,167.12,44.5,5520,2456,1933.12,0.0,0.0
2019-07,2019,7,76,เพชรบุรี,Phetchaburi,ภาคตะวันตก,90442,5707,96149,155.2,18.56,173.76,50.2,5522,2772,1807.2,0.0,0.0
2019-08,2019,8,76,เพชรบุรี,Phetchaburi,ภาคตะวันตก,103878,6760,110638,180.12,23.53,203.65,50.9,5512,2805,1840.69,0.0,0.0
2019-09,2019,9,76,เพชรบุรี,Phetchaburi,ภาคตะวันตก,79435,4881,84316,145.36,16.53,161.88,41.8,5419,2265,1919.92,0.0,0.0
2019-10,2019,10,76,เพชรบุรี,Phetchaburi,ภาคตะวันตก,88273,5640,93913,155.25,18.58,173.84,45.3,5456,2471,1851.07,0.0,0.0
2019-11,2019,11,76,เพชรบุรี,Phetchaburi,ภาคตะวันตก,112428,7300,119728,207.36,25.44,232.8,60.5,5564,3366,1944.41,0.0,0.0
2019-12,2019,12,76,เพชรบุรี,Phetchaburi,ภาคตะวันตก,134238,8130,142368,240.57,27.1,267.67,71.8,5535,3974,1880.13,0.0,0.0
2020-01,2020,1,76,เพชรบุรี,Phetchaburi,ภาคตะวันตก,53678,810,54488,81.04,2.24,83.27,27.9,5454,1521,1528.23,-60.92,-67.79
2020-02,2020,2,76,เพชรบุรี,Phetchaburi,ภาคตะวันตก,51430,804,52234,78.04,2.24,80.28,26.3,5480,1441,1536.93,-60.54,-67.28
2020-03,2020,3,76,เพชรบุรี,Phetchaburi,ภาคตะวันตก,40960,593,41553,61.31,1.69,63.0,23.7,5447,1290,1516.14,-63.08,-70.56
2020-04,2020,4,76,เพชรบุรี,Phetchaburi,ภาคตะวันตก,49110,784,49894,71.81,2.22,74.03,26.6,5522,1468,1483.75,-60.66,-68.81
2020-05,2020,5,76,เพชรบุรี,Phetchaburi,ภาคตะวันตก,36890,583,37473,56.16,1.66,57.82,20.5,5587,1145,1542.98,-59.17,-66.31
2020-06,2020,6,76,เพชรบุรี,Phetchaburi,ภาคตะวันตก,33839,509,34348,49.76,1.46,51.22,19.2,5483,1052,1491.21,-60.27,-69.35
2020-07,2020,7,76,เพชรบุรี,Phetchaburi,ภาคตะวันตก,35649,525,36174,53.5,1.45,54.95,20.9,5399,1128,1519.05,-62.38,-68.38
2020-08,2020,8,76,เพชรบุรี,Phetchaburi,ภาคตะวันตก,39172,592,39764,60.25,1.69,61.95,21.4,5445,1165,1557.94,-64.06,-69.58
2020-09,2020,9,76,เพชรบุรี,Phetchaburi,ภาคตะวันตก,33233,520,33753,49.57,1.45,51.02,18.2,5571,1013,1511.57,-59.97,-68.48
2020-10,2020,10,76,เพชรบุรี,Phetchaburi,ภาคตะวันตก,35783,532,36315,53.44,1.57,55.01,19.4,5509,1068,1514.8,-61.33,-68.36
2020-11,2020,11,76,เพชรบุรี,Phetchaburi,ภาคตะวันตก,44254,678,44932,65.42,1.91,67.32,25.9,5478,1418,1498.26,-62.47,-71.08
2020-12,2020,12,76,เพชรบุรี,Phetchaburi,ภาคตะวันตก,52557,798,53355,79.07,2.21,81.28,29.4,5469,1607,1523.38,-62.52,-69.63
2021-01,2021,1,76,เพชรบุรี,Phetchaburi,ภาคตะวันตก,35671,222,35893,50.58,0.62,51.2,20.6,5411,1114,1426.46,-34.13,-38.51
2021-02,2021,2,76,เพชรบุรี,Phetchaburi,ภาคตะวันตก,33797,195,33992,49.83,0.54,50.38,19.3,5593,1079,1482.11,-34.92,-37.24
2021-03,2021,3,76,เพชรบุรี,Phetchaburi,ภาคตะวันตก,28464,166,28630,41.78,0.45,42.23,16.7,5595,934,1475.03,-31.1,-32.97
2021-04,2021,4,76,เพชรบุรี,Phetchaburi,ภาคตะวันตก,33255,203,33458,48.03,0.56,48.59,18.7,5539,1035,1452.27,-32.94,-34.36
2021-05,2021,5,76,เพชรบุรี,Phetchaburi,ภาคตะวันตก,25209,148,25357,34.88,0.41,35.28,15.0,5522,828,1391.33,-32.33,-38.98
2021-06,2021,6,76,เพชรบุรี,Phetchaburi,ภาคตะวันตก,24071,144,24215,35.59,0.38,35.96,15.0,5577,836,1485.03,-29.5,-29.79
2021-07,2021,7,76,เพชรบุรี,Phetchaburi,ภาคตะวันตก,26604,167,26771,39.26,0.43,39.7,15.0,5567,835,1482.95,-25.99,-27.75
2021-08,2021,8,76,เพชรบุรี,Phetchaburi,ภาคตะวันตก,27179,162,27341,39.77,0.43,40.21,15.3,5395,825,1470.69,-31.24,-35.09
2021-09,2021,9,76,เพชรบุรี,Phetchaburi,ภาคตะวันตก,21242,132,21374,30.3,0.36,30.66,15.0,5403,810,1434.45,-36.68,-39.91
2021-10,2021,10,76,เพชรบุรี,Phetchaburi,ภาคตะวันตก,25817,157,25974,36.41,0.43,36.84,15.0,5446,816,1418.34,-28.48,-33.03
2021-11,2021,11,76,เพชรบุรี,Phetchaburi,ภาคตะวันตก,30802,181,30983,45.08,0.49,45.57,18.4,5520,1015,1470.81,-31.04,-32.31
2021-12,2021,12,76,เพชรบุรี,Phetchaburi,ภาคตะวันตก,38567,237,38804,54.0,0.65,54.65,21.3,5535,1178,1408.36,-27.27,-32.76
2022-01,2022,1,76,เพชรบุรี,Phetchaburi,ภาคตะวันตก,80536,2320,82856,136.12,7.68,143.79,45.1,5545,2500,1735.42,130.84,180.84
2022-02,2022,2,76,เพชรบุรี,Phetchaburi,ภาคตะวันตก,78546,2398,80944,133.35,7.75,141.1,42.3,5531,2339,1743.18,138.13,180.07
2022-03,2022,3,76,เพชรบุรี,Phetchaburi,ภาคตะวันตก,65709,1867,67576,111.46,5.83,117.28,39.4,5579,2198,1735.53,136.03,177.72
2022-04,2022,4,76,เพชรบุรี,Phetchaburi,ภาคตะวันตก,73300,2213,75513,129.13,7.18,136.31,42.3,5449,2304,1805.12,125.69,180.53
2022-05,2022,5,76,เพชรบุรี,Phetchaburi,ภาคตะวันตก,56872,1683,58555,94.45,5.45,99.91,32.4,5540,1794,1706.26,130.92,183.19
2022-06,2022,6,76,เพชรบุรี,Phetchaburi,ภาคตะวันตก,54277,1642,55919,92.69,5.27,97.96,29.8,5491,1636,1751.82,130.93,172.41
2022-07,2022,7,76,เพชรบุรี,Phetchaburi,ภาคตะวันตก,64151,1923,66074,110.29,6.28,116.56,33.8,5548,1875,1764.08,146.81,193.6
2022-08,2022,8,76,เพชรบุรี,Phetchaburi,ภาคตะวันตก,63042,1812,64854,104.69,5.91,110.6,35.3,5517,1947,1705.37,137.2,175.06
2022-09,2022,9,76,เพชรบุรี,Phetchaburi,ภาคตะวันตก,49618,1532,51150,81.65,4.82,86.47,29.2,5390,1573,1690.52,139.31,182.03
2022-10,2022,10,76,เพชรบุรี,Phetchaburi,ภาคตะวันตก,54071,1591,55662,92.65,4.97,97.62,32.2,5602,1803,1753.8,114.3,164.98
2022-11,2022,11,76,เพชรบุรี,Phetchaburi,ภาคตะวันตก,75557,2146,77703,123.52,6.59,130.11,41.4,5525,2287,1674.45,150.79,185.52
2022-12,2022,12,76,เพชรบุรี,Phetchaburi,ภาคตะวันตก,92568,2823,95391,151.68,9.09,160.78,49.1,5545,2722,1685.48,145.83,194.2
2023-01,2023,1,76,เพชรบุรี,Phetchaburi,ภาคตะวันตก,113249,5695,118944,219.71,20.36,240.07,59.6,5513,3285,2018.34,43.56,66.96
2023-02,2023,2,76,เพชรบุรี,Phetchaburi,ภาคตะวันตก,106285,5338,111623,205.16,19.2,224.36,56.7,5555,3149,2009.98,37.9,59.01
2023-03,2023,3,76,เพชรบุรี,Phetchaburi,ภาคตะวันตก,99376,4899,104275,186.19,17.75,203.94,50.3,5554,2793,1955.79,54.31,73.89
2023-04,2023,4,76,เพชรบุรี,Phetchaburi,ภาคตะวันตก,106038,5271,111309,198.11,19.64,217.75,55.3,5504,3043,1956.27,47.4,59.75
2023-05,2023,5,76,เพชรบุรี,Phetchaburi,ภาคตะวันตก,82747,4243,86990,157.57,14.81,172.38,43.1,5565,2398,1981.61,48.56,72.54
2023-06,2023,6,76,เพชรบุรี,Phetchaburi,ภาคตะวันตก,79941,4144,84085,150.0,14.55,164.55,39.0,5412,2110,1956.95,50.37,67.98
2023-07,2023,7,76,เพชรบุรี,Phetchaburi,ภาคตะวันตก,81831,4139,85970,155.97,15.2,171.17,44.4,5480,2433,1991.04,30.11,46.85
2023-08,2023,8,76,เพชรบุรี,Phetchaburi,ภาคตะวันตก,90077,4492,94569,168.09,16.0,184.09,46.7,5455,2547,1946.62,45.82,66.45
2023-09,2023,9,76,เพชรบุรี,Phetchaburi,ภาคตะวันตก,72038,3794,75832,141.7,14.02,155.72,36.4,5476,1993,2053.49,48.25,80.09
2023-10,2023,10,76,เพชรบุรี,Phetchaburi,ภาคตะวันตก,74565,3814,78379,139.24,13.85,153.09,41.4,5570,2305,1953.2,40.81,56.82
2023-11,2023,11,76,เพชรบุรี,Phetchaburi,ภาคตะวันตก,104183,5339,109522,208.11,19.61,227.73,53.9,5563,2998,2079.31,40.95,75.03
2023-12,2023,12,76,เพชรบุรี,Phetchaburi,ภาคตะวันตก,119742,6337,126079,226.35,22.38,248.73,63.2,5585,3529,1972.81,32.17,54.7
2024-01,2024,1,76,เพชรบุรี,Phetchaburi,ภาคตะวันตก,135440,9254,144694,283.36,37.1,320.46,66.9,5510,3686,2214.74,21.65,33.49
2024-02,2024,2,76,เพชรบุรี,Phetchaburi,ภาคตะวันตก,124368,8385,132753,271.25,33.46,304.71,61.4,5402,3316,2295.32,18.93,35.81
2024-03,2024,3,76,เพชรบุรี,Phetchaburi,ภาคตะวันตก,112637,7641,120278,235.01,29.53,264.54,55.2,5442,3003,2199.4,15.35,29.71
2024-04,2024,4,76,เพชรบุรี,Phetchaburi,ภาคตะวันตก,123146,8490,131636,250.59,33.01,283.59,59.1,5523,3264,2154.35,18.26,30.24
2024-05,2024,5,76,เพชรบุรี,Phetchaburi,ภาคตะวันตก,93410,6283,99693,201.71,24.31,226.03,46.6,5439,2534,2267.26,14.6,31.12
2024-06,2024,6,76,เพชรบุรี,Phetchaburi,ภาคตะวันตก,91431,5948,97379,199.52,24.5,224.02,43.6,5575,2430,2300.5,15.81,36.14
2024-07,2024,7,76,เพชรบุรี,Phetchaburi,ภาคตะวันตก,96520,6615,103135,201.51,27.01,228.51,48.7,5599,2726,2215.64,19.97,33.5
2024-08,2024,8,76,เพชรบุรี,Phetchaburi,ภาคตะวันตก,103220,7134,110354,210.51,27.65,238.15,50.6,5428,2746,2158.05,16.69,29.37
2024-09,2024,9,76,เพชรบุรี,Phetchaburi,ภาคตะวันตก,87723,6109,93832,179.41,25.03,204.44,41.3,5410,2234,2178.79,23.74,31.29
2024-10,2024,10,76,เพชรบุรี,Phetchaburi,ภาคตะวันตก,96891,6340,103231,198.59,25.95,224.53,45.0,5499,2474,2175.02,31.71,46.67
2024-11,2024,11,76,เพชรบุรี,Phetchaburi,ภาคตะวันตก,120080,7645,127725,255.14,30.15,285.29,57.9,5528,3200,2233.63,16.62,25.28
2024-12,2024,12,76,เพชรบุรี,Phetchaburi,ภาคตะวันตก,138226,8756,146982,301.57,35.69,337.26,68.2,5436,3707,2294.57,16.58,35.59
2019-01,2019,1,77,ประจวบคีรีขันธ์,Prachuap Khiri Khan,ภาคตะวันตก,523595,109473,633068,1875.41,751.02,2626.43,84.8,24345,20644,4148.73,0.0,0.0
2019-02,2019,2,77,ประจวบคีรีขันธ์,Prachuap Khiri Khan,ภาคตะวันตก,497437,114933,612370,1824.44,774.82,2599.26,78.0,24621,19204,4244.59,0.0,0.0
2019-03,2019,3,77,ประจวบคีรีขันธ์,Prachuap Khiri Khan,ภาคตะวันตก,442584,97543,540127,1604.79,637.55,2242.34,70.5,24320,17145,4151.51,0.0,0.0
2019-04,2019,4,77,ประจวบคีรีขันธ์,Prachuap Khiri Khan,ภาคตะวันตก,441229,91857,533086,1549.39,612.48,2161.87,74.7,24285,18140,4055.39,0.0,0.0
2019-05,2019,5,77,ประจวบคีรีขันธ์,Prachuap Khiri Khan,ภาคตะวันตก,335696,72559,408255,1212.02,504.93,1716.96,58.7,24629,14457,4205.61,0.0,0.0
2019-06,2019,6,77,ประจวบคีรีขันธ์,Prachuap Khiri Khan,ภาคตะวันตก,326924,67881,394805,1159.96,439.07,1599.03,52.8,24604,12990,4050.18,0.0,0.0
2019-07,2019,7,77,ประจวบคีรีขันธ์,Prachuap Khiri Khan,ภาคตะวันตก,356781,75789,432570,1307.84,489.9,1797.73,62.4,24142,15064,4155.93,0.0,0.0
2019-08,2019,8,77,ประจวบคีรีขันธ์,Prachuap Khiri Khan,ภาคตะวันตก,366267,75590,441857,1322.41,514.89,1837.3,62.4,24489,15281,4158.13,0.0,0.0
2019-09,2019,9,77,ประจวบคีรีขันธ์,Prachuap Khiri Khan,ภาคตะวันตก,303737,64551,368288,1096.73,426.84,1523.57,51.8,24692,12790,4136.9,0.0,0.0
2019-10,2019,10,77,ประจวบคีรีขันธ์,Prachuap Khiri Khan,ภาคตะวันตก,361332,83660,444992,1297.27,554.77,1852.04,58.2,24016,13977,4161.96,0.0,0.0
2019-11,2019,11,77,ประจวบคีรีขันธ์,Prachuap Khiri Khan,ภาคตะวันตก,425835,98976,524811,1479.33,689.83,2169.16,73.0,24108,17598,4133.22,0.0,0.0
2019-12,2019,12,77,ประจวบคีรีขันธ์,Prachuap Khiri Khan,ภาคตะวันตก,555226,117675,672901,2037.9,766.77,2804.67,85.3,24965,21295,4168.03,0.0,0.0
2020-01,2020,1,77,ประจวบคีรีขันธ์,Prachuap Khiri Khan,ภาคตะวันตก,229998,10356,240354,693.89,60.7,754.59,34.8,24097,8385,3139.49,-62.03,-71.27
2020-02,2020,2,77,ประจวบคีรีขันธ์,Prachuap Khiri Khan,ภาคตะวันตก,216604,10496,227100,679.49,58.65,738.14,32.9,24382,8021,3250.29,-62.91,-71.6
2020-03,2020,3,77,ประจวบคีรีขันธ์,Prachuap Khiri Khan,ภาคตะวันตก,179040,8603,187643,530.26,49.2,579.46,28.8,24589,7081,3088.1,-65.26,-74.16
2020-04,2020,4,77,ประจวบคีรีขันธ์,Prachuap Khiri Khan,ภาคตะวันตก,197101,9282,206383,611.04,54.05,665.09,31.9,24309,7754,3222.6,-61.29,-69.24
2020-05,2020,5,77,ประจวบคีรีขันธ์,Prachuap Khiri Khan,ภาคตะวันตก,155674,7162,162836,468.15,40.56,508.71,24.1,24273,5849,3124.06,-60.11,-70.37
2020-06,2020,6,77,ประจวบคีรีขันธ์,Prachuap Khiri Khan,ภาคตะวันตก,143016,6887,149903,445.55,38.91,484.46,22.7,24715,5610,3231.82,-62.03,-69.7
2020-07,2020,7,77,ประจวบคีรีขันธ์,Prachuap Khiri Khan,ภาคตะวันตก,160864,7325,168189,486.75,42.33,529.08,25.5,24429,6229,3145.75,-61.12,-70.57
2020-08,2020,8,77,ประจวบคีรีขันธ์,Prachuap Khiri Khan,ภาคตะวันตก,162278,7526,169804,502.55,43.82,546.37,26.6,24239,6447,3217.65,-61.57,-70.26
2020-09,2020,9,77,ประจวบคีรีขันธ์,Prachuap Khiri Khan,ภาคตะวันตก,142272,6411,148683,433.77,36.38,470.15,21.2,24449,5183,3162.1,-59.63,-69.14
2020-10,2020,10,77,ประจวบคีรีขันธ์,Prachuap Khiri Khan,ภาคตะวันตก,145294,7156,152450,426.11,40.46,466.57,23.7,24598,5829,3060.48,-65.74,-74.81
2020-11,2020,11,77,ประจวบคีรีขันธ์,Prachuap Khiri Khan,ภาคตะวันตก,197041,8964,206005,615.7,50.72,666.42,30.8,24942,7682,3234.97,-60.75,-69.28
2020-12,2020,12,77,ประจวบคีรีขันธ์,Prachuap Khiri Khan,ภาคตะวันตก,230622,11429,242051,678.26,67.87,746.12,37.1,24060,8926,3082.49,-64.03,-73.4
2021-01,2021,1,77,ประจวบคีรีขันธ์,Prachuap Khiri Khan,ภาคตะวันตก,161617,2923,164540,456.53,15.14,471.66,24.9,24126,6007,2866.54,-31.54,-37.49
2021-02,2021,2,77,ประจวบคีรีขันธ์,Prachuap Khiri Khan,ภาคตะวันตก,153051,2899,155950,430.33,15.67,446.0,23.0,24330,5595,2859.89,-31.33,-39.58
2021-03,2021,3,77,ประจวบคีรีขันธ์,Prachuap Khiri Khan,ภาคตะวันตก,138417,2655,141072,391.01,14.66,405.67,20.3,24567,4987,2875.62,-24.82,-29.99
2021-04,2021,4,77,ประจวบคีรีขันธ์,Prachuap Khiri Khan,ภาคตะวันตก,143068,2553,145621,410.56,13.18,423.74,22.9,24962,5716,2909.88,-29.44,-36.29
2021-05,2021,5,77,ประจวบคีรีขันธ์,Prachuap Khiri Khan,ภาคตะวันตก,105949,1950,107899,298.32,10.3,308.62,17.3,24072,4164,2860.27,-33.74,-39.33
2021-06,2021,6,77,ประจวบคีรีขันธ์,Prachuap Khiri Khan,ภาคตะวันตก,100674,1814,102488,288.03,10.13,298.16,15.9,24225,3851,2909.22,-31.63,-38.46
2021-07,2021,7,77,ประจวบคีรีขันธ์,Prachuap Khiri Khan,ภาคตะวันตก,113500,2074,115574,321.95,11.48,333.43,18.3,24029,4397,2884.99,-31.28,-36.98
2021-08,2021,8,77,ประจวบคีรีขันธ์,Prachuap Khiri Khan,ภาคตะวันตก,112475,2136,114611,326.07,11.91,337.98,18.7,24929,4661,2948.93,-32.5,-38.14
2021-09,2021,9,77,ประจวบคีรีขันธ์,Prachuap Khiri Khan,ภาคตะวันตก,98180,1853,100033,275.14,10.02,285.16,15.6,24364,3800,2850.66,-32.72,-39.35
2021-10,2021,10,77,ประจวบคีรีขันธ์,Prachuap Khiri Khan,ภาคตะวันตก,104260,1952,106212,302.13,10.51,312.64,16.8,24596,4132,2943.55,-30.33,-32.99
2021-11,2021,11,77,ประจวบคีรีขันธ์,Prachuap Khiri Khan,ภาคตะวันตก,140801,2561,143362,404.06,14.29,418.35,21.8,24235,5283,2918.14,-30.41,-37.22
2021-12,2021,12,77,ประจวบคีรีขันธ์,Prachuap Khiri Khan,ภาคตะวันตก,163888,3064,166952,453.63,16.65,470.28,26.6,24716,6574,2816.86,-31.03,-36.97
2022-01,2022,1,77,ประจวบคีรีขันธ์,Prachuap Khiri Khan,ภาคตะวันตก,338709,31217,369926,1117.71,205.34,1323.05,54.6,24273,13253,3576.53,124.82,180.51
2022-02,2022,2,77,ประจวบคีรีขันธ์,Prachuap Khiri Khan,ภาคตะวันตก,314221,29437,343658,1089.74,189.87,1279.61,53.5,24668,13197,3723.5,120.36,186.91
2022-03,2022,3,77,ประจวบคีรีขันธ์,Prachuap Khiri Khan,ภาคตะวันตก,294297,29141,323438,1029.17,186.04,1215.21,47.0,24281,11412,3757.17,129.27,199.56
2022-04,2022,4,77,ประจวบคีรีขันธ์,Prachuap Khiri Khan,ภาคตะวันตก,324741,32329,357070,1086.03,201.06,1287.09,51.7,24176,12498,3604.59,145.21,203.75
2022-05,2022,5,77,ประจวบคีรีขันธ์,Prachuap Khiri Khan,ภาคตะวันตก,241910,23789,265699,818.51,156.36,974.87,40.6,24084,9778,3669.08,146.25,215.88
2022-06,2022,6,77,ประจวบคีรีขันธ์,Prachuap Khiri Khan,ภาคตะวันตก,216362,20142,236504,760.4,130.6,891.0,37.8,24554,9281,3767.38,130.76,198.83
2022-07,2022,7,77,ประจวบคีรีขันธ์,Prachuap Khiri Khan,ภาคตะวันตก,265969,24397,290366,882.1,153.71,1035.81,41.2,24877,10249,3567.26,151.24,210.65
2022-08,2022,8,77,ประจวบคีรีขันธ์,Prachuap Khiri Khan,ภาคตะวันตก,277740,27710,305450,961.55,182.13,1143.68,42.3,24748,10468,3744.25,166.51,238.39
2022-09,2022,9,77,ประจวบคีรีขันธ์,Prachuap Khiri Khan,ภาคตะวันตก,225624,20783,246407,776.93,136.76,913.69,35.4,24368,8626,3708.05,146.33,220.41
2022-10,2022,10,77,ประจวบคีรีขันธ์,Prachuap Khiri Khan,ภาคตะวันตก,236751,23093,259844,814.72,152.34,967.06,38.0,24605,9349,3721.69,144.65,209.32
2022-11,2022,11,77,ประจวบคีรีขันธ์,Prachuap Khiri Khan,ภาคตะวันตก,311414,28828,340242,1057.54,184.51,1242.04,48.8,24286,11851,3650.46,137.33,196.89
2022-12,2022,12,77,ประจวบคีรีขันธ์,Prachuap Khiri Khan,ภาคตะวันตก,379827,34449,414276,1267.13,222.63,1489.76,60.2,24245,14595,3596.06,148.14,216.78
2023-01,2023,1,77,ประจวบคีรีขันธ์,Prachuap Khiri Khan,ภาคตะวันตก,457738,77284,535022,1820.18,542.74,2362.92,71.3,24011,17119,4416.49,44.63,78.6
2023-02,2023,2,77,ประจวบคีรีขันธ์,Prachuap Khiri Khan,ภาคตะวันตก,414310,75527,489837,1571.89,541.25,2113.14,70.1,24799,17384,4313.97,42.54,65.14
2023-03,2023,3,77,ประจวบคีรีขันธ์,Prachuap Khiri Khan,ภาคตะวันตก,386263,64259,450522,1473.49,457.11,1930.6,60.1,24582,14773,4285.25,39.29,58.87
2023-04,2023,4,77,ประจวบคีรีขันธ์,Prachuap Khiri Khan,ภาคตะวันตก,445413,78532,523945,1681.72,560.28,2242.0,66.0,24751,16335,4279.08,46.73,74.19
2023-05,2023,5,77,ประจวบคีรีขันธ์,Prachuap Khiri Khan,ภาคตะวันตก,323395,55818,379213,1218.89,407.68,1626.57,51.8,24020,12442,4289.33,42.72,66.85
2023-06,2023,6,77,ประจวบคีรีขันธ์,Prachuap Khiri Khan,ภาคตะวันตก,313900,53063,366963,1229.89,399.77,1629.66,47.2,24476,11552,4440.94,55.16,82.9
2023-07,2023,7,77,ประจวบคีรีขันธ์,Prachuap Khiri Khan,ภาคตะวันตก,327113,53832,380945,1216.59,382.45,1599.04,54.4,24789,13485,4197.56,31.19,54.38
2023-08,2023,8,77,ประจวบคีรีขันธ์,Prachuap Khiri Khan,ภาคตะวันตก,355344,63855,419199,1326.91,478.32,1805.23,57.1,24203,13819,4306.38,37.24,57.84
2023-09,2023,9,77,ประจวบคีรีขันธ์,Prachuap Khiri Khan,ภาคตะวันตก,294042,53351,347393,1093.1,390.37,1483.47,45.5,24082,10957,4270.29,40.98,62.36
2023-10,2023,10,77,ประจวบคีรีขันธ์,Prachuap Khiri Khan,ภาคตะวันตก,312251,53136,365387,1244.66,380.67,1625.33,49.1,24446,12002,4448.24,40.62,68.07
2023-11,2023,11,77,ประจวบคีรีขันธ์,Prachuap Khiri Khan,ภาคตะวันตก,421064,76544,497608,1665.97,542.82,2208.78,67.4,24394,16441,4438.8,46.25,77.83
2023-12,2023,12,77,ประจวบคีรีขันธ์,Prachuap Khiri Khan,ภาคตะวันตก,485497,88695,574192,1865.92,623.28,2489.2,77.2,24598,18989,4335.14,38.6,67.09
2024-01,2024,1,77,ประจวบคีรีขันธ์,Prachuap Khiri Khan,ภาคตะวันตก,511778,119999,631777,2189.37,929.03,3118.4,78.4,24547,19244,4935.92,18.08,31.97
2024-02,2024,2,77,ประจวบคีรีขันธ์,Prachuap Khiri Khan,ภาคตะวันตก,504528,119653,624181,2137.42,932.34,3069.77,74.3,24950,18537,4918.08,27.43,45.27
2024-03,2024,3,77,ประจวบคีรีขันธ์,Prachuap Khiri Khan,ภาคตะวันตก,461386,108611,569997,1903.54,846.08,2749.62,65.9,24349,16045,4823.92,26.52,42.42
2024-04,2024,4,77,ประจวบคีรีขันธ์,Prachuap Khiri Khan,ภาคตะวันตก,475134,108670,583804,1961.22,883.68,2844.89,73.5,24838,18255,4873.02,11.42,26.89
2024-05,2024,5,77,ประจวบคีรีขันธ์,Prachuap Khiri Khan,ภาคตะวันตก,373223,90714,463937,1523.1,695.28,2218.38,58.1,24117,14011,4781.64,22.34,36.38
2024-06,2024,6,77,ประจวบคีรีขันธ์,Prachuap Khiri Khan,ภาคตะวันตก,336921,76797,413718,1421.6,593.57,2015.17,53.0,24218,12835,4870.88,12.74,23.66
2024-07,2024,7,77,ประจวบคีรีขันธ์,Prachuap Khiri Khan,ภาคตะวันตก,385603,94281,479884,1671.46,726.21,2397.67,59.5,24032,14299,4996.35,25.97,49.94
2024-08,2024,8,77,ประจวบคีรีขันธ์,Prachuap Khiri Khan,ภาคตะวันตก,381246,87015,468261,1588.21,674.52,2262.72,60.6,24100,14604,4832.18,11.7,25.34
2024-09,2024,9,77,ประจวบคีรีขันธ์,Prachuap Khiri Khan,ภาคตะวันตก,349786,77756,427542,1519.35,601.65,2121.0,51.9,24693,12815,4960.92,23.07,42.98
2024-10,2024,10,77,ประจวบคีรีขันธ์,Prachuap Khiri Khan,ภาคตะวันตก,372934,88536,461470,1526.31,685.81,2212.12,55.0,24484,13466,4793.64,26.3,36.1
2024-11,2024,11,77,ประจวบคีรีขันธ์,Prachuap Khiri Khan,ภาคตะวันตก,496971,112182,609153,2159.36,869.78,3029.14,73.3,24113,17674,4972.71,22.42,37.14
2024-12,2024,12,77,ประจวบคีรีขันธ์,Prachuap Khiri Khan,ภาคตะวันตก,525229,126635,651864,2170.42,1041.01,3211.43,84.4,24365,20564,4926.53,13.53,29.01
2019-01,2019,1,80,นครศรีธรรมราช,Nakhon Si Thammarat,ภาคใต้,157133,10492,167625,290.29,34.13,324.43,81.9,5404,4425,1935.45,0.0,0.0
2019-02,2019,2,80,นครศรีธรรมราช,Nakhon Si Thammarat,ภาคใต้,138969,9111,148080,254.53,29.7,284.23,77.8,5545,4314,1919.44,0.0,0.0
2019-03,2019,3,80,นครศรีธรรมราช,Nakhon Si Thammarat,ภาคใต้,135516,9024,144540,251.25,29.78,281.03,66.6,5434,3619,1944.31,0.0,0.0
2019-04,2019,4,80,นครศรีธรรมราช,Nakhon Si Thammarat,ภาคใต้,122902,8204,131106,226.51,27.36,253.86,61.4,5494,3373,1936.3,0.0,0.0
2019-05,2019,5,80,นครศรีธรรมราช,Nakhon Si Thammarat,ภาคใต้,87751,5552,93303,151.64,19.03,170.67,46.9,5450,2556,1829.2,0.0,0.0
2019-06,2019,6,80,นครศรีธรรมราช,Nakhon Si Thammarat,ภาคใต้,88447,5876,94323,154.23,19.99,174.23,45.2,5584,2523,1847.16,0.0,0.0
2019-07,2019,7,80,นครศรีธรรมราช,Nakhon Si Thammarat,ภาคใต้,91847,6092,97939,162.89,21.17,184.06,48.3,5398,2607,1879.33,0.0,0.0
2019-08,2019,8,80,นครศรีธรรมราช,Nakhon Si Thammarat,ภาคใต้,97529,5910,103439,169.59,19.6,189.19,50.1,5600,2805,1829.0,0.0,0.0
2019-09,2019,9,80,นครศรีธรรมราช,Nakhon Si Thammarat,ภาคใต้,67284,4442,71726,119.8,14.57,134.38,36.4,5429,1976,1873.52,0.0,0.0
2019-10,2019,10,80,นครศรีธรรมราช,Nakhon Si Thammarat,ภาคใต้,78179,5228,83407,135.77,16.99,152.76,40.6,5508,2236,1831.5,0.0,0.0
2019-11,2019,11,80,นครศรีธรรมราช,Nakhon Si Thammarat,ภาคใต้,112409,7416,119825,194.04,24.68,218.72,59.9,5605,3357,1825.33,0.0,0.0
2019-12,2019,12,80,นครศรีธรรมราช,Nakhon Si Thammarat,ภาคใต้,170517,10885,181402,294.57,37.98,332.55,84.5,5530,4672,1833.22,0.0,0.0
2020-01,2020,1,80,นครศรีธรรมราช,Nakhon Si Thammarat,ภาคใต้,60592,884,61476,94.19,2.62,96.81,33.9,5439,1843,1574.76,-63.33,-70.16
2020-02,2020,2,80,นครศรีธรรมราช,Nakhon Si Thammarat,ภาคใต้,58305,897,59202,88.37,2.57,90.94,32.1,5428,1742,1536.1,-60.02,-68.0
2020-03,2020,3,80,นครศรีธรรมราช,Nakhon Si Thammarat,ภาคใต้,49241,723,49964,76.58,1.99,78.57,29.0,5555,1610,1572.53,-65.43,-72.04
2020-04,2020,4,80,นครศรีธรรมราช,Nakhon Si Thammarat,ภาคใต้,50028,774,50802,74.57,2.19,76.77,26.4,5443,1436,1511.16,-61.25,-69.76
2020-05,2020,5,80,นครศรีธรรมราช,Nakhon Si Thammarat,ภาคใต้,37827,550,38377,55.89,1.59,57.48,19.8,5403,1069,1497.77,-58.87,-66.32
2020-06,2020,6,80,นครศรีธรรมราช,Nakhon Si Thammarat,ภาคใต้,32155,506,32661,47.66,1.47,49.13,18.2,5459,993,1504.24,-65.37,-71.8
2020-07,2020,7,80,นครศรีธรรมราช,Nakhon Si Thammarat,ภาคใต้,39969,591,40560,61.79,1.69,63.48,20.9,5594,1169,1565.09,-58.59,-65.51
2020-08,2020,8,80,นครศรีธรรมราช,Nakhon Si Thammarat,ภาคใต้,39523,606,40129,60.21,1.73,61.93,21.5,5514,1185,1543.27,-61.21,-67.27
2020-09,2020,9,80,นครศรีธรรมราช,Nakhon Si Thammarat,ภาคใต้,27636,413,28049,43.07,1.21,44.28,15.0,5574,836,1578.67,-60.89,-67.05
2020-10,2020,10,80,นครศรีธรรมราช,Nakhon Si Thammarat,ภาคใต้,30137,468,30605,44.94,1.29,46.23,16.9,5407,913,1510.54,-63.31,-69.74
2020-11,2020,11,80,นครศรีธรรมราช,Nakhon Si Thammarat,ภาคใต้,48610,713,49323,75.89,1.98,77.88,25.2,5390,1358,1578.98,-58.84,-64.39
2020-12,2020,12,80,นครศรีธรรมราช,Nakhon Si Thammarat,ภาคใต้,61578,900,62478,96.72,2.67,99.39,35.3,5425,1915,1590.8,-65.56,-70.11
2021-01,2021,1,80,นครศรีธรรมราช,Nakhon Si Thammarat,ภาคใต้,44823,259,45082,65.07,0.72,65.79,24.1,5475,1319,1459.34,-26.67,-32.04
2021-02,2021,2,80,นครศรีธรรมราช,Nakhon Si Thammarat,ภาคใต้,40884,238,41122,58.23,0.63,58.86,22.6,5519,1247,1431.35,-30.54,-35.28
2021-03,2021,3,80,นครศรีธรรมราช,Nakhon Si Thammarat,ภาคใต้,36064,225,36289,51.53,0.63,52.16,20.2,5430,1096,1437.35,-27.37,-33.61
2021-04,2021,4,80,นครศรีธรรมราช,Nakhon Si Thammarat,ภาคใต้,32151,192,32343,44.33,0.5,44.84,18.9,5444,1028,1386.39,-36.34,-41.59
2021-05,2021,5,80,นครศรีธรรมราช,Nakhon Si Thammarat,ภาคใต้,26483,152,26635,37.43,0.41,37.84,15.0,5468,820,1420.69,-30.6,-34.17
2021-06,2021,6,80,นครศรีธรรมราช,Nakhon Si Thammarat,ภาคใต้,23268,133,23401,33.01,0.36,33.37,15.0,5468,820,1426.01,-28.35,-32.08
2021-07,2021,7,80,นครศรีธรรมราช,Nakhon Si Thammarat,ภาคใต้,25081,153,25234,36.05,0.42,36.47,15.0,5487,823,1445.27,-37.79,-42.55
2021-08,2021,8,80,นครศรีธรรมราช,Nakhon Si Thammarat,ภาคใต้,27529,171,27700,38.93,0.47,39.4,15.4,5430,836,1422.38,-30.97,-36.38
2021-09,2021,9,80,นครศรีธรรมราช,Nakhon Si Thammarat,ภาคใต้,18949,114,19063,27.53,0.3,27.84,15.0,5391,808,1460.42,-32.04,-37.13
2021-10,2021,10,80,นครศรีธรรมราช,Nakhon Si Thammarat,ภาคใต้,20640,125,20765,29.98,0.33,30.31,15.0,5447,817,1459.67,-32.15,-34.44
2021-11,2021,11,80,นครศรีธรรมราช,Nakhon Si Thammarat,ภาคใต้,32265,195,32460,47.29,0.5,47.79,18.4,5535,1018,1472.27,-34.19,-38.64
2021-12,2021,12,80,นครศรีธรรมราช,Nakhon Si Thammarat,ภาคใต้,45882,267,46149,64.96,0.7,65.66,25.3,5440,1376,1422.78,-26.14,-33.94
2022-01,2022,1,80,นครศรีธรรมราช,Nakhon Si Thammarat,ภาคใต้,100741,2871,103612,172.57,9.14,181.72,56.2,5440,3057,1753.85,129.83,176.21
2022-02,2022,2,80,นครศรีธรรมราช,Nakhon Si Thammarat,ภาคใต้,89881,2623,92504,155.09,8.07,163.16,53.4,5448,2909,1763.82,124.95,177.2
2022-03,2022,3,80,นครศรีธรรมราช,Nakhon Si Thammarat,ภาคใต้,87656,2569,90225,146.61,8.2,154.81,46.7,5608,2618,1715.82,148.63,196.8
2022-04,2022,4,80,นครศรีธรรมราช,Nakhon Si Thammarat,ภาคใต้,71839,2094,73933,117.37,6.88,124.25,42.0,5557,2333,1680.58,128.59,177.1
2022-05,2022,5,80,นครศรีธรรมราช,Nakhon Si Thammarat,ภาคใต้,54833,1606,56439,93.94,5.17,99.11,32.3,5417,1749,1756.06,111.9,161.92
2022-06,2022,6,80,นครศรีธรรมราช,Nakhon Si Thammarat,ภาคใต้,55060,1579,56639,90.16,5.12,95.28,29.7,5537,1644,1682.23,142.04,185.53
2022-07,2022,7,80,นครศรีธรรมราช,Nakhon Si Thammarat,ภาคใต้,59827,1751,61578,101.58,5.75,107.33,33.9,5579,1891,1742.99,144.03,194.3
2022-08,2022,8,80,นครศรีธรรมราช,Nakhon Si Thammarat,ภาคใต้,66466,1874,68340,110.17,6.0,116.17,35.0,5492,1922,1699.88,146.71,194.85
2022-09,2022,9,80,นครศรีธรรมราช,Nakhon Si Thammarat,ภาคใต้,41551,1274,42825,69.74,3.96,73.7,24.5,5496,1346,1720.96,124.65,164.73
2022-10,2022,10,80,นครศรีธรรมราช,Nakhon Si Thammarat,ภาคใต้,51075,1590,52665,89.29,5.13,94.42,26.4,5444,1437,1792.84,153.62,211.51
2022-11,2022,11,80,นครศรีธรรมราช,Nakhon Si Thammarat,ภาคใต้,70123,2165,72288,123.63,7.04,130.67,40.6,5583,2266,1807.63,122.7,173.43
2022-12,2022,12,80,นครศรีธรรมราช,Nakhon Si Thammarat,ภาคใต้,107299,3114,110413,183.89,9.55,193.44,56.8,5535,3143,1751.97,139.25,194.61
2023-01,2023,1,80,นครศรีธรรมราช,Nakhon Si Thammarat,ภาคใต้,143102,7792,150894,265.17,28.79,293.96,70.9,5603,3972,1948.12,45.63,61.77
2023-02,2023,2,80,นครศรีธรรมราช,Nakhon Si Thammarat,ภาคใต้,128260,6809,135069,252.54,25.47,278.0,66.2,5572,3688,2058.21,46.01,70.38
2023-03,2023,3,80,นครศรีธรรมราช,Nakhon Si Thammarat,ภาคใต้,117729,5812,123541,225.4,20.93,246.32,60.0,5512,3307,1993.83,36.93,59.11
2023-04,2023,4,80,นครศรีธรรมราช,Nakhon Si Thammarat,ภาคใต้,108205,5663,113868,212.98,19.8,232.78,55.7,5602,3120,2044.3,54.02,87.35
2023-05,2023,5,80,นครศรีธรรมราช,Nakhon Si Thammarat,ภาคใต้,80824,4110,84934,157.54,15.12,172.66,42.0,5391,2264,2032.87,50.49,74.21
2023-06,2023,6,80,นครศรีธรรมราช,Nakhon Si Thammarat,ภาคใต้,75174,3886,79060,139.49,14.14,153.63,39.8,5497,2187,1943.21,39.59,61.24
2023-07,2023,7,80,นครศรีธรรมราช,Nakhon Si Thammarat,ภาคใต้,83095,4248,87343,156.64,15.81,172.44,43.2,5500,2376,1974.29,41.84,60.66
2023-08,2023,8,80,นครศรีธรรมราช,Nakhon Si Thammarat,ภาคใต้,89815,4759,94574,169.28,16.59,185.87,45.6,5482,2499,1965.34,38.39,60.0
2023-09,2023,9,80,นครศรีธรรมราช,Nakhon Si Thammarat,ภาคใต้,62983,3109,66092,120.61,11.0,131.61,31.8,5479,1742,1991.32,54.33,78.58
2023-10,2023,10,80,นครศรีธรรมราช,Nakhon Si Thammarat,ภาคใต้,65245,3516,68761,124.89,12.35,137.23,34.9,5585,1949,1995.75,30.56,45.34
2023-11,2023,11,80,นครศรีธรรมราช,Nakhon Si Thammarat,ภาคใต้,100543,5450,105993,191.98,19.98,211.96,54.8,5456,2989,1999.75,46.63,62.21
2023-12,2023,12,80,นครศรีธรรมราช,Nakhon Si Thammarat,ภาคใต้,150978,8093,159071,294.35,29.77,324.12,78.2,5474,4280,2037.58,44.07,67.56
2024-01,2024,1,80,นครศรีธรรมราช,Nakhon Si Thammarat,ภาคใต้,162252,10571,172823,345.72,41.96,387.69,81.6,5573,4547,2243.28,14.53,31.89
2024-02,2024,2,80,นครศรีธรรมราช,Nakhon Si Thammarat,ภาคใต้,147982,9395,157377,309.88,35.89,345.77,73.1,5553,4059,2197.08,16.52,24.38
2024-03,2024,3,80,นครศรีธรรมราช,Nakhon Si Thammarat,ภาคใต้,138395,8992,147387,289.44,36.22,325.67,65.9,5596,3687,2209.63,19.3,32.21
2024-04,2024,4,80,นครศรีธรรมราช,Nakhon Si Thammarat,ภาคใต้,125340,8633,133973,261.86,33.88,295.74,59.6,5591,3332,2207.46,17.66,27.05
2024-05,2024,5,80,นครศรีธรรมราช,Nakhon Si Thammarat,ภาคใต้,90980,5956,96936,192.7,23.55,216.25,46.6,5590,2604,2230.85,14.13,25.25
2024-06,2024,6,80,นครศรีธรรมราช,Nakhon Si Thammarat,ภาคใต้,91737,5857,97594,191.45,22.41,213.85,43.2,5460,2358,2191.22,23.44,39.2
2024-07,2024,7,80,นครศรีธรรมราช,Nakhon Si Thammarat,ภาคใต้,105949,7401,113350,231.27,29.07,260.34,47.6,5539,2636,2296.78,29.78,50.97
2024-08,2024,8,80,นครศรีธรรมราช,Nakhon Si Thammarat,ภาคใต้,104940,6632,111572,218.23,27.28,245.51,50.9,5568,2834,2200.46,17.97,32.09
2024-09,2024,9,80,นครศรีธรรมราช,Nakhon Si Thammarat,ภาคใต้,69192,4597,73789,146.58,18.69,165.27,34.3,5427,1861,2239.76,11.65,25.58
2024-10,2024,10,80,นครศรีธรรมราช,Nakhon Si Thammarat,ภาคใต้,80328,5305,85633,168.21,21.31,189.52,39.7,5447,2162,2213.17,24.54,38.1
2024-11,2024,11,80,นครศรีธรรมราช,Nakhon Si Thammarat,ภาคใต้,120953,8199,129152,257.18,32.7,289.88,59.5,5565,3311,2244.49,21.85,36.76
2024-12,2024,12,80,นครศรีธรรมราช,Nakhon Si Thammarat,ภาคใต้,173011,11738,184749,377.56,46.56,424.12,81.8,5565,4552,2295.66,16.14,30.85
2019-01,2019,1,81,กระบี่,Krabi,ภาคใต้,204258,322844,527102,1537.89,4388.31,5926.2,96.5,18087,17453,11242.99,0.0,0.0
2019-02,2019,2,81,กระบี่,Krabi,ภาคใต้,198241,283145,481386,1466.25,3911.13,5377.38,96.5,18314,17673,11170.62,0.0,0.0
2019-03,2019,3,81,กระบี่,Krabi,ภาคใต้,164248,272163,436411,1194.38,3879.36,5073.74,91.7,18083,16582,11626.06,0.0,0.0
2019-04,2019,4,81,กระบี่,Krabi,ภาคใต้,156781,243608,400389,1182.43,3561.43,4743.86,83.2,18106,15064,11848.13,0.0,0.0
2019-05,2019,5,81,กระบี่,Krabi,ภาคใต้,116630,197585,314215,873.7,2685.74,3559.44,63.0,18338,11552,11328.04,0.0,0.0
2019-06,2019,6,81,กระบี่,Krabi,ภาคใต้,109730,174724,284454,840.65,2418.1,3258.75,61.6,17661,10879,11456.16,0.0,0.0
2019-07,2019,7,81,กระบี่,Krabi,ภาคใต้,135803,198336,334139,1022.57,2687.27,3709.84,65.2,18206,11870,11102.68,0.0,0.0
2019-08,2019,8,81,กระบี่,Krabi,ภาคใต้,133683,212394,346077,991.4,2946.34,3937.74,68.3,17709,12095,11378.22,0.0,0.0
2019-09,2019,9,81,กระบี่,Krabi,ภาคใต้,85765,141740,227505,650.96,1970.62,2621.58,47.0,18136,8523,11523.18,0.0,0.0
2019-10,2019,10,81,กระบี่,Krabi,ภาคใต้,102731,145087,247818,780.29,2034.64,2814.93,54.1,18356,9930,11358.86,0.0,0.0
2019-11,2019,11,81,กระบี่,Krabi,ภาคใต้,165850,243624,409474,1288.81,3338.72,4627.53,83.3,17842,14862,11301.16,0.0,0.0
2019-12,2019,12,81,กระบี่,Krabi,ภาคใต้,209598,350378,559976,1573.99,4761.89,6335.88,96.5,18109,17475,11314.56,0.0,0.0
2020-01,2020,1,81,กระบี่,Krabi,ภาคใต้,183996,31877,215873,1175.76,371.16,1546.92,47.2,17642,8327,7165.88,-59.05,-73.9
2020-02,2020,2,81,กระบี่,Krabi,ภาคใต้,170706,30272,200978,1108.46,351.6,1460.06,44.5,18322,8153,7264.78,-58.25,-72.85
2020-03,2020,3,81,กระบี่,Krabi,ภาคใต้,149867,26975,176842,963.7,322.24,1285.94,37.6,18087,6800,7271.69,-59.48,-74.65
2020-04,2020,4,81,กระบี่,Krabi,ภาคใต้,128387,22735,151122,824.7,267.52,1092.22,34.5,18111,6248,7227.41,-62.26,-76.98
2020-05,2020,5,81,กระบี่,Krabi,ภาคใต้,99031,18030,117061,615.61,222.43,838.04,26.9,17978,4836,7159.0,-62.74,-76.46
2020-06,2020,6,81,กระบี่,Krabi,ภาคใต้,101229,17355,118584,619.42,206.98,826.39,25.0,18051,4512,6968.82,-58.31,-74.64
2020-07,2020,7,81,กระบี่,Krabi,ภาคใต้,105478,18534,124012,676.48,214.51,890.99,27.8,17755,4935,7184.71,-62.89,-75.98
2020-08,2020,8,81,กระบี่,Krabi,ภาคใต้,114103,19217,133320,704.33,234.58,938.92,28.4,18342,5209,7042.6,-61.48,-76.16
2020-09,2020,9,81,กระบี่,Krabi,ภาคใต้,72988,13395,86383,448.57,155.86,604.43,20.5,17979,3685,6997.09,-62.03,-76.94
2020-10,2020,10,81,กระบี่,Krabi,ภาคใต้,89265,15001,104266,561.23,184.34,745.56,22.6,17750,4011,7150.56,-57.93,-73.51
2020-11,2020,11,81,กระบี่,Krabi,ภาคใต้,126482,22576,149058,780.59,276.66,1057.25,33.5,18303,6131,7092.88,-63.6,-77.15
2020-12,2020,12,81,กระบี่,Krabi,ภาคใต้,178404,31540,209944,1109.03,379.58,1488.6,49.3,17862,8805,7090.46,-62.51,-76.51
2021-01,2021,1,81,กระบี่,Krabi,ภาคใต้,135702,8755,144457,804.84,99.97,904.81,32.8,18352,6019,6263.52,-33.08,-41.51
2021-02,2021,2,81,กระบี่,Krabi,ภาคใต้,130705,8563,139268,787.31,97.74,885.05,31.0,17774,5509,6355.01,-30.7,-39.38
2021-03,2021,3,81,กระบี่,Krabi,ภาคใต้,104266,6661,110927,640.15,75.36,715.51,27.6,18299,5050,6450.28,-37.27,-44.36
2021-04,2021,4,81,กระบี่,Krabi,ภาคใต้,102381,6665,109046,631.09,74.9,706.0,25.1,17845,4479,6474.33,-27.84,-35.36
2021-05,2021,5,81,กระบี่,Krabi,ภาคใต้,78925,5160,84085,457.7,59.01,516.71,19.5,17841,3478,6145.09,-28.17,-38.34
2021-06,2021,6,81,กระบี่,Krabi,ภาคใต้,76480,4716,81196,442.63,53.51,496.14,18.2,18356,3340,6110.4,-31.53,-39.96
2021-07,2021,7,81,กระบี่,Krabi,ภาคใต้,79540,5074,84614,486.47,58.85,545.32,19.6,18281,3583,6444.8,-31.77,-38.8
2021-08,2021,8,81,กระบี่,Krabi,ภาคใต้,81354,5346,86700,495.56,62.12,557.68,20.8,17702,3682,6432.3,-34.97,-40.6
2021-09,2021,9,81,กระบี่,Krabi,ภาคใต้,61364,3921,65285,377.65,44.88,422.52,15.0,18241,2736,6471.93,-24.42,-30.1
2021-10,2021,10,81,กระบี่,Krabi,ภาคใต้,62713,4071,66784,381.4,46.57,427.98,16.2,17922,2903,6408.42,-35.95,-42.6
2021-11,2021,11,81,กระบี่,Krabi,ภาคใต้,93525,5882,99407,575.89,68.56,644.45,24.2,17753,4296,6482.94,-33.31,-39.04
2021-12,2021,12,81,กระบี่,Krabi,ภาคใต้,144346,9349,153695,844.83,105.86,950.69,35.6,17777,6328,6185.56,-26.79,-36.14
2022-01,2022,1,81,กระบี่,Krabi,ภาคใต้,250109,97440,347549,1767.42,1321.79,3089.21,72.7,18154,13197,8888.56,140.59,241.42
2022-02,2022,2,81,กระบี่,Krabi,ภาคใต้,214107,86307,300414,1527.77,1187.39,2715.16,68.4,18341,12545,9038.06,115.71,206.78
2022-03,2022,3,81,กระบี่,Krabi,ภาคใต้,185782,79437,265219,1305.83,1020.38,2326.21,61.3,18185,11147,8770.9,139.09,225.11
2022-04,2022,4,81,กระบี่,Krabi,ภาคใต้,188911,81727,270638,1390.77,1086.36,2477.13,55.5,18177,10088,9152.93,148.19,250.87
2022-05,2022,5,81,กระบี่,Krabi,ภาคใต้,132405,56244,188649,953.96,774.46,1728.42,44.1,18070,7968,9162.09,124.36,234.5
2022-06,2022,6,81,กระบี่,Krabi,ภาคใต้,129665,49192,178857,907.42,675.46,1582.88,39.6,17693,7006,8849.98,120.28,219.04
2022-07,2022,7,81,กระบี่,Krabi,ภาคใต้,144966,60144,205110,1003.64,777.82,1781.46,45.4,17996,8170,8685.39,142.41,226.68
2022-08,2022,8,81,กระบี่,Krabi,ภาคใต้,152031,61936,213967,1084.84,858.95,1943.79,48.1,17870,8595,9084.53,146.79,248.55
2022-09,2022,9,81,กระบี่,Krabi,ภาคใต้,103029,39601,142630,753.39,513.74,1267.12,32.0,18343,5869,8883.97,118.47,199.9
2022-10,2022,10,81,กระบี่,Krabi,ภาคใต้,124290,47736,172026,877.59,622.74,1500.33,36.5,18074,6597,8721.53,157.59,250.56
2022-11,2022,11,81,กระบี่,Krabi,ภาคใต้,180532,72543,253075,1307.33,948.8,2256.13,56.9,17809,10133,8914.87,154.58,250.09
2022-12,2022,12,81,กระบี่,Krabi,ภาคใต้,259561,112044,371605,1890.07,1467.04,3357.11,77.9,18288,14246,9034.08,141.78,253.12
2023-01,2023,1,81,กระบี่,Krabi,ภาคใต้,248722,244075,492797,1931.21,3633.37,5564.59,94.7,18080,17121,11291.85,41.79,80.13
2023-02,2023,2,81,กระบี่,Krabi,ภาคใต้,231530,231834,463364,1942.13,3598.69,5540.82,91.6,17688,16202,11957.81,54.24,104.07
2023-03,2023,3,81,กระบี่,Krabi,ภาคใต้,200641,191148,391789,1577.04,2975.86,4552.9,82.4,18004,14835,11620.8,47.72,95.72
2023-04,2023,4,81,กระบี่,Krabi,ภาคใต้,190562,177570,368132,1499.51,2674.61,4174.12,75.7,18149,13738,11338.65,36.02,68.51
2023-05,2023,5,81,กระบี่,Krabi,ภาคใต้,135638,134858,270496,1061.34,1980.55,3041.89,57.7,18184,10492,11245.6,43.39,75.99
2023-06,2023,6,81,กระบี่,Krabi,ภาคใต้,132403,136443,268846,1030.96,2030.08,3061.04,53.9,18343,9886,11385.85,50.31,93.38
2023-07,2023,7,81,กระบี่,Krabi,ภาคใต้,149203,147365,296568,1162.58,2279.23,3441.81,59.5,17811,10597,11605.47,44.59,93.2
2023-08,2023,8,81,กระบี่,Krabi,ภาคใต้,162748,153328,316076,1310.48,2413.08,3723.55,63.4,18170,11519,11780.55,47.72,91.56
2023-09,2023,9,81,กระบี่,Krabi,ภาคใต้,104037,105078,209115,843.66,1581.15,2424.81,42.6,17894,7622,11595.58,46.61,91.36
2023-10,2023,10,81,กระบี่,Krabi,ภาคใต้,112032,111642,223674,937.91,1648.02,2585.93,47.8,18090,8647,11561.16,30.02,72.36
2023-11,2023,11,81,กระบี่,Krabi,ภาคใต้,172510,168528,341038,1429.92,2576.28,4006.2,72.6,18226,13232,11747.08,34.76,77.57
2023-12,2023,12,81,กระบี่,Krabi,ภาคใต้,254278,267572,521850,2091.81,4066.05,6157.86,96.5,17754,17132,11800.06,40.43,83.43
2024-01,2024,1,81,กระบี่,Krabi,ภาคใต้,221602,365713,587315,1882.8,6023.67,7906.47,96.5,18250,17611,13462.06,19.18,42.09
2024-02,2024,2,81,กระบี่,Krabi,ภาคใต้,221367,344842,566209,1882.34,5788.37,7670.7,96.5,17850,17225,13547.47,22.2,38.44
2024-03,2024,3,81,กระบี่,Krabi,ภาคใต้,178607,288523,467130,1543.82,4748.5,6292.31,88.6,17857,15821,13470.15,19.23,38.2
2024-04,2024,4,81,กระบี่,Krabi,ภาคใต้,158970,300764,459734,1438.9,4958.02,6396.91,81.9,17967,14714,13914.37,24.88,53.25
2024-05,2024,5,81,กระบี่,Krabi,ภาคใต้,119870,226764,346634,1022.84,3760.45,4783.29,64.7,17642,11414,13799.25,28.15,57.25
2024-06,2024,6,81,กระบี่,Krabi,ภาคใต้,117295,186528,303823,1027.3,3015.59,4042.89,60.1,17801,10698,13306.73,13.01,32.08
2024-07,2024,7,81,กระบี่,Krabi,ภาคใต้,132468,205625,338093,1157.74,3492.68,4650.42,63.9,17938,11462,13754.85,14.0,35.12
2024-08,2024,8,81,กระบี่,Krabi,ภาคใต้,127217,225693,352910,1099.63,3849.47,4949.1,70.0,17654,12357,14023.69,11.65,32.91
2024-09,2024,9,81,กระบี่,Krabi,ภาคใต้,98840,165216,264056,863.54,2790.17,3653.71,47.5,18343,8712,13836.88,26.27,50.68
2024-10,2024,10,81,กระบี่,Krabi,ภาคใต้,104520,178693,283213,916.02,2917.0,3833.02,51.9,17764,9219,13534.05,26.62,48.23
2024-11,2024,11,81,กระบี่,Krabi,ภาคใต้,151797,266385,418182,1328.03,4599.7,5927.73,81.5,17817,14520,14175.0,22.62,47.96
2024-12,2024,12,81,กระบี่,Krabi,ภาคใต้,227288,365160,592448,2075.05,6168.27,8243.32,96.5,18198,17561,13914.0,13.53,33.87
2019-01,2019,1,82,พังงา,Phangnga,ภาคใต้,101669,210342,312011,824.87,3213.52,4038.39,96.5,10837,10457,12943.1,0.0,0.0
2019-02,2019,2,82,พังงา,Phangnga,ภาคใต้,113700,199831,313531,885.38,2917.27,3802.65,96.5,11006,10620,12128.47,0.0,0.0
2019-03,2019,3,82,พังงา,Phangnga,ภาคใต้,85625,177719,263344,669.87,2679.56,3349.43,89.4,10963,9800,12718.84,0.0,0.0
2019-04,2019,4,82,พังงา,Phangnga,ภาคใต้,78441,163110,241551,610.92,2401.57,3012.49,79.8,11054,8821,12471.44,0.0,0.0
2019-05,2019,5,82,พังงา,Phangnga,ภาคใต้,65773,118843,184616,522.76,1782.66,2305.42,60.4,10932,6602,12487.65,0.0,0.0
2019-06,2019,6,82,พังงา,Phangnga,ภาคใต้,64645,124357,189002,504.11,1899.86,2403.97,57.8,10807,6246,12719.28,0.0,0.0
2019-07,2019,7,82,พังงา,Phangnga,ภาคใต้,75103,122595,197698,582.5,1817.35,2399.85,65.3,11019,7195,12138.97,0.0,0.0
2019-08,2019,8,82,พังงา,Phangnga,ภาคใต้,66447,134503,200950,521.57,2008.01,2529.57,65.5,11185,7326,12588.06,0.0,0.0
2019-09,2019,9,82,พังงา,Phangnga,ภาคใต้,54044,88597,142641,413.86,1315.6,1729.47,45.4,10815,4910,12124.63,0.0,0.0
2019-10,2019,10,82,พังงา,Phangnga,ภาคใต้,54463,102256,156719,422.69,1509.22,1931.91,49.4,11210,5537,12327.22,0.0,0.0
2019-11,2019,11,82,พังงา,Phangnga,ภาคใต้,88526,145161,233687,696.75,2071.88,2768.62,79.3,10998,8721,11847.56,0.0,0.0
2019-12,2019,12,82,พังงา,Phangnga,ภาคใต้,121370,216892,338262,925.95,3280.43,4206.38,96.5,11027,10641,12435.27,0.0,0.0
2020-01,2020,1,82,พังงา,Phangnga,ภาคใต้,100857,20602,121459,649.65,250.99,900.64,43.7,11159,4876,7415.18,-61.07,-77.7
2020-02,2020,2,82,พังงา,Phangnga,ภาคใต้,98273,18243,116516,632.98,228.59,861.57,42.1,10860,4572,7394.44,-62.84,-77.34
2020-03,2020,3,82,พังงา,Phangnga,ภาคใต้,91160,17688,108848,595.15,218.79,813.94,36.8,11084,4078,7477.77,-58.67,-75.7
2020-04,2020,4,82,พังงา,Phangnga,ภาคใต้,79184,14455,93639,544.59,175.46,720.06,34.1,10882,3710,7689.74,-61.23,-76.1
2020-05,2020,5,82,พังงา,Phangnga,ภาคใต้,64047,12818,76865,431.54,160.55,592.08,26.0,10784,2803,7702.86,-58.36,-74.32
2020-06,2020,6,82,พังงา,Phangnga,ภาคใต้,60515,11764,72279,403.76,150.95,554.71,23.1,10918,2522,7674.57,-61.76,-76.93
2020-07,2020,7,82,พังงา,Phangnga,ภาคใต้,64717,12605,77322,437.0,152.36,589.36,26.9,10863,2922,7622.15,-60.89,-75.44
2020-08,2020,8,82,พังงา,Phangnga,ภาคใต้,70760,13015,83775,458.54,162.1,620.64,27.5,11145,3064,7408.42,-58.31,-75.46
2020-09,2020,9,82,พังงา,Phangnga,ภาคใต้,48821,9318,58139,324.53,114.6,439.13,19.2,10931,2098,7553.11,-59.24,-74.61
2020-10,2020,10,82,พังงา,Phangnga,ภาคใต้,48784,9146,57930,319.4,111.03,430.43,21.2,11039,2340,7430.17,-63.04,-77.72
2020-11,2020,11,82,พังงา,Phangnga,ภาคใต้,80639,15814,96453,532.96,202.13,735.08,33.0,10943,3611,7621.12,-58.73,-73.45
2020-12,2020,12,82,พังงา,Phangnga,ภาคใต้,116168,22962,139130,790.08,285.84,1075.92,46.8,10907,5104,7733.2,-58.87,-74.42
2021-01,2021,1,82,พังงา,Phangnga,ภาคใต้,77513,5341,82854,495.21,61.85,557.05,31.5,10908,3436,6723.27,-31.78,-38.15
2021-02,2021,2,82,พังงา,Phangnga,ภาคใต้,79456,5375,84831,507.02,61.23,568.25,28.7,10943,3140,6698.61,-27.19,-34.04
2021-03,2021,3,82,พังงา,Phangnga,ภาคใต้,68261,4918,73179,439.18,56.28,495.47,26.4,10854,2865,6770.66,-32.77,-39.13
2021-04,2021,4,82,พังงา,Phangnga,ภาคใต้,64265,4640,68905,386.8,53.17,439.97,23.2,10906,2530,6385.17,-26.41,-38.9
2021-05,2021,5,82,พังงา,Phangnga,ภาคใต้,44429,3060,47489,277.22,35.84,313.06,18.4,10915,2008,6592.26,-38.22,-47.13
2021-06,2021,6,82,พังงา,Phangnga,ภาคใต้,45517,3183,48700,292.39,37.44,329.82,17.4,11215,1951,6772.48,-32.62,-40.54
2021-07,2021,7,82,พังงา,Phangnga,ภาคใต้,48953,3492,52445,310.43,39.94,350.37,18.7,10972,2051,6680.71,-32.17,-40.55
2021-08,2021,8,82,พังงา,Phangnga,ภาคใต้,48148,3302,51450,303.84,38.77,342.62,19.1,11215,2142,6659.28,-38.59,-44.8
2021-09,2021,9,82,พังงา,Phangnga,ภาคใต้,34168,2288,36456,220.08,27.28,247.37,15.0,11063,1659,6785.44,-37.3,-43.67
2021-10,2021,10,82,พังงา,Phangnga,ภาคใต้,38668,2617,41285,245.63,29.97,275.61,15.0,11192,1678,6675.79,-28.73,-35.97
2021-11,2021,11,82,พังงา,Phangnga,ภาคใต้,59593,4079,63672,386.73,48.73,435.46,23.0,10807,2485,6839.11,-33.99,-40.76
2021-12,2021,12,82,พังงา,Phangnga,ภาคใต้,87429,6382,93811,568.52,76.52,645.04,33.1,10875,3599,6875.95,-32.57,-40.05
2022-01,2022,1,82,พังงา,Phangnga,ภาคใต้,137992,59678,197670,1037.71,825.08,1862.79,69.3,10860,7525,9423.74,138.58,234.4
2022-02,2022,2,82,พังงา,Phangnga,ภาคใต้,140430,60329,200759,1039.14,872.11,1911.25,65.9,10982,7237,9520.12,136.66,236.34
2022-03,2022,3,82,พังงา,Phangnga,ภาคใต้,111595,51000,162595,804.74,701.48,1506.23,60.1,10875,6535,9263.69,122.19,204.0
2022-04,2022,4,82,พังงา,Phangnga,ภาคใต้,111015,48531,159546,800.29,679.05,1479.34,55.2,10937,6037,9272.18,131.54,236.24
2022-05,2022,5,82,พังงา,Phangnga,ภาคใต้,79897,35855,115752,595.32,509.25,1104.58,40.1,11199,4490,9542.64,143.74,252.83
2022-06,2022,6,82,พังงา,Phangnga,ภาคใต้,75750,32766,108516,554.72,468.25,1022.97,39.2,10856,4255,9426.9,122.83,210.16
2022-07,2022,7,82,พังงา,Phangnga,ภาคใต้,89215,43286,132501,653.0,622.32,1275.32,44.4,11083,4920,9624.98,152.65,263.99
2022-08,2022,8,82,พังงา,Phangnga,ภาคใต้,88608,40009,128617,651.94,549.58,1201.52,44.8,11035,4943,9341.84,149.98,250.69
2022-09,2022,9,82,พังงา,Phangnga,ภาคใต้,61027,26134,87161,438.14,367.71,805.84,31.3,11154,3491,9245.42,139.09,225.76
2022-10,2022,10,82,พังงา,Phangnga,ภาคใต้,65611,31608,97219,483.22,456.68,939.9,34.2,11089,3792,9667.86,135.48,241.03
2022-11,2022,11,82,พังงา,Phangnga,ภาคใต้,100112,46705,146817,758.6,678.04,1436.65,51.9,10964,5690,9785.31,130.58,229.92
2022-12,2022,12,82,พังงา,Phangnga,ภาคใต้,156747,66764,223511,1149.32,926.69,2076.01,75.6,10960,8285,9288.18,138.26,221.84
2023-01,2023,1,82,พังงา,Phangnga,ภาคใต้,120633,153103,273736,1035.99,2372.32,3408.31,90.2,11017,9937,12451.08,38.48,82.97
2023-02,2023,2,82,พังงา,Phangnga,ภาคใต้,134018,138833,272851,1139.73,2170.78,3310.51,86.0,11081,9529,12133.03,35.91,73.21
2023-03,2023,3,82,พังงา,Phangnga,ภาคใต้,108364,129865,238229,913.54,2073.0,2986.54,78.2,11133,8706,12536.43,46.52,98.28
2023-04,2023,4,82,พังงา,Phangnga,ภาคใต้,104145,110497,214642,908.56,1697.19,2605.75,69.5,10931,7597,12139.98,34.53,76.14
2023-05,2023,5,82,พังงา,Phangnga,ภาคใต้,77950,88769,166719,681.8,1461.53,2143.33,53.4,11136,5946,12855.94,44.03,94.04
2023-06,2023,6,82,พังงา,Phangnga,ภาคใต้,75684,82051,157735,628.33,1268.59,1896.91,49.8,10966,5461,12025.93,45.36,85.43
2023-07,2023,7,82,พังงา,Phangnga,ภาคใต้,82117,101533,183650,671.07,1585.89,2256.96,55.7,10825,6029,12289.46,38.6,76.97
2023-08,2023,8,82,พังงา,Phangnga,ภาคใต้,93312,97876,191188,765.55,1566.72,2332.27,57.6,11054,6367,12198.83,48.65,94.11
2023-09,2023,9,82,พังงา,Phangnga,ภาคใต้,60827,69282,130109,516.21,1121.07,1637.28,41.5,10975,4554,12583.91,49.27,103.18
2023-10,2023,10,82,พังงา,Phangnga,ภาคใต้,66746,73650,140396,568.4,1143.95,1712.34,46.1,10938,5042,12196.5,44.41,82.18
2023-11,2023,11,82,พังงา,Phangnga,ภาคใต้,98117,113805,211922,821.06,1767.03,2588.09,70.3,10875,7645,12212.46,44.34,80.15
2023-12,2023,12,82,พังงา,Phangnga,ภาคใต้,149711,160134,309845,1302.12,2537.11,3839.23,94.9,10793,10242,12390.81,38.63,84.93
2024-01,2024,1,82,พังงา,Phangnga,ภาคใต้,112654,232277,344931,1020.74,3960.91,4981.66,96.5,11050,10663,14442.48,26.01,46.16
2024-02,2024,2,82,พังงา,Phangnga,ภาคใต้,100379,219078,319457,952.99,3692.73,4645.72,96.5,11092,10703,14542.55,17.08,40.33
2024-03,2024,3,82,พังงา,Phangnga,ภาคใต้,93826,212848,306674,862.82,3750.62,4613.44,85.2,10897,9284,15043.47,28.73,54.47
2024-04,2024,4,82,พังงา,Phangnga,ภาคใต้,96412,182387,278799,876.47,3097.11,3973.57,79.1,10943,8655,14252.45,29.89,52.49
2024-05,2024,5,82,พังงา,Phangnga,ภาคใต้,75411,136604,212015,720.24,2422.34,3142.58,59.1,10886,6433,14822.44,27.17,46.62
2024-06,2024,6,82,พังงา,Phangnga,ภาคใต้,68061,127395,195456,619.05,2186.94,2805.99,56.9,10968,6240,14356.12,23.91,47.92
2024-07,2024,7,82,พังงา,Phangnga,ภาคใต้,64672,142871,207543,613.11,2420.95,3034.06,61.3,10952,6713,14618.95,13.01,34.43
2024-08,2024,8,82,พังงา,Phangnga,ภาคใต้,65290,148726,214016,612.03,2520.1,3132.12,65.6,11202,7348,14634.98,11.94,34.29
2024-09,2024,9,82,พังงา,Phangnga,ภาคใต้,47281,104171,151452,423.09,1762.0,2185.09,45.6,11151,5084,14427.61,16.4,33.46
2024-10,2024,10,82,พังงา,Phangnga,ภาคใต้,56384,113620,170004,518.2,1922.75,2440.95,49.2,10837,5331,14358.19,21.09,42.55
2024-11,2024,11,82,พังงา,Phangnga,ภาคใต้,74932,179416,254348,675.81,2998.2,3674.01,75.7,10956,8293,14444.82,20.02,41.96
2024-12,2024,12,82,พังงา,Phangnga,ภาคใต้,127889,252616,380505,1206.97,4478.03,5685.0,96.5,11016,10630,14940.67,22.8,48.08
2019-01,2019,1,83,ภูเก็ต,Phuket,ภาคใต้,375499,939015,1314514,3933.38,18062.33,21995.7,96.5,42959,41455,16732.95,0.0,0.0
2019-02,2019,2,83,ภูเก็ต,Phuket,ภาคใต้,316332,947841,1264173,3455.52,19703.2,23158.72,96.5,43232,41718,18319.26,0.0,0.0
2019-03,2019,3,83,ภูเก็ต,Phuket,ภาคใต้,269033,864184,1133217,2782.09,17469.89,20251.98,96.5,42376,40892,17871.23,0.0,0.0
2019-04,2019,4,83,ภูเก็ต,Phuket,ภาคใต้,219118,708151,927269,2367.98,13870.62,16238.6,96.1,43016,41338,17512.29,0.0,0.0
2019-05,2019,5,83,ภูเก็ต,Phuket,ภาคใต้,197764,541045,738809,2098.39,10565.81,12664.21,71.2,42138,30002,17141.39,0.0,0.0
2019-06,2019,6,83,ภูเก็ต,Phuket,ภาคใต้,192993,490229,683222,2102.55,10177.42,12279.97,68.7,43244,29708,17973.62,0.0,0.0
2019-07,2019,7,83,ภูเก็ต,Phuket,ภาคใต้,178275,582633,760908,1955.43,11439.64,13395.07,74.9,42584,31895,17604.06,0.0,0.0
2019-08,2019,8,83,ภูเก็ต,Phuket,ภาคใต้,204131,561967,766098,2217.9,11104.41,13322.31,80.2,42059,33731,17389.82,0.0,0.0
2019-09,2019,9,83,ภูเก็ต,Phuket,ภาคใต้,143100,396589,539689,1570.41,7671.47,9241.87,52.8,42472,22425,17124.44,0.0,0.0
2019-10,2019,10,83,ภูเก็ต,Phuket,ภาคใต้,162005,485689,647694,1683.75,9794.01,11477.76,60.1,42831,25741,17720.96,0.0,0.0
2019-11,2019,11,83,ภูเก็ต,Phuket,ภาคใต้,251818,739360,991178,2725.2,15033.95,17759.15,90.0,42264,38037,17917.22,0.0,0.0
2019-12,2019,12,83,ภูเก็ต,Phuket,ภาคใต้,324942,1063819,1388761,3471.51,20778.53,24250.05,96.5,42384,40900,17461.64,0.0,0.0
2020-01,2020,1,83,ภูเก็ต,Phuket,ภาคใต้,388095,95074,483169,3385.55,1639.43,5024.98,53.2,42343,22526,10400.05,-63.24,-77.15
2020-02,2020,2,83,ภูเก็ต,Phuket,ภาคใต้,361363,82435,443798,3340.49,1388.3,4728.79,48.6,41940,20382,10655.28,-64.89,-79.58
2020-03,2020,3,83,ภูเก็ต,Phuket,ภาคใต้,346648,78449,425097,3146.03,1362.42,4508.45,44.4,42547,18890,10605.7,-62.49,-77.74
2020-04,2020,4,83,ภูเก็ต,Phuket,ภาคใต้,311104,72754,383858,2781.25,1283.41,4064.66,40.0,41758,16703,10588.97,-58.6,-74.97
2020-05,2020,5,83,ภูเก็ต,Phuket,ภาคใต้,226109,54818,280927,2049.05,949.82,2998.87,30.4,42241,12841,10674.91,-61.98,-76.32
2020-06,2020,6,83,ภูเก็ต,Phuket,ภาคใต้,214892,52369,267261,1898.57,915.85,2814.42,27.8,41991,11673,10530.6,-60.88,-77.08
2020-07,2020,7,83,ภูเก็ต,Phuket,ภาคใต้,239334,56736,296070,2143.41,966.78,3110.2,31.3,42687,13361,10504.95,-61.09,-76.78
2020-08,2020,8,83,ภูเก็ต,Phuket,ภาคใต้,261983,61459,323442,2385.59,1032.59,3418.18,32.3,43196,13952,10568.14,-57.78,-74.34
2020-09,2020,9,83,ภูเก็ต,Phuket,ภาคใต้,176975,42152,219127,1658.77,736.82,2395.59,22.5,42867,9645,10932.43,-59.4,-74.08
2020-10,2020,10,83,ภูเก็ต,Phuket,ภาคใต้,197799,46526,244325,1773.77,797.82,2571.59,25.1,42354,10630,10525.28,-62.28,-77.6
2020-11,2020,11,83,ภูเก็ต,Phuket,ภาคใต้,283398,67252,350650,2658.0,1135.94,3793.94,38.2,43216,16508,10819.73,-64.62,-78.64
2020-12,2020,12,83,ภูเก็ต,Phuket,ภาคใต้,403604,98187,501791,3511.54,1624.41,5135.95,54.4,43012,23398,10235.24,-63.87,-78.82
2021-01,2021,1,83,ภูเก็ต,Phuket,ภาคใต้,292388,22459,314847,2467.47,357.26,2824.73,38.0,42448,16130,8971.75,-34.84,-43.79
2021-02,2021,2,83,ภูเก็ต,Phuket,ภาคใต้,273884,21338,295222,2245.03,332.48,2577.51,35.2,43072,15161,8730.75,-33.48,-45.49
2021-03,2021,3,83,ภูเก็ต,Phuket,ภาคใต้,247129,20964,268093,2094.3,322.87,2417.17,30.6,42780,13090,9016.16,-36.93,-46.39
2021-04,2021,4,83,ภูเก็ต,Phuket,ภาคใต้,248293,20259,268552,2176.12,320.86,2496.98,28.2,42185,11896,9297.94,-30.04,-38.57
2021-05,2021,5,83,ภูเก็ต,Phuket,ภาคใต้,176534,13635,190169,1508.68,221.42,1730.1,21.5,42848,9212,9097.7,-32.31,-42.31
2021-06,2021,6,83,ภูเก็ต,Phuket,ภาคใต้,164889,14081,178970,1373.92,219.09,1593.02,19.7,42111,8295,8901.04,-33.04,-43.4
2021-07,2021,7,83,ภูเก็ต,Phuket,ภาคใต้,177668,13864,191532,1478.74,214.59,1693.32,22.1,42826,9464,8840.92,-35.31,-45.56
2021-08,2021,8,83,ภูเก็ต,Phuket,ภาคใต้,190494,16028,206522,1571.33,257.17,1828.49,23.8,42856,10199,8853.73,-36.15,-46.51
2021-09,2021,9,83,ภูเก็ต,Phuket,ภาคใต้,136135,10836,146971,1140.46,180.03,1320.49,16.5,42554,7021,8984.7,-32.93,-44.88
2021-10,2021,10,83,ภูเก็ต,Phuket,ภาคใต้,154843,13041,167884,1306.54,215.44,1521.99,18.4,41918,7712,9065.72,-31.29,-40.82
2021-11,2021,11,83,ภูเก็ต,Phuket,ภาคใต้,240779,18551,259330,2073.57,307.57,2381.14,28.3,41989,11882,9181.89,-26.04,-37.24
2021-12,2021,12,83,ภูเก็ต,Phuket,ภาคใต้,312745,24877,337622,2696.97,382.34,3079.31,38.4,43035,16525,9120.58,-32.72,-40.04
2022-01,2022,1,83,ภูเก็ต,Phuket,ภาคใต้,476929,267085,744014,4711.51,5045.65,9757.16,81.4,42379,34496,13114.22,136.31,245.42
2022-02,2022,2,83,ภูเก็ต,Phuket,ภาคใต้,492307,283885,776192,5151.14,5203.63,10354.77,77.3,42917,33174,13340.48,162.92,301.74
2022-03,2022,3,83,ภูเก็ต,Phuket,ภาคใต้,416080,225921,642001,4253.45,4322.29,8575.75,68.2,42061,28685,13357.85,139.47,254.78
2022-04,2022,4,83,ภูเก็ต,Phuket,ภาคใต้,401296,213920,615216,4210.0,3968.94,8178.94,65.1,43285,28178,13294.42,129.09,227.55
2022-05,2022,5,83,ภูเก็ต,Phuket,ภาคใต้,313251,169698,482949,3268.94,3254.3,6523.24,47.9,42505,20359,13507.1,153.96,277.04
2022-06,2022,6,83,ภูเก็ต,Phuket,ภาคใต้,273411,158359,431770,2782.07,3045.41,5827.48,46.9,42038,19715,13496.72,141.25,265.81
2022-07,2022,7,83,ภูเก็ต,Phuket,ภาคใต้,302837,175774,478611,2970.23,3210.53,6180.76,52.3,42747,22356,12913.95,149.89,265.01
2022-08,2022,8,83,ภูเก็ต,Phuket,ภาคใต้,328376,180470,508846,3344.14,3378.41,6722.55,51.8,42080,21797,13211.36,146.39,267.66
2022-09,2022,9,83,ภูเก็ต,Phuket,ภาคใต้,207918,122527,330445,2041.5,2308.36,4349.86,36.3,43211,15685,13163.64,124.84,229.41
2022-10,2022,10,83,ภูเก็ต,Phuket,ภาคใต้,253039,139733,392772,2523.06,2636.71,5159.78,40.1,42428,17013,13136.83,133.95,239.02
2022-11,2022,11,83,ภูเก็ต,Phuket,ภาคใต้,365132,216914,582046,3711.79,4210.84,7922.62,61.6,43244,26638,13611.67,124.44,232.72
2022-12,2022,12,83,ภูเก็ต,Phuket,ภาคใต้,542939,310319,853258,5672.23,6120.41,11792.64,87.9,42880,37691,13820.72,152.73,282.96
2023-01,2023,1,83,ภูเก็ต,Phuket,ภาคใต้,392749,672784,1065533,4357.59,14630.86,18988.45,96.5,42579,41088,17820.61,43.21,94.61
2023-02,2023,2,83,ภูเก็ต,Phuket,ภาคใต้,428919,671173,1100092,4756.41,14961.41,19717.82,96.5,43058,41550,17923.79,41.73,90.42
2023-03,2023,3,83,ภูเก็ต,Phuket,ภาคใต้,375514,620423,995937,4137.04,13802.57,17939.61,92.1,42014,38694,18012.8,55.13,109.19
2023-04,2023,4,83,ภูเก็ต,Phuket,ภาคใต้,326903,510639,837542,3862.43,11218.68,15081.1,82.3,42816,35237,18006.38,36.14,84.39
2023-05,2023,5,83,ภูเก็ต,Phuket,ภาคใต้,236814,428846,665660,2777.16,9246.48,12023.64,65.3,42495,27749,18062.73,37.83,84.32
2023-06,2023,6,83,ภูเก็ต,Phuket,ภาคใต้,249264,375534,624798,2831.31,7820.15,10651.46,61.1,42497,25965,17047.85,44.71,82.78
2023-07,2023,7,83,ภูเก็ต,Phuket,ภาคใต้,257714,415781,673495,2933.46,9321.19,12254.66,66.0,41933,27675,18195.62,40.72,98.27
2023-08,2023,8,83,ภูเก็ต,Phuket,ภาคใต้,301693,428197,729890,3480.02,9271.95,12751.97,67.6,42501,28730,17471.08,43.44,89.69
2023-09,2023,9,83,ภูเก็ต,Phuket,ภาคใต้,185547,309843,495390,2109.72,6543.36,8653.08,48.7,41699,20307,17467.21,49.92,98.93
2023-10,2023,10,83,ภูเก็ต,Phuket,ภาคใต้,232547,339381,571928,2636.56,7586.4,10222.95,53.0,42436,22491,17874.54,45.61,98.13
2023-11,2023,11,83,ภูเก็ต,Phuket,ภาคใต้,346149,522799,868948,3848.11,10871.92,14720.03,82.9,42095,34896,16940.06,49.29,85.8
2023-12,2023,12,83,ภูเก็ต,Phuket,ภาคใต้,474457,725514,1199971,5403.33,15568.22,20971.55,96.5,41656,40198,17476.71,40.63,77.84
2024-01,2024,1,83,ภูเก็ต,Phuket,ภาคใต้,284377,1058700,1343077,3650.62,25079.04,28729.65,96.5,42961,41457,21390.92,26.05,51.3
2024-02,2024,2,83,ภูเก็ต,Phuket,ภาคใต้,249021,1093445,1342466,3120.95,25911.93,29032.88,96.5,42866,41365,21626.53,22.03,47.24
2024-03,2024,3,83,ภูเก็ต,Phuket,ภาคใต้,251197,826071,1077268,3037.85,19488.39,22526.24,96.5,42097,40623,20910.53,8.17,25.57
2024-04,2024,4,83,ภูเก็ต,Phuket,ภาคใต้,184446,834068,1018514,2265.83,19501.03,21766.86,93.1,43013,40045,21371.19,21.61,44.33
2024-05,2024,5,83,ภูเก็ต,Phuket,ภาคใต้,169200,597636,766836,2150.69,13732.86,15883.55,70.2,42199,29623,20713.1,15.2,32.1
2024-06,2024,6,83,ภูเก็ต,Phuket,ภาคใต้,160216,595490,755706,2079.34,13649.98,15729.32,65.3,41726,27247,20814.07,20.95,47.67
2024-07,2024,7,83,ภูเก็ต,Phuket,ภาคใต้,168863,639967,808830,2113.41,14621.32,16734.73,73.2,43153,31587,20690.05,20.09,36.56
2024-08,2024,8,83,ภูเก็ต,Phuket,ภาคใต้,156371,696933,853304,1916.29,16331.33,18247.62,76.4,42754,32664,21384.66,16.91,43.1
2024-09,2024,9,83,ภูเก็ต,Phuket,ภาคใต้,150322,459106,609428,1946.66,10610.05,12556.7,52.6,43042,22640,20604.07,23.02,45.11
2024-10,2024,10,83,ภูเก็ต,Phuket,ภาคใต้,131244,498237,629481,1703.55,11952.72,13656.27,57.3,41850,23980,21694.49,10.06,33.58
2024-11,2024,11,83,ภูเก็ต,Phuket,ภาคใต้,250009,774752,1024761,3101.72,17655.97,20757.69,90.1,42605,38387,20256.13,17.93,41.02
2024-12,2024,12,83,ภูเก็ต,Phuket,ภาคใต้,287375,1184289,1471664,3689.89,27585.2,31275.09,96.5,42048,40576,21251.52,22.64,49.13
2019-01,2019,1,84,สุราษฎร์ธานี,Surat Thani,ภาคใต้,291652,352205,643857,2448.75,5256.56,7705.32,96.5,20959,20225,11967.44,0.0,0.0
2019-02,2019,2,84,สุราษฎร์ธานี,Surat Thani,ภาคใต้,245398,321943,567341,2041.51,4846.8,6888.31,96.5,21256,20512,12141.39,0.0,0.0
2019-03,2019,3,84,สุราษฎร์ธานี,Surat Thani,ภาคใต้,242099,265651,507750,1959.23,4057.2,6016.43,86.8,21327,18511,11849.2,0.0,0.0
2019-04,2019,4,84,สุราษฎร์ธานี,Surat Thani,ภาคใต้,218180,267862,486042,1800.61,3955.18,5755.79,77.1,20997,16188,11842.17,0.0,0.0
2019-05,2019,5,84,สุราษฎร์ธานี,Surat Thani,ภาคใต้,159745,216807,376552,1246.29,3322.79,4569.08,58.3,21379,12463,12133.99,0.0,0.0
2019-06,2019,6,84,สุราษฎร์ธานี,Surat Thani,ภาคใต้,149323,177930,327253,1177.89,2611.72,3789.61,54.9,20974,11514,11580.06,0.0,0.0
2019-07,2019,7,84,สุราษฎร์ธานี,Surat Thani,ภาคใต้,165988,199572,365560,1373.13,3114.15,4487.28,61.5,20769,12772,12275.08,0.0,0.0
2019-08,2019,8,84,สุราษฎร์ธานี,Surat Thani,ภาคใต้,180034,236887,416921,1442.07,3521.37,4963.44,64.2,21401,13739,11904.99,0.0,0.0
2019-09,2019,9,84,สุราษฎร์ธานี,Surat Thani,ภาคใต้,122454,143416,265870,962.05,2254.23,3216.28,46.3,20752,9608,12097.19,0.0,0.0
2019-10,2019,10,84,สุราษฎร์ธานี,Surat Thani,ภาคใต้,130117,177461,307578,1039.85,2721.43,3761.28,50.5,20723,10465,12228.7,0.0,0.0
2019-11,2019,11,84,สุราษฎร์ธานี,Surat Thani,ภาคใต้,226458,251692,478150,1833.74,3783.34,5617.08,78.4,20978,16446,11747.53,0.0,0.0
2019-12,2019,12,84,สุราษฎร์ธานี,Surat Thani,ภาคใต้,317985,384544,702529,2545.02,5678.03,8223.05,96.5,20848,20118,11704.93,0.0,0.0
2020-01,2020,1,84,สุราษฎร์ธานี,Surat Thani,ภาคใต้,201029,32263,233292,1334.16,410.31,1744.48,41.6,20957,8718,7477.67,-63.77,-77.36
2020-02,2020,2,84,สุราษฎร์ธานี,Surat Thani,ภาคใต้,189447,30233,219680,1311.93,379.59,1691.53,40.6,21180,8599,7699.97,-61.28,-75.44
2020-03,2020,3,84,สุราษฎร์ธานี,Surat Thani,ภาคใต้,173597,27924,201521,1235.82,367.97,1603.8,35.1,20624,7239,7958.48,-60.31,-73.34
2020-04,2020,4,84,สุราษฎร์ธานี,Surat Thani,ภาคใต้,155176,26078,181254,1047.02,337.98,1384.99,32.1,21170,6795,7641.16,-62.71,-75.94
2020-05,2020,5,84,สุราษฎร์ธานี,Surat Thani,ภาคใต้,121134,19659,140793,845.68,252.34,1098.01,25.7,20709,5322,7798.75,-62.61,-75.97
2020-06,2020,6,84,สุราษฎร์ธานี,Surat Thani,ภาคใต้,117933,19574,137507,802.52,258.46,1060.97,23.4,20970,4906,7715.75,-57.98,-72.0
2020-07,2020,7,84,สุราษฎร์ธานี,Surat Thani,ภาคใต้,132951,21618,154569,909.67,269.8,1179.47,26.9,20659,5557,7630.7,-57.72,-73.72
2020-08,2020,8,84,สุราษฎร์ธานี,Surat Thani,ภาคใต้,136458,21901,158359,921.13,278.99,1200.13,26.4,21265,5613,7578.54,-62.02,-75.82
2020-09,2020,9,84,สุราษฎร์ธานี,Surat Thani,ภาคใต้,89853,14619,104472,641.09,188.51,829.61,19.2,21380,4104,7940.98,-60.71,-74.21
2020-10,2020,10,84,สุราษฎร์ธานี,Surat Thani,ภาคใต้,105208,16249,121457,730.86,201.64,932.5,20.5,21327,4372,7677.61,-60.51,-75.21
2020-11,2020,11,84,สุราษฎร์ธานี,Surat Thani,ภาคใต้,162852,25187,188039,1111.79,333.18,1444.97,32.8,20958,6874,7684.42,-60.67,-74.28
2020-12,2020,12,84,สุราษฎร์ธานี,Surat Thani,ภาคใต้,223648,37399,261047,1485.95,484.48,1970.43,45.5,21233,9661,7548.18,-62.84,-76.04
2021-01,2021,1,84,สุราษฎร์ธานี,Surat Thani,ภาคใต้,149925,9087,159012,976.2,110.42,1086.62,29.9,20901,6249,6833.57,-31.84,-37.71
2021-02,2021,2,84,สุราษฎร์ธานี,Surat Thani,ภาคใต้,143588,8688,152276,914.62,103.22,1017.84,28.3,21101,5971,6684.18,-30.68,-39.83
2021-03,2021,3,84,สุราษฎร์ธานี,Surat Thani,ภาคใต้,135434,7765,143199,908.63,93.87,1002.5,26.1,21333,5567,7000.75,-28.94,-37.49
2021-04,2021,4,84,สุราษฎร์ธานี,Surat Thani,ภาคใต้,124703,7526,132229,806.37,94.03,900.41,23.9,20730,4954,6809.47,-27.05,-34.99
2021-05,2021,5,84,สุราษฎร์ธานี,Surat Thani,ภาคใต้,91234,5292,96526,595.8,64.41,660.21,18.1,20822,3768,6839.71,-31.44,-39.87
2021-06,2021,6,84,สุราษฎร์ธานี,Surat Thani,ภาคใต้,87161,5262,92423,568.96,65.41,634.38,16.7,21175,3536,6863.88,-32.79,-40.21
2021-07,2021,7,84,สุราษฎร์ธานี,Surat Thani,ภาคใต้,89512,5274,94786,598.84,62.29,661.13,19.3,20769,4008,6974.98,-38.68,-43.95
2021-08,2021,8,84,สุราษฎร์ธานี,Surat Thani,ภาคใต้,98349,5732,104081,643.26,67.4,710.66,19.9,20658,4110,6827.95,-34.28,-40.78
2021-09,2021,9,84,สุราษฎร์ธานี,Surat Thani,ภาคใต้,69352,3990,73342,450.58,50.32,500.91,15.0,20586,3087,6829.78,-29.8,-39.62
2021-10,2021,10,84,สุราษฎร์ธานี,Surat Thani,ภาคใต้,70986,4256,75242,476.49,49.99,526.48,15.1,21212,3203,6997.16,-38.05,-43.54
2021-11,2021,11,84,สุราษฎร์ธานี,Surat Thani,ภาคใต้,109215,6348,115563,696.02,76.89,772.9,23.5,21270,4998,6688.13,-38.54,-46.51
2021-12,2021,12,84,สุราษฎร์ธานี,Surat Thani,ภาคใต้,160716,9333,170049,1016.81,117.72,1134.53,32.7,21214,6936,6671.78,-34.86,-42.42
2022-01,2022,1,84,สุราษฎร์ธานี,Surat Thani,ภาคใต้,295127,108981,404108,2175.17,1619.11,3794.28,71.3,20866,14877,9389.27,154.14,249.18
2022-02,2022,2,84,สุราษฎร์ธานี,Surat Thani,ภาคใต้,278908,95842,374750,2202.96,1347.5,3550.46,65.2,21129,13776,9474.21,146.1,248.82
2022-03,2022,3,84,สุราษฎร์ธานี,Surat Thani,ภาคใต้,240928,84458,325386,1890.76,1257.06,3147.81,58.7,20863,12246,9674.08,127.23,214.0
2022-04,2022,4,84,สุราษฎร์ธานี,Surat Thani,ภาคใต้,217590,74533,292123,1668.48,1076.52,2745.0,52.1,21195,11042,9396.73,120.92,204.86
2022-05,2022,5,84,สุราษฎร์ธานี,Surat Thani,ภาคใต้,168311,59637,227948,1278.83,884.28,2163.11,39.6,20635,8171,9489.49,136.15,227.64
2022-06,2022,6,84,สุราษฎร์ธานี,Surat Thani,ภาคใต้,154876,58491,213367,1145.88,816.09,1961.97,37.3,21111,7874,9195.28,130.86,209.27
2022-07,2022,7,84,สุราษฎร์ธานี,Surat Thani,ภาคใต้,173444,62219,235663,1344.54,927.56,2272.1,42.3,20681,8748,9641.31,148.63,243.67
2022-08,2022,8,84,สุราษฎร์ธานี,Surat Thani,ภาคใต้,174706,59081,233787,1288.7,835.62,2124.31,43.3,21130,9149,9086.52,124.62,198.92
2022-09,2022,9,84,สุราษฎร์ธานี,Surat Thani,ภาคใต้,119536,45041,164577,883.18,652.69,1535.87,30.6,21266,6507,9332.23,124.4,206.62
2022-10,2022,10,84,สุราษฎร์ธานี,Surat Thani,ภาคใต้,141990,52620,194610,1078.33,776.78,1855.11,34.3,20585,7060,9532.45,158.65,252.36
2022-11,2022,11,84,สุราษฎร์ธานี,Surat Thani,ภาคใต้,214913,82100,297013,1691.01,1193.12,2884.14,52.8,20863,11015,9710.48,157.01,273.16
2022-12,2022,12,84,สุราษฎร์ธานี,Surat Thani,ภาคใต้,311067,117713,428780,2348.49,1641.05,3989.54,72.5,20944,15184,9304.4,152.15,251.65
2023-01,2023,1,84,สุราษฎร์ธานี,Surat Thani,ภาคใต้,308820,273627,582447,2602.25,4642.97,7245.22,88.7,21409,18989,12439.28,44.13,90.95
2023-02,2023,2,84,สุราษฎร์ธานี,Surat Thani,ภาคใต้,285834,226340,512174,2554.86,3657.66,6212.52,87.4,20856,18228,12129.71,36.67,74.98
2023-03,2023,3,84,สุราษฎร์ธานี,Surat Thani,ภาคใต้,242579,200439,443018,2100.68,3355.38,5456.06,77.0,20991,16163,12315.66,36.15,73.33
2023-04,2023,4,84,สุราษฎร์ธานี,Surat Thani,ภาคใต้,220170,197349,417519,1844.4,3187.57,5031.97,69.7,20706,14432,12052.07,42.93,83.31
2023-05,2023,5,84,สุราษฎร์ธานี,Surat Thani,ภาคใต้,188526,148260,336786,1634.29,2360.29,3994.58,54.7,21000,11487,11860.88,47.75,84.67
2023-06,2023,6,84,สุราษฎร์ธานี,Surat Thani,ภาคใต้,175615,144360,319975,1493.96,2327.33,3821.29,50.2,21030,10557,11942.46,49.96,94.77
2023-07,2023,7,84,สุราษฎร์ธานี,Surat Thani,ภาคใต้,183882,142808,326690,1547.32,2393.52,3940.84,57.3,21019,12043,12062.93,38.63,73.44
2023-08,2023,8,84,สุราษฎร์ธานี,Surat Thani,ภาคใต้,204968,155162,360130,1798.46,2600.17,4398.63,58.6,20763,12167,12214.01,54.04,107.06
2023-09,2023,9,84,สุราษฎร์ธานี,Surat Thani,ภาคใต้,132428,110763,243191,1189.74,1886.27,3076.01,39.6,21006,8318,12648.54,47.77,100.28
2023-10,2023,10,84,สุราษฎร์ธานี,Surat Thani,ภาคใต้,149466,127787,277253,1305.91,2094.33,3400.23,43.0,20835,8959,12264.0,42.47,83.29
2023-11,2023,11,84,สุราษฎร์ธานี,Surat Thani,ภาคใต้,227676,193933,421609,1981.58,3144.16,5125.74,67.4,21375,14406,12157.57,41.95,77.72
2023-12,2023,12,84,สุราษฎร์ธานี,Surat Thani,ภาคใต้,344585,268852,613437,3118.58,4387.37,7505.96,96.5,20670,19946,12235.91,43.07,88.14
2024-01,2024,1,84,สุราษฎร์ธานี,Surat Thani,ภาคใต้,291374,376365,667739,2677.36,6984.56,9661.91,96.5,20932,20199,14469.59,14.64,33.36
2024-02,2024,2,84,สุราษฎร์ธานี,Surat Thani,ภาคใต้,255369,377924,633293,2396.35,6636.71,9033.05,93.3,21257,19832,14263.62,23.65,45.4
2024-03,2024,3,84,สุราษฎร์ธานี,Surat Thani,ภาคใต้,239627,312377,552004,2233.2,5431.52,7664.73,82.8,20636,17086,13885.28,24.6,40.48
2024-04,2024,4,84,สุราษฎร์ธานี,Surat Thani,ภาคใต้,204508,281029,485537,1952.76,4853.32,6806.08,75.5,20837,15731,14017.63,16.29,35.26
2024-05,2024,5,84,สุราษฎร์ธานี,Surat Thani,ภาคใต้,165951,224004,389955,1607.55,3902.65,5510.19,60.0,20813,12487,14130.32,15.79,37.94
2024-06,2024,6,84,สุราษฎร์ธานี,Surat Thani,ภาคใต้,155856,200465,356321,1499.33,3478.4,4977.72,54.1,21108,11419,13969.76,11.36,30.26
2024-07,2024,7,84,สุราษฎร์ธานี,Surat Thani,ภาคใต้,159000,229617,388617,1465.17,4008.92,5474.09,60.2,20666,12440,14086.08,18.96,38.91
2024-08,2024,8,84,สุราษฎร์ธานี,Surat Thani,ภาคใต้,178493,242313,420806,1704.14,4317.06,6021.2,65.0,20999,13649,14308.73,16.85,36.89
2024-09,2024,9,84,สุราษฎร์ธานี,Surat Thani,ภาคใต้,115858,171727,287585,1063.62,3182.22,4245.84,44.9,20722,9304,14763.77,18.25,38.03
2024-10,2024,10,84,สุราษฎร์ธานี,Surat Thani,ภาคใต้,131230,176708,307938,1240.77,3200.56,4441.33,49.6,21156,10493,14422.81,11.07,30.62
2024-11,2024,11,84,สุราษฎร์ธานี,Surat Thani,ภาคใต้,214606,290090,504696,2088.15,5097.22,7185.38,72.8,20746,15103,14237.05,19.71,40.18
2024-12,2024,12,84,สุราษฎร์ธานี,Surat Thani,ภาคใต้,322656,400899,723555,3092.76,6956.43,10049.19,96.5,20609,19887,13888.63,17.95,33.88
2019-01,2019,1,85,ระนอง,Ranong,ภาคใต้,148559,9780,158339,259.25,33.37,292.62,79.0,5539,4375,1848.06,0.0,0.0
2019-02,2019,2,85,ระนอง,Ranong,ภาคใต้,151700,9481,161181,268.68,30.79,299.47,75.0,5542,4156,1857.97,0.0,0.0
2019-03,2019,3,85,ระนอง,Ranong,ภาคใต้,123525,8079,131604,226.81,26.47,253.28,69.3,5508,3817,1924.56,0.0,0.0
2019-04,2019,4,85,ระนอง,Ranong,ภาคใต้,116103,7122,123225,199.85,24.18,224.03,63.0,5459,3439,1818.06,0.0,0.0
2019-05,2019,5,85,ระนอง,Ranong,ภาคใต้,89010,5435,94445,160.45,18.41,178.86,47.9,5448,2609,1893.8,0.0,0.0
2019-06,2019,6,85,ระนอง,Ranong,ภาคใต้,82643,5051,87694,143.36,16.52,159.88,45.5,5557,2528,1823.16,0.0,0.0
2019-07,2019,7,85,ระนอง,Ranong,ภาคใต้,98479,6574,105053,175.08,21.37,196.46,49.2,5581,2745,1870.1,0.0,0.0
2019-08,2019,8,85,ระนอง,Ranong,ภาคใต้,94288,6210,100498,171.41,20.59,192.0,51.1,5517,2819,1910.49,0.0,0.0
2019-09,2019,9,85,ระนอง,Ranong,ภาคใต้,70521,4523,75044,126.42,15.66,142.09,35.9,5433,1950,1893.42,0.0,0.0
2019-10,2019,10,85,ระนอง,Ranong,ภาคใต้,74611,4684,79295,136.18,15.65,151.84,39.4,5564,2192,1914.87,0.0,0.0
2019-11,2019,11,85,ระนอง,Ranong,ภาคใต้,120252,7620,127872,216.29,26.21,242.5,61.9,5480,3392,1896.43,0.0,0.0
2019-12,2019,12,85,ระนอง,Ranong,ภาคใต้,170604,11332,181936,294.38,37.62,331.99,86.7,5458,4732,1824.76,0.0,0.0
2020-01,2020,1,85,ระนอง,Ranong,ภาคใต้,64249,985,65234,95.82,2.93,98.75,33.6,5425,1822,1513.78,-58.8,-66.25
2020-02,2020,2,85,ระนอง,Ranong,ภาคใต้,61325,972,62297,91.15,2.88,94.02,31.4,5456,1713,1509.22,-61.35,-68.6
2020-03,2020,3,85,ระนอง,Ranong,ภาคใต้,54600,833,55433,82.73,2.4,85.13,27.9,5558,1550,1535.73,-57.88,-66.39
2020-04,2020,4,85,ระนอง,Ranong,ภาคใต้,48181,724,48905,70.31,2.14,72.45,25.8,5592,1442,1481.44,-60.31,-67.66
2020-05,2020,5,85,ระนอง,Ranong,ภาคใต้,36027,543,36570,53.57,1.57,55.14,20.1,5583,1122,1507.79,-61.28,-69.17
2020-06,2020,6,85,ระนอง,Ranong,ภาคใต้,32762,499,33261,48.24,1.37,49.62,19.0,5555,1055,1491.84,-62.07,-68.96
2020-07,2020,7,85,ระนอง,Ranong,ภาคใต้,40074,638,40712,62.91,1.76,64.67,20.7,5575,1154,1588.48,-61.25,-67.08
2020-08,2020,8,85,ระนอง,Ranong,ภาคใต้,38892,581,39473,60.51,1.66,62.17,21.1,5578,1176,1575.0,-60.72,-67.62
2020-09,2020,9,85,ระนอง,Ranong,ภาคใต้,28378,449,28827,42.92,1.31,44.23,15.0,5471,820,1534.33,-61.59,-68.87
2020-10,2020,10,85,ระนอง,Ranong,ภาคใต้,31415,457,31872,47.65,1.26,48.91,16.7,5450,910,1534.58,-59.81,-67.79
2020-11,2020,11,85,ระนอง,Ranong,ภาคใต้,47468,720,48188,70.29,2.01,72.3,25.3,5556,1405,1500.37,-62.32,-70.19
2020-12,2020,12,85,ระนอง,Ranong,ภาคใต้,62067,913,62980,94.88,2.51,97.38,36.8,5537,2037,1546.21,-65.38,-70.67
2021-01,2021,1,85,ระนอง,Ranong,ภาคใต้,44913,273,45186,64.78,0.72,65.51,24.9,5450,1357,1449.79,-30.73,-33.66
2021-02,2021,2,85,ระนอง,Ranong,ภาคใต้,39865,243,40108,57.14,0.67,57.8,23.1,5595,1292,1441.11,-35.62,-38.52
2021-03,2021,3,85,ระนอง,Ranong,ภาคใต้,35563,208,35771,51.66,0.56,52.22,19.9,5449,1084,1459.84,-35.47,-38.66
2021-04,2021,4,85,ระนอง,Ranong,ภาคใต้,32970,208,33178,48.19,0.55,48.74,18.6,5398,1004,1469.05,-32.16,-32.73
2021-05,2021,5,85,ระนอง,Ranong,ภาคใต้,23943,139,24082,35.21,0.38,35.59,15.0,5427,814,1477.87,-34.15,-35.46
2021-06,2021,6,85,ระนอง,Ranong,ภาคใต้,23001,143,23144,33.37,0.39,33.76,15.0,5584,837,1458.69,-30.42,-31.96
2021-07,2021,7,85,ระนอง,Ranong,ภาคใต้,26521,152,26673,37.94,0.42,38.36,15.0,5465,819,1438.16,-34.48,-40.68
2021-08,2021,8,85,ระนอง,Ranong,ภาคใต้,26234,164,26398,37.92,0.43,38.36,15.4,5521,850,1453.14,-33.12,-38.3
2021-09,2021,9,85,ระนอง,Ranong,ภาคใต้,19010,117,19127,28.03,0.32,28.35,15.0,5390,808,1482.2,-33.65,-35.9
2021-10,2021,10,85,ระนอง,Ranong,ภาคใต้,20145,123,20268,29.54,0.32,29.86,15.0,5543,831,1473.26,-36.41,-38.95
2021-11,2021,11,85,ระนอง,Ranong,ภาคใต้,32464,189,32653,47.2,0.52,47.72,18.1,5593,1012,1461.43,-32.24,-34.0
2021-12,2021,12,85,ระนอง,Ranong,ภาคใต้,43523,262,43785,63.5,0.7,64.2,25.8,5494,1417,1466.26,-30.48,-34.07
2022-01,2022,1,85,ระนอง,Ranong,ภาคใต้,105278,3042,108320,176.44,9.69,186.13,54.6,5575,3043,1718.33,139.72,184.12
2022-02,2022,2,85,ระนอง,Ranong,ภาคใต้,93773,2845,96618,156.31,9.07,165.38,51.6,5578,2878,1711.69,140.89,186.12
2022-03,2022,3,85,ระนอง,Ranong,ภาคใต้,85380,2621,88001,148.08,8.43,156.51,47.0,5515,2592,1778.5,146.01,199.71
2022-04,2022,4,85,ระนอง,Ranong,ภาคใต้,74978,2151,77129,127.79,6.77,134.57,42.8,5496,2352,1744.74,132.47,176.1
2022-05,2022,5,85,ระนอง,Ranong,ภาคใต้,55104,1618,56722,91.23,5.25,96.48,32.6,5541,1806,1700.93,135.54,171.09
2022-06,2022,6,85,ระนอง,Ranong,ภาคใต้,52797,1515,54312,90.34,4.82,95.16,29.7,5456,1620,1752.1,134.67,181.87
2022-07,2022,7,85,ระนอง,Ranong,ภาคใต้,59345,1846,61191,100.41,5.86,106.27,33.8,5584,1887,1736.69,129.41,177.03
2022-08,2022,8,85,ระนอง,Ranong,ภาคใต้,59621,1756,61377,103.46,5.79,109.25,34.5,5593,1929,1779.98,132.51,184.8
2022-09,2022,9,85,ระนอง,Ranong,ภาคใต้,45107,1336,46443,74.17,4.39,78.55,24.9,5576,1388,1691.32,142.81,177.07
2022-10,2022,10,85,ระนอง,Ranong,ภาคใต้,48243,1473,49716,81.64,4.75,86.39,27.1,5589,1514,1737.67,145.29,189.32
2022-11,2022,11,85,ระนอง,Ranong,ภาคใต้,78426,2211,80637,137.94,7.21,145.15,40.7,5532,2251,1800.04,146.95,204.17
2022-12,2022,12,85,ระนอง,Ranong,ภาคใต้,100755,2986,103741,170.82,9.66,180.48,58.7,5404,3172,1739.72,136.93,181.12
2023-01,2023,1,85,ระนอง,Ranong,ภาคใต้,138037,6946,144983,261.09,25.75,286.84,73.1,5574,4074,1978.44,33.85,54.11
2023-02,2023,2,85,ระนอง,Ranong,ภาคใต้,132019,6572,138591,264.66,23.79,288.45,66.7,5598,3733,2081.3,43.44,74.42
2023-03,2023,3,85,ระนอง,Ranong,ภาคใต้,115217,5830,121047,219.45,20.96,240.4,61.1,5415,3308,1986.01,37.55,53.6
2023-04,2023,4,85,ระนอง,Ranong,ภาคใต้,99955,5280,105235,192.09,19.52,211.6,55.9,5508,3078,2010.74,36.44,57.24
2023-05,2023,5,85,ระนอง,Ranong,ภาคใต้,82255,4311,86566,157.18,15.18,172.36,42.8,5603,2398,1991.08,52.61,78.65
2023-06,2023,6,85,ระนอง,Ranong,ภาคใต้,76312,4054,80366,141.74,14.98,156.72,40.1,5507,2208,1950.08,47.97,64.69
2023-07,2023,7,85,ระนอง,Ranong,ภาคใต้,85187,4342,89529,163.85,16.0,179.84,43.8,5448,2386,2008.73,46.31,69.23
2023-08,2023,8,85,ระนอง,Ranong,ภาคใต้,91123,4514,95637,171.44,16.25,187.7,46.7,5545,2589,1962.63,55.82,71.81
2023-09,2023,9,85,ระนอง,Ranong,ภาคใต้,57851,2911,60762,108.16,10.8,118.96,31.4,5597,1757,1957.8,30.83,51.44
2023-10,2023,10,85,ระนอง,Ranong,ภาคใต้,66016,3437,69453,129.4,12.53,141.93,35.6,5441,1936,2043.54,39.7,64.29
2023-11,2023,11,85,ระนอง,Ranong,ภาคใต้,101020,5053,106073,197.39,18.14,215.53,54.5,5593,3048,2031.9,31.54,48.49
2023-12,2023,12,85,ระนอง,Ranong,ภาคใต้,145762,7725,153487,286.86,28.48,315.34,75.9,5428,4119,2054.51,47.95,74.72
2024-01,2024,1,85,ระนอง,Ranong,ภาคใต้,166773,10518,177291,352.92,42.43,395.36,79.3,5483,4348,2230.01,22.28,37.83
2024-02,2024,2,85,ระนอง,Ranong,ภาคใต้,147398,9763,157161,299.86,38.48,338.35,74.5,5502,4098,2152.89,13.4,17.3
2024-03,2024,3,85,ระนอง,Ranong,ภาคใต้,135258,8592,143850,282.3,34.62,316.92,66.0,5417,3575,2203.13,18.84,31.83
2024-04,2024,4,85,ระนอง,Ranong,ภาคใต้,124870,8690,133560,272.21,35.03,307.24,61.4,5391,3310,2300.39,26.92,45.2
2024-05,2024,5,85,ระนอง,Ranong,ภาคใต้,92355,6317,98672,187.39,24.41,211.8,46.9,5442,2552,2146.51,13.98,22.88
2024-06,2024,6,85,ระนอง,Ranong,ภาคใต้,84069,5883,89952,179.33,22.71,202.04,44.0,5427,2387,2246.09,11.93,28.92
2024-07,2024,7,85,ระนอง,Ranong,ภาคใต้,100504,7038,107542,211.03,26.86,237.9,48.4,5464,2644,2212.16,20.12,32.28
2024-08,2024,8,85,ระนอง,Ranong,ภาคใต้,100609,6880,107489,217.27,26.92,244.2,48.9,5463,2671,2271.86,12.39,30.1
2024-09,2024,9,85,ระนอง,Ranong,ภาคใต้,70024,4640,74664,145.44,18.51,163.95,35.2,5427,1910,2195.84,22.88,37.82
2024-10,2024,10,85,ระนอง,Ranong,ภาคใต้,84779,5424,90203,175.35,20.75,196.1,37.6,5595,2103,2173.99,29.88,38.17
2024-11,2024,11,85,ระนอง,Ranong,ภาคใต้,126145,8198,134343,262.03,32.49,294.51,59.3,5466,3241,2192.22,26.65,36.64
2024-12,2024,12,85,ระนอง,Ranong,ภาคใต้,179946,11984,191930,389.44,48.89,438.32,85.7,5559,4764,2283.75,25.05,39.0
2019-01,2019,1,86,ชุมพร,Chumphon,ภาคใต้,158205,9854,168059,274.51,34.3,308.82,80.7,5597,4516,1837.57,0.0,0.0
2019-02,2019,2,86,ชุมพร,Chumphon,ภาคใต้,143274,9609,152883,262.34,32.65,294.99,74.8,5579,4173,1929.51,0.0,0.0
2019-03,2019,3,86,ชุมพร,Chumphon,ภาคใต้,133729,8367,142096,244.85,28.05,272.9,67.9,5468,3712,1920.53,0.0,0.0
2019-04,2019,4,86,ชุมพร,Chumphon,ภาคใต้,111770,7142,118912,195.94,23.13,219.06,62.9,5403,3398,1842.2,0.0,0.0
2019-05,2019,5,86,ชุมพร,Chumphon,ภาคใต้,85443,5724,91167,154.66,18.85,173.51,48.1,5524,2657,1903.21,0.0,0.0
2019-06,2019,6,86,ชุมพร,Chumphon,ภาคใต้,89582,5681,95263,163.72,18.75,182.47,43.8,5455,2389,1915.43,0.0,0.0
2019-07,2019,7,86,ชุมพร,Chumphon,ภาคใต้,90541,5601,96142,155.81,19.2,175.01,49.7,5487,2727,1820.33,0.0,0.0
2019-08,2019,8,86,ชุมพร,Chumphon,ภาคใต้,101952,6718,108670,175.57,23.23,198.81,51.9,5420,2812,1829.48,0.0,0.0
2019-09,2019,9,86,ชุมพร,Chumphon,ภาคใต้,65633,4375,70008,115.96,14.5,130.45,36.4,5464,1988,1863.36,0.0,0.0
2019-10,2019,10,86,ชุมพร,Chumphon,ภาคใต้,76357,4791,81148,133.44,16.5,149.94,38.8,5500,2133,1847.74,0.0,0.0
2019-11,2019,11,86,ชุมพร,Chumphon,ภาคใต้,117161,7581,124742,203.18,25.3,228.49,59.0,5393,3181,1831.7,0.0,0.0
2019-12,2019,12,86,ชุมพร,Chumphon,ภาคใต้,169408,10747,180155,309.12,36.07,345.18,84.9,5487,4658,1916.02,0.0,0.0
2020-01,2020,1,86,ชุมพร,Chumphon,ภาคใต้,59289,883,60172,92.88,2.58,95.46,35.0,5441,1904,1586.45,-64.2,-69.09
2020-02,2020,2,86,ชุมพร,Chumphon,ภาคใต้,61021,973,61994,89.7,2.86,92.55,33.0,5483,1809,1492.89,-59.45,-68.63
2020-03,2020,3,86,ชุมพร,Chumphon,ภาคใต้,53432,798,54230,83.26,2.24,85.5,27.8,5583,1552,1576.62,-61.84,-68.67
2020-04,2020,4,86,ชุมพร,Chumphon,ภาคใต้,46349,688,47037,72.14,1.97,74.11,25.5,5597,1427,1575.57,-60.44,-66.17
2020-05,2020,5,86,ชุมพร,Chumphon,ภาคใต้,35854,568,36422,52.69,1.69,54.37,19.6,5599,1097,1492.78,-60.05,-68.66
2020-06,2020,6,86,ชุมพร,Chumphon,ภาคใต้,33448,510,33958,51.73,1.44,53.17,18.9,5557,1050,1565.76,-64.35,-70.86
2020-07,2020,7,86,ชุมพร,Chumphon,ภาคใต้,37512,567,38079,58.16,1.64,59.8,20.3,5520,1120,1570.42,-60.39,-65.83
2020-08,2020,8,86,ชุมพร,Chumphon,ภาคใต้,40953,651,41604,60.73,1.84,62.57,21.4,5463,1169,1503.94,-61.72,-68.53
2020-09,2020,9,86,ชุมพร,Chumphon,ภาคใต้,25725,392,26117,39.11,1.12,40.23,15.5,5590,866,1540.38,-62.69,-69.16
2020-10,2020,10,86,ชุมพร,Chumphon,ภาคใต้,30876,474,31350,45.07,1.33,46.4,16.8,5437,913,1480.06,-61.37,-69.05
2020-11,2020,11,86,ชุมพร,Chumphon,ภาคใต้,46682,724,47406,70.72,2.03,72.75,24.7,5569,1375,1534.62,-62.0,-68.16
2020-12,2020,12,86,ชุมพร,Chumphon,ภาคใต้,69037,1004,70041,107.38,2.96,110.34,35.5,5604,1989,1575.36,-61.12,-68.03
2021-01,2021,1,86,ชุมพร,Chumphon,ภาคใต้,42657,269,42926,61.98,0.7,62.69,24.5,5539,1357,1460.42,-28.66,-34.33
2021-02,2021,2,86,ชุมพร,Chumphon,ภาคใต้,39288,233,39521,56.6,0.64,57.24,22.5,5472,1231,1448.34,-36.25,-38.15
2021-03,2021,3,86,ชุมพร,Chumphon,ภาคใต้,33872,203,34075,46.53,0.56,47.09,20.6,5595,1152,1381.95,-37.17,-44.92
2021-04,2021,4,86,ชุมพร,Chumphon,ภาคใต้,33732,196,33928,46.57,0.53,47.11,19.1,5454,1041,1388.53,-27.87,-36.43
2021-05,2021,5,86,ชุมพร,Chumphon,ภาคใต้,25782,160,25942,37.13,0.44,37.57,15.0,5393,808,1448.23,-28.77,-30.9
2021-06,2021,6,86,ชุมพร,Chumphon,ภาคใต้,22620,134,22754,32.28,0.37,32.65,15.0,5466,819,1434.91,-32.99,-38.59
2021-07,2021,7,86,ชุมพร,Chumphon,ภาคใต้,24827,148,24975,35.37,0.4,35.77,15.0,5416,812,1432.23,-34.41,-40.18
2021-08,2021,8,86,ชุมพร,Chumphon,ภาคใต้,26737,158,26895,38.93,0.41,39.34,15.6,5537,863,1462.73,-35.35,-37.13
2021-09,2021,9,86,ชุมพร,Chumphon,ภาคใต้,18790,108,18898,26.24,0.3,26.54,15.0,5403,810,1404.38,-27.64,-34.03
2021-10,2021,10,86,ชุมพร,Chumphon,ภาคใต้,20099,116,20215,27.94,0.31,28.25,15.0,5442,816,1397.48,-35.52,-39.12
2021-11,2021,11,86,ชุมพร,Chumphon,ภาคใต้,30571,180,30751,44.69,0.47,45.15,18.3,5459,998,1468.24,-35.13,-37.94
2021-12,2021,12,86,ชุมพร,Chumphon,ภาคใต้,46548,273,46821,68.41,0.75,69.16,26.2,5562,1457,1477.11,-33.15,-37.32
2022-01,2022,1,86,ชุมพร,Chumphon,ภาคใต้,102143,3182,105325,172.7,10.25,182.95,53.7,5609,3012,1737.0,145.36,191.83
2022-02,2022,2,86,ชุมพร,Chumphon,ภาคใต้,93509,2691,96200,162.33,8.89,171.22,50.6,5609,2838,1779.83,143.41,199.13
2022-03,2022,3,86,ชุมพร,Chumphon,ภาคใต้,81517,2478,83995,141.32,7.72,149.05,47.1,5570,2623,1774.51,146.5,216.52
2022-04,2022,4,86,ชุมพร,Chumphon,ภาคใต้,76487,2183,78670,134.15,7.2,141.35,42.7,5393,2302,1796.75,131.87,200.04
2022-05,2022,5,86,ชุมพร,Chumphon,ภาคใต้,56558,1694,58252,95.65,5.49,101.14,32.0,5526,1768,1736.25,124.55,169.2
2022-06,2022,6,86,ชุมพร,Chumphon,ภาคใต้,54981,1705,56686,95.34,5.52,100.86,29.9,5449,1629,1779.28,149.13,208.91
2022-07,2022,7,86,ชุมพร,Chumphon,ภาคใต้,61662,1864,63526,100.62,5.9,106.52,34.7,5598,1942,1676.79,154.36,197.79
2022-08,2022,8,86,ชุมพร,Chumphon,ภาคใต้,61716,1749,63465,107.75,5.8,113.56,34.8,5536,1926,1789.33,135.97,188.66
2022-09,2022,9,86,ชุมพร,Chumphon,ภาคใต้,44969,1377,46346,77.32,4.41,81.74,24.4,5468,1334,1763.69,145.24,207.99
2022-10,2022,10,86,ชุมพร,Chumphon,ภาคใต้,48761,1490,50251,84.05,4.94,88.99,27.0,5398,1457,1770.91,148.58,215.01
2022-11,2022,11,86,ชุมพร,Chumphon,ภาคใต้,74680,2274,76954,127.68,7.47,135.15,41.9,5458,2286,1756.24,150.25,199.34
2022-12,2022,12,86,ชุมพร,Chumphon,ภาคใต้,109508,3394,112902,191.36,10.94,202.3,56.9,5565,3166,1791.82,141.14,192.51
2023-01,2023,1,86,ชุมพร,Chumphon,ภาคใต้,142933,7220,150153,273.63,25.99,299.63,72.1,5426,3912,1995.5,42.56,63.78
2023-02,2023,2,86,ชุมพร,Chumphon,ภาคใต้,135065,7337,142402,254.41,25.94,280.35,66.1,5549,3667,1968.72,48.03,63.74
2023-03,2023,3,86,ชุมพร,Chumphon,ภาคใต้,110207,5798,116005,211.27,21.12,232.39,59.3,5480,3249,2003.28,38.11,55.91
2023-04,2023,4,86,ชุมพร,Chumphon,ภาคใต้,107438,5615,113053,202.14,20.65,222.79,54.5,5486,2989,1970.67,43.71,57.62
2023-05,2023,5,86,ชุมพร,Chumphon,ภาคใต้,77802,3988,81790,146.9,14.0,160.9,42.0,5508,2313,1967.23,40.41,59.09
2023-06,2023,6,86,ชุมพร,Chumphon,ภาคใต้,74476,3868,78344,139.55,14.16,153.71,39.2,5463,2141,1961.99,38.21,52.4
2023-07,2023,7,86,ชุมพร,Chumphon,ภาคใต้,89095,4509,93604,169.7,16.28,185.98,43.1,5430,2340,1986.88,47.35,74.6
2023-08,2023,8,86,ชุมพร,Chumphon,ภาคใต้,82665,4057,86722,154.81,14.48,169.29,46.0,5536,2546,1952.1,36.65,49.08
2023-09,2023,9,86,ชุมพร,Chumphon,ภาคใต้,63300,3372,66672,124.47,12.59,137.06,31.1,5503,1711,2055.74,43.86,67.68
2023-10,2023,10,86,ชุมพร,Chumphon,ภาคใต้,69634,3421,73055,129.97,12.63,142.6,35.6,5505,1959,1951.95,45.38,60.24
2023-11,2023,11,86,ชุมพร,Chumphon,ภาคใต้,107922,5460,113382,212.17,19.74,231.91,55.2,5464,3016,2045.39,47.34,71.59
2023-12,2023,12,86,ชุมพร,Chumphon,ภาคใต้,145061,7623,152684,270.04,27.9,297.94,74.1,5602,4151,1951.35,35.24,47.28
2024-01,2024,1,86,ชุมพร,Chumphon,ภาคใต้,164739,10569,175308,341.15,40.59,381.74,80.4,5519,4437,2177.54,16.75,27.4
2024-02,2024,2,86,ชุมพร,Chumphon,ภาคใต้,146715,9774,156489,320.87,40.18,361.04,75.1,5503,4132,2307.13,9.89,28.78
2024-03,2024,3,86,ชุมพร,Chumphon,ภาคใต้,133465,8629,142094,288.66,35.54,324.2,64.7,5525,3574,2281.59,22.49,39.51
2024-04,2024,4,86,ชุมพร,Chumphon,ภาคใต้,121857,8461,130318,266.56,33.93,300.49,59.6,5455,3251,2305.82,15.27,34.88
2024-05,2024,5,86,ชุมพร,Chumphon,ภาคใต้,92121,6446,98567,200.3,25.13,225.43,45.7,5570,2545,2287.07,20.51,40.11
2024-06,2024,6,86,ชุมพร,Chumphon,ภาคใต้,85667,5490,91157,175.65,21.33,196.98,43.8,5482,2401,2160.89,16.35,28.15
2024-07,2024,7,86,ชุมพร,Chumphon,ภาคใต้,98290,6817,105107,211.58,25.99,237.57,48.0,5474,2627,2260.27,12.29,27.74
2024-08,2024,8,86,ชุมพร,Chumphon,ภาคใต้,99076,6302,105378,206.77,25.3,232.07,51.4,5503,2828,2202.26,21.51,37.08
2024-09,2024,9,86,ชุมพร,Chumphon,ภาคใต้,68295,4579,72874,146.03,18.18,164.21,35.4,5587,1977,2253.34,9.3,19.81
2024-10,2024,10,86,ชุมพร,Chumphon,ภาคใต้,78009,5220,83229,160.97,20.4,181.36,37.9,5460,2069,2179.05,13.93,27.18
2024-11,2024,11,86,ชุมพร,Chumphon,ภาคใต้,129827,8509,138336,281.95,34.08,316.03,59.8,5514,3297,2284.51,22.01,36.27
2024-12,2024,12,86,ชุมพร,Chumphon,ภาคใต้,180686,11610,192296,372.74,45.31,418.05,85.0,5423,4609,2173.99,25.94,40.31
2019-01,2019,1,90,สงขลา,Songkhla,ภาคใต้,364194,200315,564509,1307.09,1366.88,2673.96,96.5,18931,18268,4736.79,0.0,0.0
2019-02,2019,2,90,สงขลา,Songkhla,ภาคใต้,367752,197625,565377,1372.61,1371.22,2743.83,93.0,19001,17670,4853.1,0.0,0.0
2019-03,2019,3,90,สงขลา,Songkhla,ภาคใต้,305507,172960,478467,1087.49,1174.28,2261.76,85.5,19247,16456,4727.1,0.0,0.0
2019-04,2019,4,90,สงขลา,Songkhla,ภาคใต้,303515,151279,454794,1130.73,1019.72,2150.45,76.2,18697,14247,4728.4,0.0,0.0
2019-05,2019,5,90,สงขลา,Songkhla,ภาคใต้,215099,111793,326892,809.21,775.15,1584.36,60.5,18700,11313,4846.74,0.0,0.0
2019-06,2019,6,90,สงขลา,Songkhla,ภาคใต้,199948,101649,301597,722.35,685.72,1408.07,55.5,18667,10360,4668.71,0.0,0.0
2019-07,2019,7,90,สงขลา,Songkhla,ภาคใต้,223989,118663,342652,796.5,818.36,1614.86,61.9,19232,11904,4712.83,0.0,0.0
2019-08,2019,8,90,สงขลา,Songkhla,ภาคใต้,231672,125681,357353,848.09,857.96,1706.05,65.5,18722,12262,4774.13,0.0,0.0
2019-09,2019,9,90,สงขลา,Songkhla,ภาคใต้,170433,95174,265607,641.91,659.9,1301.82,43.2,18815,8128,4901.3,0.0,0.0
2019-10,2019,10,90,สงขลา,Songkhla,ภาคใต้,180012,89796,269808,658.53,625.13,1283.65,48.8,19354,9444,4757.64,0.0,0.0
2019-11,2019,11,90,สงขลา,Songkhla,ภาคใต้,293142,151535,444677,1091.67,1018.5,2110.16,74.2,19004,14100,4745.38,0.0,0.0
2019-12,2019,12,90,สงขลา,Songkhla,ภาคใต้,388189,204788,592977,1453.88,1411.87,2865.75,96.5,19018,18352,4832.82,0.0,0.0
2020-01,2020,1,90,สงขลา,Songkhla,ภาคใต้,207031,19479,226510,662.23,110.38,772.62,42.6,18745,7985,3410.98,-59.87,-71.11
2020-02,2020,2,90,สงขลา,Songkhla,ภาคใต้,175690,16740,192430,547.74,94.34,642.08,39.5,18979,7496,3336.69,-65.96,-76.6
2020-03,2020,3,90,สงขลา,Songkhla,ภาคใต้,161033,15598,176631,507.42,94.4,601.82,35.3,19144,6757,3407.22,-63.08,-73.39
2020-04,2020,4,90,สงขลา,Songkhla,ภาคใต้,157374,14565,171939,484.42,86.62,571.04,32.2,19215,6187,3321.18,-62.19,-73.45
2020-05,2020,5,90,สงขลา,Songkhla,ภาคใต้,122802,11258,134060,371.17,63.28,434.45,25.5,18756,4782,3240.71,-58.99,-72.58
2020-06,2020,6,90,สงขลา,Songkhla,ภาคใต้,111248,10323,121571,344.79,59.59,404.37,22.8,19193,4376,3326.2,-59.69,-71.28
2020-07,2020,7,90,สงขลา,Songkhla,ภาคใต้,116839,11014,127853,362.09,63.63,425.72,25.6,18701,4787,3329.76,-62.69,-73.64
2020-08,2020,8,90,สงขลา,Songkhla,ภาคใต้,120188,11660,131848,384.32,68.06,452.38,26.0,19109,4968,3431.07,-63.1,-73.48
2020-09,2020,9,90,สงขลา,Songkhla,ภาคใต้,83919,7931,91850,257.81,46.1,303.9,19.0,19018,3613,3308.66,-65.42,-76.66
2020-10,2020,10,90,สงขลา,Songkhla,ภาคใต้,100263,9530,109793,320.79,56.08,376.86,21.0,18902,3969,3432.46,-59.31,-70.64
2020-11,2020,11,90,สงขลา,Songkhla,ภาคใต้,156392,14843,171235,473.04,83.41,556.44,31.8,19085,6069,3249.57,-61.49,-73.63
2020-12,2020,12,90,สงขลา,Songkhla,ภาคใต้,202646,20263,222909,642.55,122.11,764.66,44.7,18711,8363,3430.37,-62.41,-73.32
2021-01,2021,1,90,สงขลา,Songkhla,ภาคใต้,140555,4999,145554,401.63,27.92,429.55,30.0,18763,5628,2951.14,-35.74,-44.4
2021-02,2021,2,90,สงขลา,Songkhla,ภาคใต้,134522,4838,139360,406.7,25.94,432.64,28.9,18985,5486,3104.48,-27.58,-32.62
2021-03,2021,3,90,สงขลา,Songkhla,ภาคใต้,116257,4301,120558,352.51,24.57,377.08,24.9,18696,4655,3127.79,-31.75,-37.34
2021-04,2021,4,90,สงขลา,Songkhla,ภาคใต้,106187,3703,109890,315.75,21.11,336.86,23.5,18999,4464,3065.43,-36.09,-41.01
2021-05,2021,5,90,สงขลา,Songkhla,ภาคใต้,80065,2781,82846,226.05,15.57,241.62,17.7,18979,3359,2916.5,-38.2,-44.38
2021-06,2021,6,90,สงขลา,Songkhla,ภาคใต้,76846,2899,79745,224.99,15.91,240.9,16.3,18830,3069,3020.88,-34.4,-40.43
2021-07,2021,7,90,สงขลา,Songkhla,ภาคใต้,85153,2960,88113,241.72,16.69,258.41,18.6,18880,3511,2932.71,-31.08,-39.3
2021-08,2021,8,90,สงขลา,Songkhla,ภาคใต้,92221,3256,95477,276.31,17.24,293.55,19.1,18853,3600,3074.56,-27.59,-35.11
2021-09,2021,9,90,สงขลา,Songkhla,ภาคใต้,63406,2271,65677,182.95,12.04,195.0,15.0,19372,2905,2969.08,-28.5,-35.83
2021-10,2021,10,90,สงขลา,Songkhla,ภาคใต้,68361,2496,70857,197.94,13.5,211.44,15.0,18756,2813,2984.04,-35.46,-43.89
2021-11,2021,11,90,สงขลา,Songkhla,ภาคใต้,102646,3545,106191,299.02,18.99,318.01,22.2,18816,4177,2994.7,-37.99,-42.85
2021-12,2021,12,90,สงขลา,Songkhla,ภาคใต้,149094,5677,154771,440.79,30.95,471.73,31.2,19365,6041,3047.92,-30.57,-38.31
2022-01,2022,1,90,สงขลา,Songkhla,ภาคใต้,294650,60935,355585,1027.0,395.3,1422.3,70.2,18746,13159,3999.89,144.3,231.11
2022-02,2022,2,90,สงขลา,Songkhla,ภาคใต้,286005,55408,341413,1008.37,354.53,1362.9,65.6,18801,12333,3991.94,144.99,215.02
2022-03,2022,3,90,สงขลา,Songkhla,ภาคใต้,247710,48181,295891,876.86,304.83,1181.68,58.7,19114,11219,3993.63,145.43,213.38
2022-04,2022,4,90,สงขลา,Songkhla,ภาคใต้,225834,46311,272145,815.27,314.67,1129.94,53.5,18668,9987,4151.98,147.65,235.43
2022-05,2022,5,90,สงขลา,Songkhla,ภาคใต้,182658,36558,219216,632.42,236.87,869.29,39.1,19040,7444,3965.45,164.61,259.78
2022-06,2022,6,90,สงขลา,Songkhla,ภาคใต้,158862,33269,192131,566.91,216.69,783.6,38.5,18674,7189,4078.47,140.93,225.28
2022-07,2022,7,90,สงขลา,Songkhla,ภาคใต้,188355,40079,228434,663.67,268.56,932.24,42.8,19076,8164,4081.0,159.25,260.76
2022-08,2022,8,90,สงขลา,Songkhla,ภาคใต้,191217,37201,228418,662.34,237.31,899.65,44.4,18627,8270,3938.61,139.24,206.47
2022-09,2022,9,90,สงขลา,Songkhla,ภาคใต้,131676,25817,157493,449.19,167.93,617.13,29.5,18864,5564,3918.46,139.8,216.48
2022-10,2022,10,90,สงขลา,Songkhla,ภาคใต้,140945,28684,169629,486.97,191.94,678.91,34.2,18826,6438,4002.32,139.4,221.09
2022-11,2022,11,90,สงขลา,Songkhla,ภาคใต้,212688,42589,255277,720.03,282.32,1002.35,51.6,18919,9762,3926.52,140.39,215.19
2022-12,2022,12,90,สงขลา,Songkhla,ภาคใต้,296854,59280,356134,1037.81,381.99,1419.8,71.3,19104,13621,3986.7,130.1,200.98
2023-01,2023,1,90,สงขลา,Songkhla,ภาคใต้,355447,143292,498739,1439.0,1067.42,2506.42,89.5,18795,16821,5025.51,40.26,76.22
2023-02,2023,2,90,สงขลา,Songkhla,ภาคใต้,347902,133796,481698,1351.25,1017.31,2368.56,82.6,18941,15645,4917.11,41.09,73.79
2023-03,2023,3,90,สงขลา,Songkhla,ภาคใต้,305988,130005,435993,1165.33,981.64,2146.98,75.9,18803,14271,4924.35,47.35,81.69
2023-04,2023,4,90,สงขลา,Songkhla,ภาคใต้,269409,112664,382073,1034.75,828.26,1863.01,67.6,18783,12697,4876.06,40.39,64.88
2023-05,2023,5,90,สงขลา,Songkhla,ภาคใต้,205259,79498,284757,840.23,603.83,1444.06,51.9,19142,9934,5071.2,29.9,66.12
2023-06,2023,6,90,สงขลา,Songkhla,ภาคใต้,195159,74126,269285,749.53,535.8,1285.33,48.5,19299,9360,4773.12,40.16,64.03
2023-07,2023,7,90,สงขลา,Songkhla,ภาคใต้,209534,86651,296185,845.77,639.04,1484.81,55.5,18765,10414,5013.12,29.66,59.27
2023-08,2023,8,90,สงขลา,Songkhla,ภาคใต้,234178,100349,334527,887.84,755.11,1642.95,56.2,19009,10683,4911.26,46.45,82.62
2023-09,2023,9,90,สงขลา,Songkhla,ภาคใต้,158213,62010,220223,622.74,473.07,1095.81,38.5,18828,7248,4975.91,39.83,77.57
2023-10,2023,10,90,สงขลา,Songkhla,ภาคใต้,171650,70955,242605,662.58,507.67,1170.25,43.9,19263,8456,4823.68,43.02,72.37
2023-11,2023,11,90,สงขลา,Songkhla,ภาคใต้,260993,111038,372031,1028.64,815.72,1844.35,68.4,19229,13152,4957.52,45.74,84.0
2023-12,2023,12,90,สงขลา,Songkhla,ภาคใต้,364883,142674,507557,1429.93,1082.82,2512.75,92.6,18975,17570,4950.68,42.52,76.98
2024-01,2024,1,90,สงขลา,Songkhla,ภาคใต้,381785,220973,602758,1621.18,1802.45,3423.63,96.1,19301,18548,5679.94,20.86,36.59
2024-02,2024,2,90,สงขลา,Songkhla,ภาคใต้,343360,212324,555684,1475.3,1692.6,3167.9,90.2,18885,17034,5700.9,15.36,33.75
2024-03,2024,3,90,สงขลา,Songkhla,ภาคใต้,320428,172234,492662,1341.24,1421.26,2762.51,82.5,19100,15757,5607.31,13.0,28.67
2024-04,2024,4,90,สงขลา,Songkhla,ภาคใต้,292619,162950,455569,1256.33,1296.65,2552.97,76.2,18856,14368,5603.92,19.24,37.03
2024-05,2024,5,90,สงขลา,Songkhla,ภาคใต้,230932,123617,354549,1027.23,1022.33,2049.55,56.6,19171,10850,5780.72,24.51,41.93
2024-06,2024,6,90,สงขลา,Songkhla,ภาคใต้,216488,115305,331793,909.08,963.15,1872.23,53.4,18674,9971,5642.77,23.21,45.66
2024-07,2024,7,90,สงขลา,Songkhla,ภาคใต้,236037,130988,367025,986.59,1028.84,2015.43,59.7,19244,11488,5491.26,23.92,35.74
2024-08,2024,8,90,สงขลา,Songkhla,ภาคใต้,234394,138868,373262,1035.15,1138.57,2173.72,62.9,18746,11791,5823.58,11.58,32.31
2024-09,2024,9,90,สงขลา,Songkhla,ภาคใต้,173778,91979,265757,759.99,754.53,1514.52,43.6,19143,8346,5698.89,20.68,38.21
2024-10,2024,10,90,สงขลา,Songkhla,ภาคใต้,184737,113787,298524,798.84,928.06,1726.9,46.7,19258,8993,5784.79,23.05,47.57
2024-11,2024,11,90,สงขลา,Songkhla,ภาคใต้,289365,165518,454883,1203.12,1376.81,2579.92,75.2,19065,14336,5671.61,22.27,39.88
2024-12,2024,12,90,สงขลา,Songkhla,ภาคใต้,381851,231854,613705,1696.34,1913.29,3609.63,96.5,18923,18260,5881.7,20.91,43.65
2019-01,2019,1,91,สตูล,Satun,ภาคใต้,162715,10088,172803,279.55,33.12,312.67,81.7,5471,4469,1809.4,0.0,0.0
2019-02,2019,2,91,สตูล,Satun,ภาคใต้,144960,8905,153865,249.81,29.6,279.42,74.3,5419,4026,1816.01,0.0,0.0
2019-03,2019,3,91,สตูล,Satun,ภาคใต้,124246,7711,131957,219.08,25.17,244.25,67.8,5554,3765,1850.98,0.0,0.0
2019-04,2019,4,91,สตูล,Satun,ภาคใต้,117087,7291,124378,205.88,25.17,231.05,63.2,5586,3530,1857.64,0.0,0.0
2019-05,2019,5,91,สตูล,Satun,ภาคใต้,86975,5815,92790,160.01,19.91,179.92,46.7,5519,2577,1939.0,0.0,0.0
2019-06,2019,6,91,สตูล,Satun,ภาคใต้,81681,5385,87066,143.97,17.58,161.55,45.2,5424,2451,1855.49,0.0,0.0
2019-07,2019,7,91,สตูล,Satun,ภาคใต้,98315,6044,104359,172.24,19.74,191.98,49.3,5479,2701,1839.61,0.0,0.0
2019-08,2019,8,91,สตูล,Satun,ภาคใต้,100365,6335,106700,174.26,20.66,194.92,52.7,5583,2942,1826.8,0.0,0.0
2019-09,2019,9,91,สตูล,Satun,ภาคใต้,68386,4238,72624,126.16,14.52,140.68,35.6,5465,1945,1937.1,0.0,0.0
2019-10,2019,10,91,สตูล,Satun,ภาคใต้,76055,5042,81097,136.51,16.45,152.96,40.3,5518,2223,1886.14,0.0,0.0
2019-11,2019,11,91,สตูล,Satun,ภาคใต้,110792,7418,118210,203.52,25.63,229.14,60.1,5557,3339,1938.41,0.0,0.0
2019-12,2019,12,91,สตูล,Satun,ภาคใต้,167387,10422,177809,309.15,34.39,343.54,86.7,5516,4782,1932.07,0.0,0.0
2020-01,2020,1,91,สตูล,Satun,ภาคใต้,61260,912,62172,92.6,2.65,95.25,35.0,5402,1890,1532.04,-64.02,-69.54
2020-02,2020,2,91,สตูล,Satun,ภาคใต้,59059,933,59992,89.13,2.7,91.83,32.7,5589,1827,1530.7,-61.01,-67.14
2020-03,2020,3,91,สตูล,Satun,ภาคใต้,50924,757,51681,78.81,2.25,81.06,28.8,5468,1574,1568.47,-60.83,-66.81
2020-04,2020,4,91,สตูล,Satun,ภาคใต้,50007,732,50739,75.76,2.08,77.83,25.9,5469,1416,1533.93,-59.21,-66.31
2020-05,2020,5,91,สตูล,Satun,ภาคใต้,36224,571,36795,55.42,1.57,56.99,19.7,5579,1099,1548.85,-60.35,-68.32
2020-06,2020,6,91,สตูล,Satun,ภาคใต้,33089,485,33574,52.13,1.37,53.51,18.3,5524,1010,1593.79,-61.44,-66.88
2020-07,2020,7,91,สตูล,Satun,ภาคใต้,36294,526,36820,57.07,1.5,58.57,20.4,5598,1141,1590.71,-64.72,-69.49
2020-08,2020,8,91,สตูล,Satun,ภาคใต้,40333,630,40963,62.32,1.85,64.17,22.1,5463,1207,1566.54,-61.61,-67.08
2020-09,2020,9,91,สตูล,Satun,ภาคใต้,27519,434,27953,40.52,1.27,41.79,15.2,5485,833,1495.01,-61.51,-70.29
2020-10,2020,10,91,สตูล,Satun,ภาคใต้,29034,454,29488,42.97,1.29,44.26,17.0,5433,923,1500.95,-63.64,-71.06
2020-11,2020,11,91,สตูล,Satun,ภาคใต้,47725,708,48433,73.5,2.06,75.56,25.1,5510,1383,1560.09,-59.03,-67.02
2020-12,2020,12,91,สตูล,Satun,ภาคใต้,65483,982,66465,101.41,2.87,104.28,36.8,5393,1984,1568.95,-62.62,-69.65
2021-01,2021,1,91,สตูล,Satun,ภาคใต้,40115,253,40368,59.44,0.68,60.11,23.8,5519,1313,1489.05,-35.07,-36.89
2021-02,2021,2,91,สตูล,Satun,ภาคใต้,41114,258,41372,57.54,0.67,58.21,23.0,5565,1279,1406.99,-31.04,-36.61
2021-03,2021,3,91,สตูล,Satun,ภาคใต้,34304,211,34515,49.67,0.58,50.25,20.2,5427,1096,1455.89,-33.22,-38.01
2021-04,2021,4,91,สตูล,Satun,ภาคใต้,32601,189,32790,45.61,0.51,46.12,19.2,5565,1068,1406.53,-35.38,-40.74
2021-05,2021,5,91,สตูล,Satun,ภาคใต้,24443,153,24596,34.49,0.4,34.89,15.0,5396,809,1418.52,-33.15,-38.78
2021-06,2021,6,91,สตูล,Satun,ภาคใต้,23753,137,23890,34.68,0.38,35.06,15.0,5542,831,1467.56,-28.84,-34.48
2021-07,2021,7,91,สตูล,Satun,ภาคใต้,25292,154,25446,35.83,0.41,36.24,15.0,5498,824,1424.19,-30.89,-38.13
2021-08,2021,8,91,สตูล,Satun,ภาคใต้,25724,148,25872,37.63,0.39,38.02,15.8,5587,882,1469.54,-36.84,-40.75
2021-09,2021,9,91,สตูล,Satun,ภาคใต้,18187,110,18297,26.58,0.31,26.88,15.0,5603,840,1469.09,-34.54,-35.68
2021-10,2021,10,91,สตูล,Satun,ภาคใต้,19741,117,19858,28.29,0.31,28.6,15.0,5563,834,1440.23,-32.66,-35.38
2021-11,2021,11,91,สตูล,Satun,ภาคใต้,33274,201,33475,45.75,0.55,46.3,18.0,5495,989,1383.12,-30.88,-38.72
2021-12,2021,12,91,สตูล,Satun,ภาคใต้,46126,285,46411,67.26,0.74,68.0,26.1,5537,1445,1465.17,-30.17,-34.79
2022-01,2022,1,91,สตูล,Satun,ภาคใต้,96979,2772,99751,158.69,9.06,167.75,53.7,5455,2929,1681.69,147.1,179.07
2022-02,2022,2,91,สตูล,Satun,ภาคใต้,91106,2648,93754,150.44,8.52,158.96,50.8,5539,2813,1695.5,126.61,173.08
2022-03,2022,3,91,สตูล,Satun,ภาคใต้,79790,2472,82262,134.58,8.2,142.78,46.5,5560,2585,1735.67,138.34,184.14
2022-04,2022,4,91,สตูล,Satun,ภาคใต้,80288,2408,82696,135.14,7.87,143.01,41.8,5491,2295,1729.35,152.2,210.08
2022-05,2022,5,91,สตูล,Satun,ภาคใต้,57154,1628,58782,93.07,5.18,98.25,32.1,5413,1737,1671.43,138.99,181.6
2022-06,2022,6,91,สตูล,Satun,ภาคใต้,51404,1469,52873,84.6,4.65,89.24,30.8,5395,1661,1687.82,121.32,154.54
2022-07,2022,7,91,สตูล,Satun,ภาคใต้,58283,1708,59991,97.66,5.66,103.31,34.5,5410,1866,1722.09,135.76,185.07
2022-08,2022,8,91,สตูล,Satun,ภาคใต้,65143,1843,66986,111.68,5.87,117.56,35.3,5402,1906,1754.99,158.91,209.21
2022-09,2022,9,91,สตูล,Satun,ภาคใต้,45785,1341,47126,75.62,4.37,79.99,24.2,5415,1310,1697.36,157.56,197.58
2022-10,2022,10,91,สตูล,Satun,ภาคใต้,49852,1465,51317,86.58,4.67,91.25,26.5,5411,1433,1778.16,158.42,219.06
2022-11,2022,11,91,สตูล,Satun,ภาคใต้,76921,2172,79093,132.0,7.03,139.03,42.2,5546,2340,1757.8,136.27,200.28
2022-12,2022,12,91,สตูล,Satun,ภาคใต้,103137,3172,106309,170.91,10.23,181.14,57.6,5576,3211,1703.9,129.06,166.38
2023-01,2023,1,91,สตูล,Satun,ภาคใต้,140542,7500,148042,274.09,26.82,300.91,70.6,5465,3858,2032.6,48.41,79.38
2023-02,2023,2,91,สตูล,Satun,ภาคใต้,124080,6260,130340,245.93,22.48,268.42,69.2,5487,3797,2059.38,39.02,68.86
2023-03,2023,3,91,สตูล,Satun,ภาคใต้,113574,5689,119263,221.55,21.1,242.65,61.0,5536,3376,2034.58,44.98,69.95
2023-04,2023,4,91,สตูล,Satun,ภาคใต้,108802,5612,114414,208.34,20.7,229.05,56.6,5606,3172,2001.94,38.35,60.16
2023-05,2023,5,91,สตูล,Satun,ภาคใต้,78468,4243,82711,154.93,15.61,170.54,41.1,5521,2269,2061.88,40.71,73.58
2023-06,2023,6,91,สตูล,Satun,ภาคใต้,72840,3735,76575,143.65,13.35,157.0,38.3,5433,2080,2050.28,44.83,75.93
2023-07,2023,7,91,สตูล,Satun,ภาคใต้,85207,4521,89728,165.58,16.58,182.16,44.9,5402,2425,2030.14,49.57,76.32
2023-08,2023,8,91,สตูล,Satun,ภาคใต้,87380,4570,91950,173.64,17.19,190.84,44.6,5448,2429,2075.48,37.27,62.33
2023-09,2023,9,91,สตูล,Satun,ภาคใต้,58915,3173,62088,114.12,11.65,125.77,31.9,5533,1765,2025.67,31.75,57.23
2023-10,2023,10,91,สตูล,Satun,ภาคใต้,66403,3348,69751,129.26,12.17,141.43,35.0,5582,1953,2027.64,35.92,54.99
2023-11,2023,11,91,สตูล,Satun,ภาคใต้,99999,5079,105078,199.14,18.21,217.36,55.4,5560,3080,2068.56,32.85,56.34
2023-12,2023,12,91,สตูล,Satun,ภาคใต้,147029,7570,154599,278.56,28.39,306.95,76.9,5414,4163,1985.46,45.42,69.45
2024-01,2024,1,91,สตูล,Satun,ภาคใต้,165734,11262,176996,356.25,44.52,400.77,79.8,5401,4309,2264.29,19.56,33.19
2024-02,2024,2,91,สตูล,Satun,ภาคใต้,146604,10010,156614,310.57,39.88,350.46,74.0,5569,4121,2237.73,20.16,30.56
2024-03,2024,3,91,สตูล,Satun,ภาคใต้,138208,9668,147876,297.49,39.21,336.7,66.1,5391,3563,2276.91,23.99,38.76
2024-04,2024,4,91,สตูล,Satun,ภาคใต้,119217,8110,127327,252.24,32.05,284.29,60.7,5585,3390,2232.76,11.29,24.12
2024-05,2024,5,91,สตูล,Satun,ภาคใต้,95410,6521,101931,193.35,26.3,219.65,45.7,5493,2510,2154.89,23.24,28.8
2024-06,2024,6,91,สตูล,Satun,ภาคใต้,85644,5800,91444,182.95,23.35,206.3,43.5,5599,2435,2256.03,19.42,31.4
2024-07,2024,7,91,สตูล,Satun,ภาคใต้,96013,6555,102568,208.44,25.55,233.99,48.5,5427,2632,2281.32,14.31,28.45
2024-08,2024,8,91,สตูล,Satun,ภาคใต้,106057,6976,113033,230.92,27.58,258.5,49.9,5524,2756,2286.94,22.93,35.45
2024-09,2024,9,91,สตูล,Satun,ภาคใต้,71114,4555,75669,146.73,18.3,165.03,35.0,5498,1924,2180.95,21.87,31.22
2024-10,2024,10,91,สตูล,Satun,ภาคใต้,75347,5232,80579,154.49,20.81,175.3,38.6,5608,2164,2175.5,15.52,23.95
2024-11,2024,11,91,สตูล,Satun,ภาคใต้,127985,8074,136059,261.38,32.96,294.34,60.1,5481,3294,2163.33,29.48,35.42
2024-12,2024,12,91,สตูล,Satun,ภาคใต้,169214,10674,179888,352.98,41.59,394.57,81.8,5514,4510,2193.42,16.36,28.55
2019-01,2019,1,92,ตรัง,Trang,ภาคใต้,161909,10305,172214,281.74,35.92,317.66,82.8,5560,4603,1844.57,0.0,0.0
2019-02,2019,2,92,ตรัง,Trang,ภาคใต้,154503,9913,164416,274.3,34.55,308.85,75.6,5501,4158,1878.47,0.0,0.0
2019-03,2019,3,92,ตรัง,Trang,ภาคใต้,132544,8569,141113,243.05,28.45,271.51,67.9,5605,3805,1924.06,0.0,0.0
2019-04,2019,4,92,ตรัง,Trang,ภาคใต้,117657,7838,125495,217.81,26.08,243.89,60.6,5541,3357,1943.42,0.0,0.0
2019-05,2019,5,92,ตรัง,Trang,ภาคใต้,93081,6055,99136,159.71,20.2,179.9,47.8,5445,2602,1814.68,0.0,0.0
2019-06,2019,6,92,ตรัง,Trang,ภาคใต้,80550,5133,85683,144.51,16.97,161.49,45.1,5420,2444,1884.74,0.0,0.0
2019-07,2019,7,92,ตรัง,Trang,ภาคใต้,97455,5927,103382,172.45,19.17,191.63,50.3,5432,2732,1853.61,0.0,0.0
2019-08,2019,8,92,ตรัง,Trang,ภาคใต้,102705,6899,109604,181.21,22.64,203.85,51.8,5496,2846,1859.88,0.0,0.0
2019-09,2019,9,92,ตรัง,Trang,ภาคใต้,72377,4592,76969,127.66,15.42,143.08,36.7,5515,2024,1858.93,0.0,0.0
2019-10,2019,10,92,ตรัง,Trang,ภาคใต้,77626,4887,82513,138.1,15.88,153.98,39.2,5580,2187,1866.13,0.0,0.0
2019-11,2019,11,92,ตรัง,Trang,ภาคใต้,111207,6728,117935,199.88,21.74,221.62,60.3,5503,3318,1879.17,0.0,0.0
2019-12,2019,12,92,ตรัง,Trang,ภาคใต้,167190,10138,177328,298.66,34.39,333.05,85.8,5469,4692,1878.16,0.0,0.0
2020-01,2020,1,92,ตรัง,Trang,ภาคใต้,60687,922,61609,90.72,2.63,93.36,34.5,5582,1925,1515.36,-64.23,-70.61
2020-02,2020,2,92,ตรัง,Trang,ภาคใต้,55638,850,56488,81.36,2.39,83.74,32.4,5579,1807,1482.44,-65.64,-72.89
2020-03,2020,3,92,ตรัง,Trang,ภาคใต้,49106,712,49818,76.07,2.04,78.11,28.6,5574,1594,1567.91,-64.7,-71.23
2020-04,2020,4,92,ตรัง,Trang,ภาคใต้,44793,694,45487,66.3,1.97,68.27,26.6,5566,1480,1500.87,-63.75,-72.01
2020-05,2020,5,92,ตรัง,Trang,ภาคใต้,35281,547,35828,52.34,1.58,53.92,19.4,5480,1063,1504.97,-63.86,-70.03
2020-06,2020,6,92,ตรัง,Trang,ภาคใต้,33512,488,34000,51.67,1.39,53.06,18.6,5581,1038,1560.59,-60.32,-67.14
2020-07,2020,7,92,ตรัง,Trang,ภาคใต้,38931,601,39532,60.61,1.74,62.35,20.4,5501,1122,1577.2,-61.76,-67.46
2020-08,2020,8,92,ตรัง,Trang,ภาคใต้,39159,566,39725,58.18,1.55,59.73,21.0,5447,1143,1503.59,-63.76,-70.7
2020-09,2020,9,92,ตรัง,Trang,ภาคใต้,26643,387,27030,39.96,1.1,41.06,15.0,5542,831,1519.05,-64.88,-71.3
2020-10,2020,10,92,ตรัง,Trang,ภาคใต้,28406,411,28817,43.66,1.19,44.84,16.4,5460,895,1556.03,-65.08,-70.88
2020-11,2020,11,92,ตรัง,Trang,ภาคใต้,44165,669,44834,66.59,1.97,68.56,25.9,5519,1429,1529.2,-61.98,-69.06
2020-12,2020,12,92,ตรัง,Trang,ภาคใต้,67592,1075,68667,99.52,3.14,102.66,35.0,5394,1887,1495.04,-61.28,-69.18
2021-01,2021,1,92,ตรัง,Trang,ภาคใต้,41105,255,41360,56.88,0.7,57.58,24.9,5432,1352,1392.17,-32.87,-38.32
2021-02,2021,2,92,ตรัง,Trang,ภาคใต้,38003,240,38243,53.66,0.64,54.3,22.7,5428,1232,1419.87,-32.3,-35.16
2021-03,2021,3,92,ตรัง,Trang,ภาคใต้,36168,217,36385,51.41,0.59,52.0,20.2,5454,1101,1429.16,-26.96,-33.43
2021-04,2021,4,92,ตรัง,Trang,ภาคใต้,32358,188,32546,44.81,0.52,45.33,18.3,5436,994,1392.8,-28.45,-33.6
2021-05,2021,5,92,ตรัง,Trang,ภาคใต้,25531,159,25690,37.56,0.44,38.0,15.0,5519,827,1479.17,-28.3,-29.53
2021-06,2021,6,92,ตรัง,Trang,ภาคใต้,23603,137,23740,33.46,0.36,33.82,15.0,5530,829,1424.6,-30.18,-36.26
2021-07,2021,7,92,ตรัง,Trang,ภาคใต้,25536,155,25691,35.08,0.42,35.51,15.0,5402,810,1382.2,-35.01,-43.05
2021-08,2021,8,92,ตรัง,Trang,ภาคใต้,28361,178,28539,39.59,0.48,40.07,15.7,5437,853,1404.04,-28.16,-32.91
2021-09,2021,9,92,ตรัง,Trang,ภาคใต้,18822,115,18937,26.75,0.3,27.05,15.0,5501,825,1428.42,-29.94,-34.12
2021-10,2021,10,92,ตรัง,Trang,ภาคใต้,19633,117,19750,28.37,0.31,28.68,15.0,5502,825,1452.15,-31.46,-36.04
2021-11,2021,11,92,ตรัง,Trang,ภาคใต้,30649,177,30826,45.31,0.49,45.8,17.7,5466,967,1485.76,-31.24,-33.2
2021-12,2021,12,92,ตรัง,Trang,ภาคใต้,43907,264,44171,62.56,0.69,63.24,25.3,5466,1382,1431.71,-35.67,-38.4
2022-01,2022,1,92,ตรัง,Trang,ภาคใต้,99551,2923,102474,174.99,8.99,183.98,56.6,5451,3085,1795.38,147.76,219.52
2022-02,2022,2,92,ตรัง,Trang,ภาคใต้,96931,2874,99805,163.48,9.07,172.55,51.6,5601,2890,1728.87,160.98,217.77
2022-03,2022,3,92,ตรัง,Trang,ภาคใต้,85705,2664,88369,146.27,8.24,154.51,46.8,5585,2613,1748.46,142.87,197.13
2022-04,2022,4,92,ตรัง,Trang,ภาคใต้,72974,2132,75106,119.17,7.0,126.17,41.3,5417,2237,1679.89,130.77,178.34
2022-05,2022,5,92,ตรัง,Trang,ภาคใต้,54907,1682,56589,90.93,5.55,96.48,32.4,5451,1766,1704.92,120.28,153.89
2022-06,2022,6,92,ตรัง,Trang,ภาคใต้,53162,1525,54687,91.37,5.04,96.41,30.9,5603,1731,1762.94,130.36,185.07
2022-07,2022,7,92,ตรัง,Trang,ภาคใต้,59751,1744,61495,98.24,5.37,103.6,33.2,5574,1850,1684.69,139.36,191.75
2022-08,2022,8,92,ตรัง,Trang,ภาคใต้,62294,1863,64157,102.55,5.74,108.29,35.2,5504,1937,1687.89,124.8,170.25
2022-09,2022,9,92,ตรัง,Trang,ภาคใต้,41995,1260,43255,69.58,4.06,73.64,24.3,5579,1355,1702.46,128.42,172.24
2022-10,2022,10,92,ตรัง,Trang,ภาคใต้,48532,1443,49975,85.38,4.72,90.1,26.1,5520,1440,1802.9,153.04,214.16
2022-11,2022,11,92,ตรัง,Trang,ภาคใต้,76729,2370,79099,127.93,7.67,135.6,42.0,5554,2332,1714.31,156.6,196.07
2022-12,2022,12,92,ตรัง,Trang,ภาคใต้,103478,3079,106557,173.34,9.95,183.28,57.4,5494,3153,1720.02,141.24,189.82
2023-01,2023,1,92,ตรัง,Trang,ภาคใต้,144528,7802,152330,283.13,28.48,311.61,73.6,5600,4121,2045.62,48.65,69.37
2023-02,2023,2,92,ตรัง,Trang,ภาคใต้,133789,6973,140762,262.58,24.98,287.56,68.8,5526,3801,2042.88,41.04,66.65
2023-03,2023,3,92,ตรัง,Trang,ภาคใต้,112336,5779,118115,218.93,21.19,240.12,61.6,5453,3359,2032.93,33.66,55.41
2023-04,2023,4,92,ตรัง,Trang,ภาคใต้,107797,5791,113588,215.04,21.03,236.06,56.4,5608,3162,2078.21,51.24,87.1
2023-05,2023,5,92,ตรัง,Trang,ภาคใต้,81349,4117,85466,157.83,14.66,172.48,42.8,5397,2309,2018.11,51.03,78.77
2023-06,2023,6,92,ตรัง,Trang,ภาคใต้,72664,3955,76619,136.04,14.43,150.47,38.9,5426,2110,1963.87,40.1,56.07
2023-07,2023,7,92,ตรัง,Trang,ภาคใต้,87129,4400,91529,164.5,16.06,180.56,45.1,5495,2478,1972.71,48.84,74.29
2023-08,2023,8,92,ตรัง,Trang,ภาคใต้,90778,4857,95635,178.23,17.31,195.54,46.1,5494,2532,2044.65,49.06,80.57
2023-09,2023,9,92,ตรัง,Trang,ภาคใต้,62870,3271,66141,125.82,12.29,138.11,32.8,5537,1816,2088.11,52.91,87.55
2023-10,2023,10,92,ตรัง,Trang,ภาคใต้,67630,3329,70959,129.86,11.81,141.67,35.5,5438,1930,1996.51,41.99,57.24
2023-11,2023,11,92,ตรัง,Trang,ภาคใต้,103149,5063,108212,197.09,18.66,215.75,54.3,5523,2998,1993.77,36.81,59.11
2023-12,2023,12,92,ตรัง,Trang,ภาคใต้,143724,7625,151349,279.06,27.06,306.12,74.5,5412,4031,2022.61,42.04,67.02
2024-01,2024,1,92,ตรัง,Trang,ภาคใต้,171885,11202,183087,350.11,43.13,393.24,80.4,5544,4457,2147.83,20.19,26.2
2024-02,2024,2,92,ตรัง,Trang,ภาคใต้,145737,9527,155264,316.98,38.25,355.24,73.7,5509,4060,2287.97,10.3,23.54
2024-03,2024,3,92,ตรัง,Trang,ภาคใต้,141152,9896,151048,308.86,38.94,347.8,65.2,5455,3556,2302.58,27.88,44.84
2024-04,2024,4,92,ตรัง,Trang,ภาคใต้,126253,8782,135035,261.51,34.85,296.36,60.3,5504,3318,2194.69,18.88,25.54
2024-05,2024,5,92,ตรัง,Trang,ภาคใต้,101317,6629,107946,205.07,26.55,231.63,47.2,5522,2606,2145.8,26.3,34.29
2024-06,2024,6,92,ตรัง,Trang,ภาคใต้,89753,5941,95694,182.98,23.08,206.06,43.5,5459,2374,2153.32,24.9,36.94
2024-07,2024,7,92,ตรัง,Trang,ภาคใต้,106672,6854,113526,225.93,27.32,253.25,48.3,5599,2704,2230.77,24.03,40.26
2024-08,2024,8,92,ตรัง,Trang,ภาคใต้,102432,6523,108955,217.43,25.77,243.19,50.0,5475,2737,2232.02,13.93,24.37
2024-09,2024,9,92,ตรัง,Trang,ภาคใต้,72236,4858,77094,158.11,18.54,176.65,35.5,5483,1946,2291.36,16.56,27.91
2024-10,2024,10,92,ตรัง,Trang,ภาคใต้,78166,5074,83240,165.92,19.5,185.42,37.7,5558,2095,2227.53,17.31,30.88
2024-11,2024,11,92,ตรัง,Trang,ภาคใต้,124997,8432,133429,263.59,32.53,296.12,58.5,5513,3225,2219.31,23.3,37.25
2024-12,2024,12,92,ตรัง,Trang,ภาคใต้,171258,10847,182105,367.34,43.71,411.05,85.5,5496,4699,2257.21,20.32,34.28
2019-01,2019,1,93,พัทลุง,Phatthalung,ภาคใต้,159790,10574,170364,288.11,36.27,324.38,79.2,5397,4274,1904.04,0.0,0.0
2019-02,2019,2,93,พัทลุง,Phatthalung,ภาคใต้,145718,8911,154629,254.2,30.28,284.48,77.0,5533,4260,1839.76,0.0,0.0
2019-03,2019,3,93,พัทลุง,Phatthalung,ภาคใต้,132697,8134,140831,233.55,27.72,261.27,68.8,5405,3718,1855.2,0.0,0.0
2019-04,2019,4,93,พัทลุง,Phatthalung,ภาคใต้,118907,7499,126406,215.71,25.46,241.17,60.3,5426,3271,1907.9,0.0,0.0
2019-05,2019,5,93,พัทลุง,Phatthalung,ภาคใต้,90185,6037,96222,165.36,20.12,185.48,46.6,5537,2580,1927.63,0.0,0.0
2019-06,2019,6,93,พัทลุง,Phatthalung,ภาคใต้,85606,5467,91073,154.32,17.85,172.17,43.7,5497,2402,1890.46,0.0,0.0
2019-07,2019,7,93,พัทลุง,Phatthalung,ภาคใต้,96892,6026,102918,178.43,20.87,199.3,49.1,5440,2671,1936.49,0.0,0.0
2019-08,2019,8,93,พัทลุง,Phatthalung,ภาคใต้,97356,6120,103476,174.83,20.72,195.55,50.3,5493,2762,1889.81,0.0,0.0
2019-09,2019,9,93,พัทลุง,Phatthalung,ภาคใต้,70570,4654,75224,125.3,15.44,140.74,36.6,5469,2001,1870.95,0.0,0.0
2019-10,2019,10,93,พัทลุง,Phatthalung,ภาคใต้,73045,4894,77939,127.75,17.05,144.8,39.1,5587,2184,1857.86,0.0,0.0
2019-11,2019,11,93,พัทลุง,Phatthalung,ภาคใต้,109017,6901,115918,193.7,23.59,217.3,61.3,5441,3335,1874.6,0.0,0.0
2019-12,2019,12,93,พัทลุง,Phatthalung,ภาคใต้,155865,9624,165489,276.19,33.5,309.69,85.4,5401,4612,1871.36,0.0,0.0
2020-01,2020,1,93,พัทลุง,Phatthalung,ภาคใต้,64980,1020,66000,98.99,2.99,101.98,34.7,5456,1893,1545.15,-61.26,-68.56
2020-02,2020,2,93,พัทลุง,Phatthalung,ภาคใต้,55916,878,56794,87.65,2.58,90.23,31.7,5588,1771,1588.72,-63.27,-68.28
2020-03,2020,3,93,พัทลุง,Phatthalung,ภาคใต้,48984,735,49719,74.01,2.06,76.06,27.8,5599,1556,1529.8,-64.7,-70.89
2020-04,2020,4,93,พัทลุง,Phatthalung,ภาคใต้,47286,705,47991,70.53,2.04,72.56,25.7,5550,1426,1511.95,-62.03,-69.91
2020-05,2020,5,93,พัทลุง,Phatthalung,ภาคใต้,35299,554,35853,53.37,1.62,54.99,20.1,5522,1109,1533.76,-62.74,-70.35
2020-06,2020,6,93,พัทลุง,Phatthalung,ภาคใต้,32927,480,33407,49.47,1.42,50.89,18.7,5564,1040,1523.33,-63.32,-70.44
2020-07,2020,7,93,พัทลุง,Phatthalung,ภาคใต้,38770,595,39365,56.81,1.74,58.56,21.1,5507,1161,1487.62,-61.75,-70.62
2020-08,2020,8,93,พัทลุง,Phatthalung,ภาคใต้,37626,545,38171,54.84,1.61,56.45,21.9,5423,1187,1478.87,-63.11,-71.13
2020-09,2020,9,93,พัทลุง,Phatthalung,ภาคใต้,28191,418,28609,43.97,1.15,45.12,15.0,5596,839,1577.13,-61.97,-67.94
2020-10,2020,10,93,พัทลุง,Phatthalung,ภาคใต้,29510,457,29967,46.31,1.26,47.57,16.3,5609,914,1587.41,-61.55,-67.15
2020-11,2020,11,93,พัทลุง,Phatthalung,ภาคใต้,44403,681,45084,66.82,1.95,68.77,24.8,5481,1359,1525.37,-61.11,-68.35
2020-12,2020,12,93,พัทลุง,Phatthalung,ภาคใต้,66213,1021,67234,99.64,3.03,102.67,35.6,5527,1967,1527.05,-59.37,-66.85
2021-01,2021,1,93,พัทลุง,Phatthalung,ภาคใต้,43208,273,43481,63.95,0.76,64.71,24.1,5413,1304,1488.24,-34.12,-36.55
2021-02,2021,2,93,พัทลุง,Phatthalung,ภาคใต้,41652,262,41914,61.63,0.7,62.33,23.4,5495,1285,1487.09,-26.2,-30.92
2021-03,2021,3,93,พัทลุง,Phatthalung,ภาคใต้,34585,203,34788,48.78,0.53,49.31,19.8,5431,1075,1417.44,-30.03,-35.17
2021-04,2021,4,93,พัทลุง,Phatthalung,ภาคใต้,32910,204,33114,45.43,0.54,45.97,18.6,5554,1033,1388.23,-31.0,-36.65
2021-05,2021,5,93,พัทลุง,Phatthalung,ภาคใต้,23752,139,23891,33.42,0.36,33.78,15.0,5466,819,1413.92,-33.36,-38.57
2021-06,2021,6,93,พัทลุง,Phatthalung,ภาคใต้,23397,145,23542,33.73,0.4,34.12,15.0,5463,819,1449.32,-29.53,-32.95
2021-07,2021,7,93,พัทลุง,Phatthalung,ภาคใต้,25169,152,25321,37.04,0.42,37.46,15.0,5482,822,1479.4,-35.68,-36.03
2021-08,2021,8,93,พัทลุง,Phatthalung,ภาคใต้,26257,154,26411,36.96,0.41,37.37,15.1,5489,828,1414.94,-30.81,-33.8
2021-09,2021,9,93,พัทลุง,Phatthalung,ภาคใต้,19304,119,19423,28.39,0.31,28.71,15.0,5436,815,1478.14,-32.11,-36.37
2021-10,2021,10,93,พัทลุง,Phatthalung,ภาคใต้,21998,130,22128,30.57,0.34,30.91,15.0,5459,818,1396.87,-26.16,-35.02
2021-11,2021,11,93,พัทลุง,Phatthalung,ภาคใต้,33599,194,33793,49.79,0.53,50.32,18.7,5493,1027,1489.07,-25.04,-26.83
2021-12,2021,12,93,พัทลุง,Phatthalung,ภาคใต้,43215,253,43468,63.78,0.66,64.44,25.7,5477,1407,1482.47,-35.35,-37.24
2022-01,2022,1,93,พัทลุง,Phatthalung,ภาคใต้,102091,3051,105142,169.83,9.53,179.36,55.1,5482,3020,1705.88,141.81,177.18
2022-02,2022,2,93,พัทลุง,Phatthalung,ภาคใต้,96891,2786,99677,164.88,8.81,173.69,52.3,5493,2872,1742.53,137.81,178.66
2022-03,2022,3,93,พัทลุง,Phatthalung,ภาคใต้,87080,2709,89789,151.57,8.66,160.23,46.1,5482,2527,1784.52,158.1,224.94
2022-04,2022,4,93,พัทลุง,Phatthalung,ภาคใต้,75174,2343,77517,123.86,7.28,131.14,43.3,5584,2417,1691.76,134.09,185.27
2022-05,2022,5,93,พัทลุง,Phatthalung,ภาคใต้,58253,1716,59969,100.37,5.38,105.74,31.6,5401,1706,1763.24,151.01,213.03
2022-06,2022,6,93,พัทลุง,Phatthalung,ภาคใต้,54337,1567,55904,90.1,4.88,94.98,30.5,5398,1646,1698.98,137.46,178.37
2022-07,2022,7,93,พัทลุง,Phatthalung,ภาคใต้,57779,1677,59456,99.51,5.14,104.66,34.0,5531,1880,1760.29,134.81,179.39
2022-08,2022,8,93,พัทลุง,Phatthalung,ภาคใต้,60364,1796,62160,98.4,5.92,104.32,35.2,5406,1902,1678.25,135.36,179.15
2022-09,2022,9,93,พัทลุง,Phatthalung,ภาคใต้,42257,1191,43448,69.1,3.85,72.95,25.0,5524,1381,1679.02,123.69,154.09
2022-10,2022,10,93,พัทลุง,Phatthalung,ภาคใต้,49400,1538,50938,85.19,5.08,90.28,26.9,5425,1459,1772.35,130.2,192.07
2022-11,2022,11,93,พัทลุง,Phatthalung,ภาคใต้,73466,2225,75691,129.32,7.31,136.63,42.2,5461,2304,1805.1,123.98,171.52
2022-12,2022,12,93,พัทลุง,Phatthalung,ภาคใต้,101393,2939,104332,169.24,9.05,178.29,57.5,5601,3220,1708.87,140.02,176.68
2023-01,2023,1,93,พัทลุง,Phatthalung,ภาคใต้,137844,7179,145023,256.64,25.88,282.51,71.8,5563,3994,1948.04,37.93,57.51
2023-02,2023,2,93,พัทลุง,Phatthalung,ภาคใต้,132044,6964,139008,262.07,25.04,287.11,66.7,5584,3724,2065.42,39.46,65.3
2023-03,2023,3,93,พัทลุง,Phatthalung,ภาคใต้,119766,6158,125924,230.07,22.65,252.72,62.2,5429,3376,2006.92,40.24,57.72
2023-04,2023,4,93,พัทลุง,Phatthalung,ภาคใต้,107251,5713,112964,202.77,20.8,223.58,54.8,5586,3061,1979.21,45.73,70.49
2023-05,2023,5,93,พัทลุง,Phatthalung,ภาคใต้,81787,4085,85872,159.22,14.4,173.62,41.8,5486,2293,2021.85,43.19,64.2
2023-06,2023,6,93,พัทลุง,Phatthalung,ภาคใต้,71960,3840,75800,140.18,13.93,154.11,39.0,5511,2149,2033.11,35.59,62.26
2023-07,2023,7,93,พัทลุง,Phatthalung,ภาคใต้,85996,4587,90583,168.86,17.17,186.03,43.3,5577,2414,2053.7,52.35,77.75
2023-08,2023,8,93,พัทลุง,Phatthalung,ภาคใต้,84134,4531,88665,157.9,16.68,174.57,46.2,5553,2565,1968.87,42.64,67.34
2023-09,2023,9,93,พัทลุง,Phatthalung,ภาคใต้,64221,3289,67510,127.86,12.28,140.14,32.6,5572,1816,2075.84,55.38,92.1
2023-10,2023,10,93,พัทลุง,Phatthalung,ภาคใต้,71191,3613,74804,131.96,13.14,145.11,35.9,5563,1997,1939.87,46.85,60.73
2023-11,2023,11,93,พัทลุง,Phatthalung,ภาคใต้,102608,5558,108166,201.16,19.4,220.56,53.5,5547,2967,2039.09,42.9,61.43
2023-12,2023,12,93,พัทลุง,Phatthalung,ภาคใต้,146061,7697,153758,290.99,27.07,318.05,74.9,5416,4056,2068.51,47.37,78.39
2024-01,2024,1,93,พัทลุง,Phatthalung,ภาคใต้,167461,11640,179101,354.45,45.59,400.04,79.9,5605,4478,2233.6,23.5,41.6
2024-02,2024,2,93,พัทลุง,Phatthalung,ภาคใต้,155122,10736,165858,324.76,41.04,365.79,73.5,5394,3964,2205.44,19.32,27.4
2024-03,2024,3,93,พัทลุง,Phatthalung,ภาคใต้,132327,8783,141110,275.17,35.65,310.82,68.3,5509,3762,2202.68,12.06,22.99
2024-04,2024,4,93,พัทลุง,Phatthalung,ภาคใต้,126018,8554,134572,268.8,33.17,301.97,61.9,5538,3428,2243.93,19.13,35.06
2024-05,2024,5,93,พัทลุง,Phatthalung,ภาคใต้,98426,6834,105260,203.36,26.33,229.69,48.0,5424,2603,2182.12,22.58,32.29
2024-06,2024,6,93,พัทลุง,Phatthalung,ภาคใต้,90080,5807,95887,197.32,23.65,220.97,42.9,5575,2391,2304.48,26.5,43.38
2024-07,2024,7,93,พัทลุง,Phatthalung,ภาคใต้,104499,7199,111698,219.35,29.63,248.98,47.5,5558,2640,2229.05,23.31,33.84
2024-08,2024,8,93,พัทลุง,Phatthalung,ภาคใต้,108188,6840,115028,233.56,26.68,260.24,51.5,5480,2822,2262.41,29.73,49.07
2024-09,2024,9,93,พัทลุง,Phatthalung,ภาคใต้,69992,4450,74442,145.27,17.89,163.15,34.5,5473,1888,2191.64,10.27,16.42
2024-10,2024,10,93,พัทลุง,Phatthalung,ภาคใต้,83695,5827,89522,177.11,22.38,199.49,37.7,5515,2079,2228.39,19.68,37.48
2024-11,2024,11,93,พัทลุง,Phatthalung,ภาคใต้,126291,8030,134321,268.51,31.88,300.39,58.5,5599,3275,2236.36,24.18,36.19
2024-12,2024,12,93,พัทลุง,Phatthalung,ภาคใต้,182404,12677,195081,382.51,50.47,432.97,81.3,5546,4508,2219.44,26.88,36.13
2019-01,2019,1,94,ปัตตานี,Pattani,ภาคใต้,162811,10521,173332,290.19,36.19,326.38,79.1,5417,4284,1882.98,0.0,0.0
2019-02,2019,2,94,ปัตตานี,Pattani,ภาคใต้,140693,8562,149255,250.33,29.41,279.74,74.4,5608,4172,1874.24,0.0,0.0
2019-03,2019,3,94,ปัตตานี,Pattani,ภาคใต้,124917,8275,133192,228.99,27.2,256.19,67.1,5531,3711,1923.46,0.0,0.0
2019-04,2019,4,94,ปัตตานี,Pattani,ภาคใต้,121821,7913,129734,221.99,27.58,249.57,63.8,5544,3537,1923.71,0.0,0.0
2019-05,2019,5,94,ปัตตานี,Pattani,ภาคใต้,96445,5895,102340,171.24,19.03,190.27,46.4,5554,2577,1859.19,0.0,0.0
2019-06,2019,6,94,ปัตตานี,Pattani,ภาคใต้,80559,5119,85678,147.51,16.93,164.44,43.1,5482,2362,1919.28,0.0,0.0
2019-07,2019,7,94,ปัตตานี,Pattani,ภาคใต้,94271,5851,100122,172.66,19.93,192.59,50.2,5571,2796,1923.55,0.0,0.0
2019-08,2019,8,94,ปัตตานี,Pattani,ภาคใต้,98816,6354,105170,179.81,20.85,200.66,49.8,5468,2723,1907.96,0.0,0.0
2019-09,2019,9,94,ปัตตานี,Pattani,ภาคใต้,70773,4729,75502,128.77,16.05,144.82,36.5,5575,2034,1918.09,0.0,0.0
2019-10,2019,10,94,ปัตตานี,Pattani,ภาคใต้,79847,5065,84912,142.82,16.77,159.6,39.9,5450,2174,1879.59,0.0,0.0
2019-11,2019,11,94,ปัตตานี,Pattani,ภาคใต้,120092,7737,127829,209.85,25.39,235.24,60.9,5572,3393,1840.27,0.0,0.0
2019-12,2019,12,94,ปัตตานี,Pattani,ภาคใต้,154483,10088,164571,275.94,34.0,309.94,84.2,5553,4675,1883.32,0.0,0.0
2020-01,2020,1,94,ปัตตานี,Pattani,ภาคใต้,61024,912,61936,91.0,2.6,93.6,35.0,5458,1910,1511.24,-64.27,-71.32
2020-02,2020,2,94,ปัตตานี,Pattani,ภาคใต้,57042,873,57915,83.39,2.4,85.79,32.5,5487,1783,1481.31,-61.2,-69.33
2020-03,2020,3,94,ปัตตานี,Pattani,ภาคใต้,50122,796,50918,79.0,2.26,81.26,28.7,5594,1605,1595.9,-61.77,-68.28
2020-04,2020,4,94,ปัตตานี,Pattani,ภาคใต้,44765,653,45418,66.03,1.79,67.83,25.4,5609,1424,1493.46,-64.99,-72.82
2020-05,2020,5,94,ปัตตานี,Pattani,ภาคใต้,37659,569,38228,56.06,1.6,57.66,20.0,5488,1097,1508.32,-62.65,-69.7
2020-06,2020,6,94,ปัตตานี,Pattani,ภาคใต้,33039,514,33553,49.29,1.43,50.72,18.2,5568,1013,1511.64,-60.84,-69.16
2020-07,2020,7,94,ปัตตานี,Pattani,ภาคใต้,37339,559,37898,58.42,1.61,60.04,20.9,5571,1164,1584.25,-62.15,-68.82
2020-08,2020,8,94,ปัตตานี,Pattani,ภาคใต้,41025,649,41674,63.1,1.88,64.98,20.9,5606,1171,1559.25,-60.37,-67.62
2020-09,2020,9,94,ปัตตานี,Pattani,ภาคใต้,27723,414,28137,40.41,1.16,41.57,15.0,5420,813,1477.41,-62.73,-71.3
2020-10,2020,10,94,ปัตตานี,Pattani,ภาคใต้,28899,452,29351,42.38,1.26,43.64,17.0,5578,948,1486.83,-65.43,-72.66
2020-11,2020,11,94,ปัตตานี,Pattani,ภาคใต้,43776,639,44415,65.39,1.81,67.2,26.1,5472,1428,1513.0,-65.25,-71.43
2020-12,2020,12,94,ปัตตานี,Pattani,ภาคใต้,67721,1077,68798,102.15,3.15,105.3,36.2,5578,2019,1530.57,-58.2,-66.03
2021-01,2021,1,94,ปัตตานี,Pattani,ภาคใต้,41048,247,41295,56.98,0.68,57.66,24.5,5461,1337,1396.29,-33.33,-38.4
2021-02,2021,2,94,ปัตตานี,Pattani,ภาคใต้,41097,246,41343,56.61,0.66,57.28,23.2,5401,1253,1385.48,-28.61,-33.23
2021-03,2021,3,94,ปัตตานี,Pattani,ภาคใต้,36885,218,37103,53.59,0.59,54.18,20.5,5600,1148,1460.26,-27.13,-33.33
2021-04,2021,4,94,ปัตตานี,Pattani,ภาคใต้,31606,185,31791,46.77,0.52,47.29,19.2,5567,1068,1487.53,-30.0,-30.28
2021-05,2021,5,94,ปัตตานี,Pattani,ภาคใต้,25203,151,25354,37.34,0.4,37.75,15.0,5528,829,1488.92,-33.68,-34.53
2021-06,2021,6,94,ปัตตานี,Pattani,ภาคใต้,24376,148,24524,34.94,0.41,35.35,15.0,5509,826,1441.45,-26.91,-30.3
2021-07,2021,7,94,ปัตตานี,Pattani,ภาคใต้,26421,153,26574,38.47,0.42,38.89,15.3,5391,824,1463.46,-29.88,-35.23
2021-08,2021,8,94,ปัตตานี,Pattani,ภาคใต้,28218,171,28389,39.31,0.47,39.79,15.1,5516,832,1401.6,-31.88,-38.77
2021-09,2021,9,94,ปัตตานี,Pattani,ภาคใต้,19676,117,19793,28.21,0.32,28.53,15.0,5568,835,1441.42,-29.65,-31.37
2021-10,2021,10,94,ปัตตานี,Pattani,ภาคใต้,19777,118,19895,27.39,0.31,27.7,15.0,5585,837,1392.31,-32.22,-36.53
2021-11,2021,11,94,ปัตตานี,Pattani,ภาคใต้,30557,178,30735,45.07,0.49,45.57,18.3,5558,1017,1482.67,-30.8,-32.19
2021-12,2021,12,94,ปัตตานี,Pattani,ภาคใต้,45216,276,45492,62.91,0.77,63.68,25.3,5604,1417,1399.81,-33.88,-39.53
2022-01,2022,1,94,ปัตตานี,Pattani,ภาคใต้,96777,2960,99737,166.14,9.43,175.58,54.1,5507,2979,1760.43,141.52,204.51
2022-02,2022,2,94,ปัตตานี,Pattani,ภาคใต้,97204,2961,100165,169.51,9.46,178.96,52.8,5561,2936,1786.65,142.28,212.43
2022-03,2022,3,94,ปัตตานี,Pattani,ภาคใต้,80910,2478,83388,134.53,8.22,142.75,45.0,5569,2506,1711.88,124.75,163.47
2022-04,2022,4,94,ปัตตานี,Pattani,ภาคใต้,71842,2185,74027,124.44,7.06,131.5,42.2,5608,2366,1776.38,132.86,178.07
2022-05,2022,5,94,ปัตตานี,Pattani,ภาคใต้,60130,1813,61943,101.7,5.79,107.49,32.3,5486,1771,1735.31,144.31,184.74
2022-06,2022,6,94,ปัตตานี,Pattani,ภาคใต้,51373,1540,52913,88.27,4.97,93.24,29.9,5567,1664,1762.14,115.76,163.76
2022-07,2022,7,94,ปัตตานี,Pattani,ภาคใต้,60071,1727,61798,104.4,5.61,110.01,33.0,5497,1814,1780.15,132.55,182.87
2022-08,2022,8,94,ปัตตานี,Pattani,ภาคใต้,59258,1694,60952,102.92,5.37,108.29,34.4,5527,1901,1776.64,114.7,172.15
2022-09,2022,9,94,ปัตตานี,Pattani,ภาคใต้,43767,1288,45055,71.79,4.14,75.92,25.0,5527,1381,1685.05,127.63,166.11
2022-10,2022,10,94,ปัตตานี,Pattani,ภาคใต้,47734,1427,49161,81.82,4.64,86.46,27.2,5484,1491,1758.71,147.1,212.13
2022-11,2022,11,94,ปัตตานี,Pattani,ภาคใต้,73572,2094,75666,128.58,6.55,135.13,40.8,5526,2254,1785.87,146.19,196.53
2022-12,2022,12,94,ปัตตานี,Pattani,ภาคใต้,105956,3235,109191,174.02,9.95,183.97,59.3,5527,3277,1684.85,140.02,188.9
2023-01,2023,1,94,ปัตตานี,Pattani,ภาคใต้,142817,7695,150512,275.92,26.92,302.84,70.4,5434,3825,2012.07,50.91,72.48
2023-02,2023,2,94,ปัตตานี,Pattani,ภาคใต้,128106,6368,134474,244.51,23.29,267.81,69.3,5484,3800,1991.54,34.25,49.65
2023-03,2023,3,94,ปัตตานี,Pattani,ภาคใต้,118356,6173,124529,220.24,21.81,242.06,61.6,5424,3341,1943.8,49.34,69.57
2023-04,2023,4,94,ปัตตานี,Pattani,ภาคใต้,100156,5232,105388,191.33,18.79,210.12,56.5,5577,3151,1993.78,42.36,59.79
2023-05,2023,5,94,ปัตตานี,Pattani,ภาคใต้,79571,4181,83752,159.08,15.14,174.22,41.9,5552,2326,2080.19,35.21,62.08
2023-06,2023,6,94,ปัตตานี,Pattani,ภาคใต้,73348,3718,77066,137.45,13.66,151.1,39.7,5577,2214,1960.66,45.65,62.05
2023-07,2023,7,94,ปัตตานี,Pattani,ภาคใต้,85831,4492,90323,162.14,16.85,178.99,43.5,5502,2393,1981.67,46.16,62.7
2023-08,2023,8,94,ปัตตานี,Pattani,ภาคใต้,91626,4603,96229,171.74,17.36,189.1,45.9,5534,2540,1965.1,57.88,74.62
2023-09,2023,9,94,ปัตตานี,Pattani,ภาคใต้,60444,3015,63459,119.02,10.8,129.81,31.4,5495,1725,2045.57,40.85,70.98
2023-10,2023,10,94,ปัตตานี,Pattani,ภาคใต้,64675,3499,68174,126.6,12.51,139.11,35.8,5553,1987,2040.51,38.67,60.9
2023-11,2023,11,94,ปัตตานี,Pattani,ภาคใต้,105516,5179,110695,198.35,18.47,216.83,52.8,5550,2930,1958.81,46.29,60.46
2023-12,2023,12,94,ปัตตานี,Pattani,ภาคใต้,140826,7034,147860,277.95,24.69,302.64,76.1,5475,4166,2046.8,35.41,64.51
2024-01,2024,1,94,ปัตตานี,Pattani,ภาคใต้,159807,11154,170961,343.71,42.98,386.69,80.0,5569,4455,2261.86,13.59,27.69
2024-02,2024,2,94,ปัตตานี,Pattani,ภาคใต้,147776,10336,158112,322.09,40.05,362.14,73.6,5594,4117,2290.4,17.58,35.22
2024-03,2024,3,94,ปัตตานี,Pattani,ภาคใต้,136915,9391,146306,294.7,36.05,330.75,65.7,5451,3581,2260.67,17.49,36.64
2024-04,2024,4,94,ปัตตานี,Pattani,ภาคใต้,125038,8759,133797,255.08,34.46,289.54,62.0,5436,3370,2164.02,26.96,37.8
2024-05,2024,5,94,ปัตตานี,Pattani,ภาคใต้,98604,6720,105324,203.16,27.03,230.19,45.8,5536,2535,2185.54,25.76,32.13
2024-06,2024,6,94,ปัตตานี,Pattani,ภาคใต้,93349,6542,99891,200.65,25.61,226.26,42.7,5527,2360,2265.07,29.62,49.74
2024-07,2024,7,94,ปัตตานี,Pattani,ภาคใต้,99344,6393,105737,216.37,25.31,241.69,47.7,5576,2659,2285.77,17.07,35.03
2024-08,2024,8,94,ปัตตานี,Pattani,ภาคใต้,108922,7016,115938,235.78,27.2,262.97,51.5,5439,2801,2268.2,20.48,39.06
2024-09,2024,9,94,ปัตตานี,Pattani,ภาคใต้,73206,4961,78167,158.67,19.9,178.57,34.5,5530,1907,2284.47,23.18,37.56
2024-10,2024,10,94,ปัตตานี,Pattani,ภาคใต้,82916,5540,88456,178.86,22.62,201.48,38.2,5528,2111,2277.74,29.75,44.84
2024-11,2024,11,94,ปัตตานี,Pattani,ภาคใต้,123001,7909,130910,259.94,30.37,290.31,58.8,5432,3194,2217.63,18.26,33.89
2024-12,2024,12,94,ปัตตานี,Pattani,ภาคใต้,174012,12122,186134,380.97,48.42,429.4,85.6,5599,4792,2306.94,25.89,41.88
2019-01,2019,1,95,ยะลา,Yala,ภาคใต้,158625,10049,168674,282.96,32.96,315.91,78.9,5518,4353,1872.9,0.0,0.0
2019-02,2019,2,95,ยะลา,Yala,ภาคใต้,138472,9022,147494,242.02,31.49,273.5,74.8,5416,4051,1854.31,0.0,0.0
2019-03,2019,3,95,ยะลา,Yala,ภาคใต้,133309,8520,141829,232.49,28.18,260.67,66.1,5456,3606,1837.92,0.0,0.0
2019-04,2019,4,95,ยะลา,Yala,ภาคใต้,116321,7113,123434,210.03,24.44,234.47,60.4,5469,3303,1899.56,0.0,0.0
2019-05,2019,5,95,ยะลา,Yala,ภาคใต้,95559,6056,101615,169.68,19.96,189.63,48.2,5391,2598,1866.16,0.0,0.0
2019-06,2019,6,95,ยะลา,Yala,ภาคใต้,84244,5506,89750,152.39,18.61,171.0,45.0,5579,2510,1905.29,0.0,0.0
2019-07,2019,7,95,ยะลา,Yala,ภาคใต้,94159,5790,99949,166.2,19.82,186.02,50.2,5449,2735,1861.15,0.0,0.0
2019-08,2019,8,95,ยะลา,Yala,ภาคใต้,101491,6522,108013,183.99,21.5,205.48,51.5,5565,2865,1902.36,0.0,0.0
2019-09,2019,9,95,ยะลา,Yala,ภาคใต้,67885,4126,72011,122.86,13.75,136.61,35.7,5554,1982,1897.07,0.0,0.0
2019-10,2019,10,95,ยะลา,Yala,ภาคใต้,77952,4739,82691,137.88,15.35,153.23,39.1,5459,2134,1853.04,0.0,0.0
2019-11,2019,11,95,ยะลา,Yala,ภาคใต้,114812,7140,121952,207.71,24.69,232.41,60.3,5497,3314,1905.75,0.0,0.0
2019-12,2019,12,95,ยะลา,Yala,ภาคใต้,157577,9726,167303,276.47,32.58,309.04,84.2,5531,4657,1847.19,0.0,0.0
2020-01,2020,1,95,ยะลา,Yala,ภาคใต้,58778,897,59675,86.4,2.47,88.87,33.4,5492,1834,1489.23,-64.62,-71.87
2020-02,2020,2,95,ยะลา,Yala,ภาคใต้,56622,835,57457,82.48,2.42,84.89,32.7,5407,1768,1477.45,-61.04,-68.96
2020-03,2020,3,95,ยะลา,Yala,ภาคใต้,48780,761,49541,71.88,2.24,74.12,27.9,5483,1529,1496.13,-65.07,-71.57
2020-04,2020,4,95,ยะลา,Yala,ภาคใต้,46173,678,46851,72.5,1.9,74.4,26.1,5470,1427,1588.01,-62.04,-68.27
2020-05,2020,5,95,ยะลา,Yala,ภาคใต้,35994,525,36519,53.36,1.53,54.89,19.6,5480,1074,1503.05,-64.06,-71.05
2020-06,2020,6,95,ยะลา,Yala,ภาคใต้,32628,507,33135,49.61,1.5,51.11,18.6,5491,1021,1542.48,-63.08,-70.11
2020-07,2020,7,95,ยะลา,Yala,ภาคใต้,37457,547,38004,54.79,1.51,56.3,20.7,5464,1131,1481.42,-61.98,-69.73
2020-08,2020,8,95,ยะลา,Yala,ภาคใต้,40863,647,41510,61.23,1.87,63.1,22.1,5454,1205,1520.12,-61.57,-69.29
2020-09,2020,9,95,ยะลา,Yala,ภาคใต้,27679,407,28086,42.3,1.17,43.46,15.0,5397,809,1547.39,-61.0,-68.19
2020-10,2020,10,95,ยะลา,Yala,ภาคใต้,29740,462,30202,46.4,1.33,47.72,16.4,5505,902,1580.03,-63.48,-68.86
2020-11,2020,11,95,ยะลา,Yala,ภาคใต้,47538,726,48264,70.74,2.11,72.85,26.1,5506,1437,1509.41,-60.42,-68.65
2020-12,2020,12,95,ยะลา,Yala,ภาคใต้,65173,963,66136,94.93,2.68,97.61,36.4,5414,1970,1475.9,-60.47,-68.42
2021-01,2021,1,95,ยะลา,Yala,ภาคใต้,41826,256,42082,61.22,0.69,61.9,23.8,5563,1323,1470.94,-29.48,-30.35
2021-02,2021,2,95,ยะลา,Yala,ภาคใต้,41778,260,42038,58.82,0.68,59.5,22.9,5521,1264,1415.39,-26.84,-29.91
2021-03,2021,3,95,ยะลา,Yala,ภาคใต้,33758,208,33966,49.6,0.58,50.18,20.0,5461,1092,1477.36,-31.44,-32.3
2021-04,2021,4,95,ยะลา,Yala,ภาคใต้,31475,184,31659,44.29,0.49,44.78,19.1,5563,1062,1414.45,-32.43,-39.81
2021-05,2021,5,95,ยะลา,Yala,ภาคใต้,24784,142,24926,36.28,0.38,36.66,15.0,5405,810,1470.75,-31.75,-33.21
2021-06,2021,6,95,ยะลา,Yala,ภาคใต้,22948,141,23089,33.65,0.38,34.03,15.0,5540,831,1473.86,-30.32,-33.42
2021-07,2021,7,95,ยะลา,Yala,ภาคใต้,25260,157,25417,37.21,0.43,37.64,15.0,5521,828,1480.9,-33.12,-33.14
2021-08,2021,8,95,ยะลา,Yala,ภาคใต้,26886,164,27050,39.17,0.45,39.62,15.8,5477,865,1464.7,-34.83,-37.21
2021-09,2021,9,95,ยะลา,Yala,ภาคใต้,19041,113,19154,28.05,0.29,28.34,15.0,5579,836,1479.59,-31.8,-34.79
2021-10,2021,10,95,ยะลา,Yala,ภาคใต้,20284,125,20409,28.8,0.34,29.14,15.0,5471,820,1427.8,-32.43,-38.94
2021-11,2021,11,95,ยะลา,Yala,ภาคใต้,32754,200,32954,47.47,0.55,48.02,18.2,5442,990,1457.18,-31.72,-34.08
2021-12,2021,12,95,ยะลา,Yala,ภาคใต้,44348,254,44602,60.93,0.66,61.59,26.4,5451,1439,1380.88,-32.56,-36.9
2022-01,2022,1,95,ยะลา,Yala,ภาคใต้,97176,2889,100065,168.33,9.43,177.76,54.6,5542,3025,1776.45,137.79,187.17
2022-02,2022,2,95,ยะลา,Yala,ภาคใต้,98995,2865,101860,173.09,8.98,182.07,52.8,5593,2953,1787.45,142.3,206.0
2022-03,2022,3,95,ยะลา,Yala,ภาคใต้,84546,2625,87171,138.45,8.21,146.66,46.2,5408,2498,1682.44,156.64,192.27
2022-04,2022,4,95,ยะลา,Yala,ภาคใต้,72058,2078,74136,121.7,6.58,128.28,43.3,5513,2387,1730.33,134.17,186.47
2022-05,2022,5,95,ยะลา,Yala,ภาคใต้,57538,1706,59244,99.07,5.46,104.53,32.7,5473,1789,1764.4,137.68,185.13
2022-06,2022,6,95,ยะลา,Yala,ภาคใต้,54596,1553,56149,95.94,5.07,101.01,29.3,5476,1604,1798.96,143.19,196.83
2022-07,2022,7,95,ยะลา,Yala,ภาคใต้,59158,1694,60852,100.62,5.51,106.13,33.2,5458,1812,1744.07,139.41,181.96
2022-08,2022,8,95,ยะลา,Yala,ภาคใต้,62302,1797,64099,108.16,5.74,113.91,35.6,5576,1985,1777.09,136.96,187.51
2022-09,2022,9,95,ยะลา,Yala,ภาคใต้,42241,1260,43501,68.87,3.9,72.77,24.5,5532,1355,1672.84,127.11,156.77
2022-10,2022,10,95,ยะลา,Yala,ภาคใต้,49793,1422,51215,82.16,4.42,86.58,27.5,5406,1486,1690.52,150.94,197.12
2022-11,2022,11,95,ยะลา,Yala,ภาคใต้,75599,2306,77905,126.2,7.17,133.37,41.0,5470,2242,1711.96,136.41,177.74
2022-12,2022,12,95,ยะลา,Yala,ภาคใต้,101055,2967,104022,176.07,9.5,185.57,56.6,5521,3124,1783.95,133.22,201.3
2023-01,2023,1,95,ยะลา,Yala,ภาคใต้,144689,7484,152173,269.21,27.72,296.93,71.7,5538,3970,1951.27,52.07,67.04
2023-02,2023,2,95,ยะลา,Yala,ภาคใต้,133093,6748,139841,254.28,23.92,278.2,68.5,5534,3790,1989.4,37.29,52.8
2023-03,2023,3,95,ยะลา,Yala,ภาคใต้,111328,6051,117379,210.33,22.34,232.67,60.9,5507,3353,1982.21,34.65,58.65
2023-04,2023,4,95,ยะลา,Yala,ภาคใต้,107224,5416,112640,205.19,19.61,224.8,54.8,5412,2965,1995.74,51.94,75.24
2023-05,2023,5,95,ยะลา,Yala,ภาคใต้,78631,4072,82703,149.51,14.84,164.35,42.2,5451,2300,1987.23,39.6,57.23
2023-06,2023,6,95,ยะลา,Yala,ภาคใต้,71885,3875,75760,136.9,13.59,150.49,39.7,5513,2188,1986.4,34.93,48.99
2023-07,2023,7,95,ยะลา,Yala,ภาคใต้,87247,4489,91736,167.56,16.46,184.02,44.5,5570,2478,2005.97,50.75,73.39
2023-08,2023,8,95,ยะลา,Yala,ภาคใต้,86596,4469,91065,168.88,16.72,185.6,45.6,5418,2470,2038.1,42.07,62.94
2023-09,2023,9,95,ยะลา,Yala,ภาคใต้,61467,3215,64682,120.03,12.07,132.1,32.4,5518,1787,2042.3,48.69,81.53
2023-10,2023,10,95,ยะลา,Yala,ภาคใต้,70517,3789,74306,132.49,14.29,146.78,34.7,5529,1918,1975.35,45.09,69.53
2023-11,2023,11,95,ยะลา,Yala,ภาคใต้,99873,5154,105027,193.77,18.32,212.1,54.5,5462,2976,2019.48,34.81,59.03
2023-12,2023,12,95,ยะลา,Yala,ภาคใต้,153773,7849,161622,291.08,27.72,318.81,74.9,5499,4118,1972.57,55.37,71.8
2024-01,2024,1,95,ยะลา,Yala,ภาคใต้,155146,9862,165008,329.21,37.75,366.97,79.9,5589,4465,2223.95,8.43,23.59
2024-02,2024,2,95,ยะลา,Yala,ภาคใต้,158082,10087,168169,328.13,40.26,368.39,74.4,5486,4081,2190.59,20.26,32.42
2024-03,2024,3,95,ยะลา,Yala,ภาคใต้,139020,9649,148669,296.31,38.5,334.8,67.8,5447,3693,2251.98,26.66,43.89
2024-04,2024,4,95,ยะลา,Yala,ภาคใต้,129216,8305,137521,264.76,31.66,296.42,60.4,5413,3269,2155.45,22.09,31.86
2024-05,2024,5,95,ยะลา,Yala,ภาคใต้,92483,6261,98744,193.03,24.81,217.84,46.0,5598,2575,2206.11,19.4,32.55
2024-06,2024,6,95,ยะลา,Yala,ภาคใต้,91702,6260,97962,198.54,24.24,222.78,43.2,5437,2348,2274.15,29.31,48.04
2024-07,2024,7,95,ยะลา,Yala,ภาคใต้,99832,6387,106219,218.18,26.03,244.21,48.1,5456,2624,2299.12,15.79,32.71
2024-08,2024,8,95,ยะลา,Yala,ภาคใต้,98634,6278,104912,212.1,24.42,236.51,50.3,5490,2761,2254.37,15.21,27.43
2024-09,2024,9,95,ยะลา,Yala,ภาคใต้,68991,4614,73605,142.02,18.42,160.43,34.9,5571,1944,2179.61,13.8,21.45
2024-10,2024,10,95,ยะลา,Yala,ภาคใต้,75244,4952,80196,164.03,19.22,183.25,38.5,5533,2130,2285.03,7.93,24.85
2024-11,2024,11,95,ยะลา,Yala,ภาคใต้,115496,7741,123237,236.3,30.93,267.23,59.6,5599,3337,2168.42,17.34,25.99
2024-12,2024,12,95,ยะลา,Yala,ภาคใต้,169984,10890,180874,366.23,44.2,410.44,82.4,5558,4579,2269.2,11.91,28.74
2019-01,2019,1,96,นราธิวาส,Narathiwat,ภาคใต้,150515,9911,160426,267.71,32.8,300.5,78.6,5405,4248,1873.14,0.0,0.0
2019-02,2019,2,96,นราธิวาส,Narathiwat,ภาคใต้,143322,8760,152082,246.87,29.89,276.76,76.5,5609,4290,1819.81,0.0,0.0
2019-03,2019,3,96,นราธิวาส,Narathiwat,ภาคใต้,132307,8840,141147,241.19,30.58,271.78,69.2,5536,3830,1925.51,0.0,0.0
2019-04,2019,4,96,นราธิวาส,Narathiwat,ภาคใต้,125428,8006,133434,223.13,26.76,249.89,61.0,5471,3337,1872.76,0.0,0.0
2019-05,2019,5,96,นราธิวาส,Narathiwat,ภาคใต้,91903,5936,97839,160.66,20.16,180.83,48.1,5410,2602,1848.24,0.0,0.0
2019-06,2019,6,96,นราธิวาส,Narathiwat,ภาคใต้,82874,5311,88185,153.72,18.33,172.05,45.3,5471,2478,1951.01,0.0,0.0
2019-07,2019,7,96,นราธิวาส,Narathiwat,ภาคใต้,90064,6050,96114,167.05,19.77,186.81,51.1,5564,2843,1943.63,0.0,0.0
2019-08,2019,8,96,นราธิวาส,Narathiwat,ภาคใต้,100930,6517,107447,174.87,21.88,196.75,50.6,5482,2773,1831.14,0.0,0.0
2019-09,2019,9,96,นราธิวาส,Narathiwat,ภาคใต้,67320,4358,71678,122.56,14.28,136.84,35.9,5434,1950,1909.09,0.0,0.0
2019-10,2019,10,96,นราธิวาส,Narathiwat,ภาคใต้,75591,4732,80323,132.87,15.51,148.38,40.6,5480,2224,1847.29,0.0,0.0
2019-11,2019,11,96,นราธิวาส,Narathiwat,ภาคใต้,111607,7220,118827,207.12,23.99,231.1,60.4,5496,3319,1944.84,0.0,0.0
2019-12,2019,12,96,นราธิวาส,Narathiwat,ภาคใต้,166407,10989,177396,286.89,36.68,323.57,84.4,5605,4730,1824.0,0.0,0.0
2020-01,2020,1,96,นราธิวาส,Narathiwat,ภาคใต้,61237,960,62197,92.36,2.79,95.16,33.7,5459,1839,1529.98,-61.23,-68.33
2020-02,2020,2,96,นราธิวาส,Narathiwat,ภาคใต้,56152,845,56997,84.21,2.41,86.62,31.8,5602,1781,1519.73,-62.52,-68.7
2020-03,2020,3,96,นราธิวาส,Narathiwat,ภาคใต้,54574,834,55408,80.43,2.39,82.81,27.7,5568,1542,1494.55,-60.74,-69.53
2020-04,2020,4,96,นราธิวาส,Narathiwat,ภาคใต้,49478,745,50223,73.31,2.1,75.41,25.9,5459,1413,1501.5,-62.36,-69.82
2020-05,2020,5,96,นราธิวาส,Narathiwat,ภาคใต้,35044,538,35582,52.95,1.52,54.47,20.0,5434,1086,1530.83,-63.63,-69.88
2020-06,2020,6,96,นราธิวาส,Narathiwat,ภาคใต้,33057,502,33559,52.11,1.45,53.55,19.1,5579,1065,1595.7,-61.94,-68.88
2020-07,2020,7,96,นราธิวาส,Narathiwat,ภาคใต้,38855,606,39461,57.64,1.67,59.31,20.6,5510,1135,1503.0,-58.94,-68.25
2020-08,2020,8,96,นราธิวาส,Narathiwat,ภาคใต้,39432,576,40008,58.11,1.7,59.81,21.2,5512,1168,1494.95,-62.76,-69.6
2020-09,2020,9,96,นราธิวาส,Narathiwat,ภาคใต้,25800,374,26174,38.58,1.09,39.66,15.3,5484,839,1515.24,-63.48,-71.02
2020-10,2020,10,96,นราธิวาส,Narathiwat,ภาคใต้,30052,450,30502,44.38,1.33,45.7,16.2,5516,893,1498.26,-62.03,-69.2
2020-11,2020,11,96,นราธิวาส,Narathiwat,ภาคใต้,47957,720,48677,73.77,1.99,75.76,24.7,5494,1357,1556.38,-59.04,-67.22
2020-12,2020,12,96,นราธิวาส,Narathiwat,ภาคใต้,63232,943,64175,95.16,2.71,97.86,36.3,5402,1960,1524.89,-63.82,-69.76
2021-01,2021,1,96,นราธิวาส,Narathiwat,ภาคใต้,40420,236,40656,59.36,0.64,60.0,23.9,5461,1305,1475.8,-34.63,-36.95
2021-02,2021,2,96,นราธิวาส,Narathiwat,ภาคใต้,39226,238,39464,54.02,0.63,54.65,22.3,5412,1206,1384.81,-30.76,-36.91
2021-03,2021,3,96,นราธิวาส,Narathiwat,ภาคใต้,34410,209,34619,48.42,0.57,48.99,20.5,5542,1136,1415.12,-37.52,-40.84
2021-04,2021,4,96,นราธิวาส,Narathiwat,ภาคใต้,33578,196,33774,49.21,0.54,49.75,18.3,5581,1021,1473.03,-32.75,-34.03
2021-05,2021,5,96,นราธิวาส,Narathiwat,ภาคใต้,23973,148,24121,34.41,0.4,34.82,15.0,5585,837,1443.56,-32.21,-36.07
2021-06,2021,6,96,นราธิวาส,Narathiwat,ภาคใต้,22514,142,22656,32.89,0.39,33.29,15.0,5507,826,1469.37,-32.49,-37.83
2021-07,2021,7,96,นราธิวาส,Narathiwat,ภาคใต้,26379,151,26530,38.0,0.41,38.41,15.0,5450,817,1447.79,-32.77,-35.24
2021-08,2021,8,96,นราธิวาส,Narathiwat,ภาคใต้,26054,158,26212,36.58,0.41,36.99,15.1,5477,827,1411.19,-34.48,-38.15
2021-09,2021,9,96,นราธิวาส,Narathiwat,ภาคใต้,18530,113,18643,25.72,0.31,26.04,15.0,5558,833,1396.77,-28.77,-34.34
2021-10,2021,10,96,นราธิวาส,Narathiwat,ภาคใต้,21013,124,21137,29.09,0.33,29.41,15.0,5486,822,1391.4,-30.7,-35.65
2021-11,2021,11,96,นราธิวาส,Narathiwat,ภาคใต้,32772,197,32969,47.93,0.52,48.45,18.4,5596,1029,1469.56,-32.27,-36.05
2021-12,2021,12,96,นราธิวาส,Narathiwat,ภาคใต้,47305,299,47604,65.03,0.81,65.84,25.0,5495,1373,1383.08,-25.82,-32.72
2022-01,2022,1,96,นราธิวาส,Narathiwat,ภาคใต้,104576,3141,107717,179.88,9.74,189.63,53.8,5581,3002,1760.45,164.95,216.05
2022-02,2022,2,96,นราธิวาส,Narathiwat,ภาคใต้,88839,2669,91508,150.7,8.28,158.97,50.9,5418,2757,1737.23,131.88,190.89
2022-03,2022,3,96,นราธิวาส,Narathiwat,ภาคใต้,81161,2314,83475,133.29,7.22,140.52,47.5,5451,2589,1683.38,141.12,186.83
2022-04,2022,4,96,นราธิวาส,Narathiwat,ภาคใต้,72033,2115,74148,126.7,6.71,133.4,42.5,5529,2349,1799.1,119.54,168.14
2022-05,2022,5,96,นราธิวาส,Narathiwat,ภาคใต้,57705,1688,59393,97.49,5.4,102.89,33.1,5543,1834,1732.36,146.23,195.49
2022-06,2022,6,96,นราธิวาส,Narathiwat,ภาคใต้,54289,1551,55840,90.47,5.1,95.57,30.6,5537,1694,1711.5,146.47,187.08
2022-07,2022,7,96,นราธิวาส,Narathiwat,ภาคใต้,64283,1974,66257,108.66,6.49,115.15,34.0,5472,1860,1737.93,149.74,199.79
2022-08,2022,8,96,นราธิวาส,Narathiwat,ภาคใต้,61651,1883,63534,106.54,5.87,112.41,35.8,5393,1930,1769.29,142.39,203.89
2022-09,2022,9,96,นราธิวาส,Narathiwat,ภาคใต้,44397,1273,45670,72.62,4.1,76.71,24.5,5511,1350,1679.66,144.97,194.59
2022-10,2022,10,96,นราธิวาส,Narathiwat,ภาคใต้,50209,1448,51657,87.98,4.61,92.59,27.0,5436,1467,1792.4,144.39,214.82
2022-11,2022,11,96,นราธิวาส,Narathiwat,ภาคใต้,78405,2405,80810,136.99,7.66,144.65,40.8,5562,2269,1790.0,145.11,198.56
2022-12,2022,12,96,นราธิวาส,Narathiwat,ภาคใต้,107498,3344,110842,179.03,10.94,189.96,58.9,5557,3273,1713.79,132.84,188.52
2023-01,2023,1,96,นราธิวาส,Narathiwat,ภาคใต้,132102,6710,138812,257.75,23.5,281.25,74.1,5571,4128,2026.12,28.87,48.32
2023-02,2023,2,96,นราธิวาส,Narathiwat,ภาคใต้,131216,7139,138355,261.69,26.3,287.99,66.5,5403,3592,2081.53,51.19,81.16
2023-03,2023,3,96,นราธิวาส,Narathiwat,ภาคใต้,120617,6392,127009,227.16,23.81,250.97,61.1,5398,3298,1976.0,52.15,78.6
2023-04,2023,4,96,นราธิวาส,Narathiwat,ภาคใต้,106499,5396,111895,202.34,19.83,222.17,55.0,5401,2970,1985.52,50.91,66.54
2023-05,2023,5,96,นราธิวาส,Narathiwat,ภาคใต้,76304,3830,80134,150.29,14.12,164.41,41.7,5479,2284,2051.69,34.92,59.79
2023-06,2023,6,96,นราธิวาส,Narathiwat,ภาคใต้,71704,3827,75531,134.71,14.41,149.12,40.3,5512,2221,1974.29,35.26,56.03
2023-07,2023,7,96,นราธิวาส,Narathiwat,ภาคใต้,81346,4295,85641,156.16,15.94,172.1,43.7,5392,2356,2009.55,29.26,49.46
2023-08,2023,8,96,นราธิวาส,Narathiwat,ภาคใต้,82426,4097,86523,162.26,15.41,177.67,46.9,5397,2531,2053.44,36.18,58.06
2023-09,2023,9,96,นราธิวาส,Narathiwat,ภาคใต้,63541,3206,66747,126.67,11.36,138.04,32.2,5537,1782,2068.11,46.15,79.95
2023-10,2023,10,96,นราธิวาส,Narathiwat,ภาคใต้,69148,3591,72739,136.95,12.59,149.53,36.1,5479,1977,2055.71,40.81,61.5
2023-11,2023,11,96,นราธิวาส,Narathiwat,ภาคใต้,104181,5575,109756,204.23,19.57,223.8,53.3,5416,2886,2039.07,35.82,54.72
2023-12,2023,12,96,นราธิวาส,Narathiwat,ภาคใต้,142128,7366,149494,280.07,27.09,307.16,77.1,5435,4190,2054.66,34.87,61.7
2024-01,2024,1,96,นราธิวาส,Narathiwat,ภาคใต้,163819,10401,174220,331.47,40.28,371.75,80.7,5569,4494,2133.8,25.51,32.18
2024-02,2024,2,96,นราธิวาส,Narathiwat,ภาคใต้,153200,10374,163574,318.28,42.01,360.29,76.8,5596,4297,2202.61,18.23,25.11
2024-03,2024,3,96,นราธิวาส,Narathiwat,ภาคใต้,143236,9449,152685,298.08,36.49,334.57,65.7,5440,3574,2191.24,20.22,33.31
2024-04,2024,4,96,นราธิวาส,Narathiwat,ภาคใต้,120948,8277,129225,261.22,33.53,294.75,62.1,5482,3404,2280.91,15.49,32.67
2024-05,2024,5,96,นราธิวาส,Narathiwat,ภาคใต้,96259,6448,102707,205.25,26.48,231.73,47.8,5413,2587,2256.22,28.17,40.95
2024-06,2024,6,96,นราธิวาส,Narathiwat,ภาคใต้,89885,6214,96099,193.08,25.56,218.64,42.1,5419,2281,2275.15,27.23,46.62
2024-07,2024,7,96,นราธิวาส,Narathiwat,ภาคใต้,99050,6813,105863,204.02,25.95,229.98,49.3,5479,2701,2172.43,23.61,33.63
2024-08,2024,8,96,นราธิวาส,Narathiwat,ภาคใต้,104634,7254,111888,223.82,27.82,251.64,51.6,5436,2804,2249.03,29.32,41.63
2024-09,2024,9,96,นราธิวาส,Narathiwat,ภาคใต้,69454,4590,74044,146.34,18.83,165.17,35.6,5571,1983,2230.7,10.93,19.65
2024-10,2024,10,96,นราธิวาส,Narathiwat,ภาคใต้,81991,5616,87607,169.78,22.69,192.47,39.1,5510,2154,2196.97,20.44,28.72
2024-11,2024,11,96,นราธิวาส,Narathiwat,ภาคใต้,129136,8951,138087,265.68,36.36,302.04,58.0,5487,3182,2187.32,25.81,34.96
2024-12,2024,12,96,นราธิวาส,Narathiwat,ภาคใต้,175328,11183,186511,382.03,44.34,426.38,83.9,5563,4667,2286.09,24.76,38.81
